timestamp [UTC],airTemperature__dwd [°C],airTemperature__noaa [°C],airTemperature__sg [°C],airTemperature1000hpa__noaa [°C],airTemperature1000hpa__sg [°C],airTemperature100m__noaa [°C],airTemperature100m__sg [°C],airTemperature200hpa__noaa [°C],airTemperature200hpa__sg [°C],airTemperature500hpa__noaa [°C],airTemperature500hpa__sg [°C],airTemperature800hpa__noaa [°C],airTemperature800hpa__sg [°C],airTemperature80m__noaa [°C],airTemperature80m__sg [°C],cloudCover__dwd [%],cloudCover__noaa [%],cloudCover__sg [%],currentDirection__fcoo [°],currentDirection__meto [°],currentDirection__sg [°],currentSpeed__fcoo [m/s],currentSpeed__meto [m/s],currentSpeed__sg [m/s],gust__dwd [m/s],gust__noaa [m/s],gust__sg [m/s],humidity__dwd [%],humidity__noaa [%],humidity__sg [%],iceCover__noaa [%],iceCover__sg [%],precipitation__dwd [mm/h],precipitation__noaa [mm/h],precipitation__sg [mm/h],pressure__dwd [hPa],pressure__noaa [hPa],pressure__sg [hPa],seaLevel__meto [m],seaLevel__sg [m],secondarySwellDirection__noaa [°],secondarySwellDirection__sg [°],secondarySwellHeight__noaa [m],secondarySwellHeight__sg [m],secondarySwellPeriod__noaa [s],secondarySwellPeriod__sg [s],snowDepth__noaa [m],snowDepth__sg [m],swellDirection__dwd [°],swellDirection__icon [°],swellDirection__meteo [°],swellDirection__meto [°],swellDirection__noaa [°],swellDirection__sg [°],swellHeight__dwd [m],swellHeight__icon [m],swellHeight__meteo [m],swellHeight__meto [m],swellHeight__noaa [m],swellHeight__sg [m],swellPeriod__dwd [s],swellPeriod__icon [s],swellPeriod__meteo [s],swellPeriod__meto [s],swellPeriod__noaa [s],swellPeriod__sg [s],visibility__noaa [km],visibility__sg [km],waterTemperature__meto [°C],waterTemperature__noaa [°C],waterTemperature__sg [°C],waveDirection__fcoo [°],waveDirection__icon [°],waveDirection__meteo [°],waveDirection__meto [°],waveDirection__noaa [°],waveDirection__sg [°],waveHeight__dwd [m],waveHeight__fcoo [m],waveHeight__icon [m],waveHeight__meteo [m],waveHeight__meto [m],waveHeight__noaa [m],waveHeight__sg [m],wavePeriod__fcoo [s],wavePeriod__icon [s],wavePeriod__meteo [s],wavePeriod__meto [s],wavePeriod__noaa [s],wavePeriod__sg [s],windDirection__icon [°],windDirection__noaa [°],windDirection__sg [°],windDirection1000hpa__noaa [°],windDirection1000hpa__sg [°],windDirection100m__noaa [°],windDirection100m__sg [°],windDirection200hpa__noaa [°],windDirection200hpa__sg [°],windDirection20m__noaa [°],windDirection20m__sg [°],windDirection30m__noaa [°],windDirection30m__sg [°],windDirection40m__noaa [°],windDirection40m__sg [°],windDirection500hpa__noaa [°],windDirection500hpa__sg [°],windDirection50m__noaa [°],windDirection50m__sg [°],windDirection800hpa__noaa [°],windDirection800hpa__sg [°],windDirection80m__noaa [°],windDirection80m__sg [°],windSpeed__icon [m/s],windSpeed__noaa [m/s],windSpeed__sg [m/s],windSpeed1000hpa__noaa [m/s],windSpeed1000hpa__sg [m/s],windSpeed100m__noaa [m/s],windSpeed100m__sg [m/s],windSpeed200hpa__noaa [m/s],windSpeed200hpa__sg [m/s],windSpeed20m__noaa [m/s],windSpeed20m__sg [m/s],windSpeed30m__noaa [m/s],windSpeed30m__sg [m/s],windSpeed40m__noaa [m/s],windSpeed40m__sg [m/s],windSpeed500hpa__noaa [m/s],windSpeed500hpa__sg [m/s],windSpeed50m__noaa [m/s],windSpeed50m__sg [m/s],windSpeed800hpa__noaa [m/s],windSpeed800hpa__sg [m/s],windSpeed80m__noaa [m/s],windSpeed80m__sg [m/s],windWaveDirection__dwd [°],windWaveDirection__icon [°],windWaveDirection__meteo [°],windWaveDirection__meto [°],windWaveDirection__noaa [°],windWaveDirection__sg [°],windWaveHeight__dwd [m],windWaveHeight__icon [m],windWaveHeight__meteo [m],windWaveHeight__meto [m],windWaveHeight__noaa [m],windWaveHeight__sg [m],windWavePeriod__dwd [s],windWavePeriod__icon [s],windWavePeriod__meteo [s],windWavePeriod__meto [s],windWavePeriod__noaa [s],windWavePeriod__sg [s]
2023-06-16T01:00:00+00:00,17.09,16.89,17.09,17.32,17.32,16.84,16.84,-52.06,-52.06,-17.67,-17.67,4.78,4.78,16.78,16.78,0.85,92.6,0.85,198.33,88.82,198.33,0.25,0.19,0.25,6.03,6.84,6.03,87.52,81.73,87.52,0.0,0.0,0.0,0.0,0.0,1019.43,1019.36,1019.43,0.41,0.41,342.99,342.99,0.14,0.14,5.16,5.16,0.0,0.0,19.51,30.22,24.62,330.0,356.31,330.0,0.32,0.4,0.46,0.16,0.23,0.16,3.55,3.86,3.18,3.28,5.58,3.28,24.13,24.13,19.22,16.09,19.22,65.4,29.45,22.43,17.7,15.44,65.4,0.4,0.54,0.46,0.51,0.48,0.47,0.54,3.17,3.46,2.93,2.73,4.09,3.17,25.71,51.34,25.71,89.98,89.98,89.97,89.97,270.05,270.05,89.95,89.95,89.95,89.95,89.95,89.95,270.07,270.07,89.96,89.96,270.0,270.0,89.96,89.96,4.54,5.71,4.54,6.81,6.81,6.12,6.12,11.78,11.78,4.65,4.65,4.87,4.87,5.06,5.06,5.29,5.29,5.24,5.24,2.89,2.89,5.74,5.74,27.52,26.65,13.52,22.2,15.92,22.2,0.25,0.23,0.21,0.45,0.47,0.45,2.24,2.15,2.01,2.95,4.09,2.95
2023-06-16T02:00:00+00:00,17.12,16.82,17.12,16.74,16.74,16.63,16.63,-51.98,-51.98,-17.83,-17.83,4.64,4.64,16.65,16.65,0.0,96.3,0.0,122.82,87.54,122.82,0.36,0.19,0.36,5.76,6.45,5.76,87.59,81.07,87.59,0.0,0.0,0.0,0.0,0.0,1018.97,1019.35,1018.97,0.41,0.41,345.88,345.88,0.17,0.17,5.89,5.89,0.0,0.0,19.49,29.31,22.17,332.5,3.27,332.5,0.3,0.38,0.43,0.17,0.23,0.17,3.5,3.87,3.14,3.29,3.92,3.29,24.13,24.13,19.18,16.11,19.18,66.83,28.17,19.68,18.0,15.34,66.83,0.37,0.5,0.44,0.48,0.46,0.45,0.5,3.1,3.45,2.93,2.69,4.03,3.1,23.05,53.89,23.05,89.98,89.98,89.97,89.97,270.04,270.04,89.96,89.96,89.96,89.96,89.96,89.96,270.06,270.06,89.97,89.97,270.02,270.02,89.97,89.97,4.46,5.58,4.46,6.38,6.38,5.86,5.86,12.01,12.01,4.68,4.68,4.89,4.89,5.05,5.05,5.38,5.38,5.2,5.2,2.52,2.52,5.6,5.6,25.6,23.93,6.81,24.3,14.61,24.3,0.23,0.21,0.18,0.43,0.45,0.43,2.16,2.08,1.9,2.88,4.03,2.88
2023-06-16T03:00:00+00:00,17.14,16.75,17.14,16.16,16.16,16.42,16.42,-51.9,-51.9,-18.0,-18.0,4.49,4.49,16.52,16.52,0.37,100.0,0.37,102.23,87.47,102.23,0.7,0.18,0.7,5.73,6.06,5.73,84.49,80.4,84.49,0.0,0.0,0.0,0.0,0.0,1018.55,1019.34,1018.55,0.41,0.41,348.77,348.77,0.21,0.21,6.62,6.62,0.0,0.0,19.46,28.41,19.73,10.0,10.24,10.0,0.29,0.36,0.41,0.3,0.23,0.3,3.47,3.87,3.11,3.62,2.25,3.62,24.14,24.14,19.13,16.12,19.13,68.37,26.9,16.92,16.4,15.23,68.37,0.35,0.47,0.41,0.44,0.43,0.42,0.47,3.04,3.45,2.94,2.75,3.97,3.04,20.4,56.44,20.4,89.98,89.98,89.97,89.97,270.04,270.04,89.96,89.96,89.96,89.96,89.96,89.96,270.06,270.06,89.97,89.97,270.03,270.03,89.97,89.97,4.37,5.46,4.37,5.96,5.96,5.59,5.59,12.24,12.24,4.71,4.71,4.91,4.91,5.04,5.04,5.46,5.46,5.16,5.16,2.15,2.15,5.46,5.46,23.28,21.2,0.11,21.7,13.31,21.7,0.21,0.2,0.14,0.3,0.42,0.3,2.06,2.02,1.79,2.51,3.97,2.51
2023-06-16T04:00:00+00:00,17.11,16.55,17.11,15.85,15.85,16.08,16.08,-52.0,-52.0,-18.04,-18.04,4.35,4.35,16.18,16.18,10.45,66.93,10.45,96.34,88.29,96.34,0.91,0.16,0.91,5.71,6.51,5.71,84.16,79.57,84.16,0.0,0.0,0.0,0.0,0.0,1018.82,1019.53,1018.82,0.41,0.41,357.88,357.88,0.22,0.22,5.63,5.63,0.0,0.0,19.29,27.34,18.8,15.6,11.61,15.6,0.27,0.35,0.39,0.33,0.28,0.33,3.48,3.86,3.1,3.51,2.82,3.51,24.14,24.14,19.1,16.11,19.1,69.64,25.55,15.95,12.1,14.83,69.64,0.33,0.44,0.4,0.42,0.39,0.4,0.44,2.96,3.44,2.92,2.84,3.89,2.96,18.03,61.85,18.03,89.98,89.98,89.97,89.97,270.04,270.04,89.97,89.97,89.97,89.97,89.97,89.97,270.06,270.06,89.97,89.97,270.04,270.04,89.97,89.97,4.29,5.73,4.29,6.4,6.4,6.12,6.12,12.79,12.79,5.21,5.21,5.44,5.44,5.58,5.58,5.47,5.47,5.7,5.7,1.74,1.74,5.99,5.99,20.46,18.82,0.24,4.1,12.08,4.1,0.2,0.19,0.14,0.18,0.4,0.18,2.04,2.0,1.77,2.12,3.89,2.12
2023-06-16T05:00:00+00:00,17.2,16.36,17.2,15.53,15.53,15.74,15.74,-52.1,-52.1,-18.07,-18.07,4.2,4.2,15.85,15.85,12.54,33.87,12.54,81.35,89.55,81.35,0.0,0.15,0.0,5.54,6.95,5.54,84.41,78.73,84.41,0.0,0.0,0.0,0.0,0.0,1019.05,1019.72,1019.05,0.41,0.41,6.99,6.99,0.22,0.22,4.64,4.64,0.0,0.0,18.82,26.28,17.88,9.3,12.97,9.3,0.27,0.33,0.38,0.32,0.33,0.32,3.45,3.86,3.09,3.51,3.4,3.51,24.14,24.14,19.08,16.09,19.08,70.5,24.21,14.98,7.2,14.42,70.5,0.32,0.43,0.38,0.41,0.36,0.38,0.43,2.92,3.42,2.91,2.87,3.8,2.92,15.65,67.27,15.65,89.99,89.99,89.98,89.98,270.04,270.04,89.97,89.97,89.97,89.97,89.97,89.97,270.07,270.07,89.98,89.98,270.04,270.04,89.98,89.98,4.22,6.0,4.22,6.85,6.85,6.64,6.64,13.35,13.35,5.72,5.72,5.96,5.96,6.11,6.11,5.47,5.47,6.24,6.24,1.32,1.32,6.53,6.53,18.31,16.45,0.38,1.7,10.86,1.7,0.2,0.19,0.13,0.17,0.38,0.17,2.02,1.97,1.76,2.14,3.8,2.14
2023-06-16T06:00:00+00:00,17.4,16.16,17.4,15.22,15.22,15.4,15.4,-52.2,-52.2,-18.11,-18.11,4.06,4.06,15.52,15.52,0.0,0.8,0.0,66.35,92.03,66.35,0.49,0.13,0.49,5.38,7.4,5.38,84.55,77.9,84.55,0.0,0.0,0.0,0.0,0.0,1019.38,1019.91,1019.38,0.41,0.41,16.1,16.1,0.23,0.23,3.65,3.65,0.0,0.0,18.23,25.21,16.95,3.8,14.34,3.8,0.26,0.32,0.36,0.31,0.38,0.31,3.35,3.85,3.08,3.44,3.97,3.44,24.14,24.14,19.09,16.07,19.09,71.12,22.86,14.01,3.0,14.02,71.12,0.31,0.41,0.37,0.39,0.35,0.36,0.41,2.93,3.41,2.89,2.85,3.72,2.93,13.28,72.68,13.28,89.99,89.99,89.98,89.98,270.04,270.04,89.98,89.98,89.98,89.98,89.98,89.98,270.07,270.07,89.98,89.98,270.05,270.05,89.98,89.98,4.14,6.27,4.14,7.29,7.29,7.17,7.17,13.9,13.9,6.22,6.22,6.49,6.49,6.65,6.65,5.48,5.48,6.78,6.78,0.91,0.91,7.06,7.06,15.87,14.07,0.51,1.7,9.63,1.7,0.17,0.18,0.13,0.15,0.36,0.15,1.9,1.95,1.74,1.99,3.72,1.99
2023-06-16T07:00:00+00:00,17.54,16.25,17.54,15.54,15.54,15.57,15.57,-52.5,-52.5,-18.06,-18.06,4.04,4.04,15.67,15.67,0.0,0.53,0.0,63.27,94.43,63.27,0.49,0.12,0.49,5.08,7.08,5.08,85.07,76.67,85.07,0.0,0.0,0.0,0.0,0.0,1019.39,1020.07,1019.39,0.41,0.41,16.43,16.43,0.21,0.21,3.61,3.61,0.0,0.0,16.89,23.96,16.04,0.5,11.51,0.5,0.26,0.32,0.35,0.29,0.35,0.29,3.24,3.79,3.02,3.36,3.82,3.36,24.13,24.13,19.13,16.08,19.13,70.84,22.15,13.47,0.9,13.36,70.84,0.29,0.4,0.35,0.37,0.32,0.34,0.4,2.96,3.44,2.91,2.8,3.66,2.96,12.4,68.11,12.4,89.99,89.99,89.98,89.98,270.04,270.04,89.98,89.98,89.98,89.98,89.98,89.98,270.08,270.08,89.98,89.98,270.04,270.04,89.98,89.98,3.89,5.95,3.89,6.84,6.84,6.7,6.7,14.54,14.54,5.73,5.73,5.98,5.98,6.14,6.14,5.32,5.32,6.27,6.27,1.0,1.0,6.57,6.57,15.18,12.61,349.41,4.3,11.76,4.3,0.14,0.15,0.09,0.13,0.36,0.13,1.74,1.82,1.16,1.93,3.79,1.93
2023-06-16T08:00:00+00:00,17.76,16.33,17.76,15.86,15.86,15.73,15.73,-52.8,-52.8,-18.01,-18.01,4.03,4.03,15.82,15.82,0.71,0.27,0.71,60.19,95.6,60.19,0.5,0.11,0.5,4.86,6.77,4.86,85.04,75.43,85.04,0.0,0.0,0.0,0.0,0.0,1019.36,1020.23,1019.36,0.41,0.41,16.76,16.76,0.2,0.2,3.56,3.56,0.0,0.0,15.74,22.72,15.14,0.1,8.69,0.1,0.25,0.31,0.34,0.28,0.32,0.28,3.17,3.74,2.97,3.28,3.68,3.28,24.13,24.13,19.21,16.1,19.21,69.61,21.43,12.93,0.3,12.69,69.61,0.27,0.4,0.34,0.36,0.3,0.31,0.4,2.98,3.46,2.93,2.79,3.59,2.98,11.53,63.54,11.53,89.98,89.98,89.97,89.97,270.04,270.04,89.97,89.97,89.97,89.97,89.97,89.97,270.08,270.08,89.97,89.97,270.03,270.03,89.97,89.97,3.63,5.63,3.63,6.39,6.39,6.22,6.22,15.18,15.18,5.24,5.24,5.47,5.47,5.63,5.63,5.17,5.17,5.77,5.77,1.09,1.09,6.09,6.09,13.89,11.16,338.31,4.2,13.89,4.2,0.11,0.13,0.04,0.1,0.36,0.1,1.64,1.7,0.58,1.77,3.85,1.77
2023-06-16T09:00:00+00:00,17.93,16.41,17.93,16.17,16.17,15.89,15.89,-53.1,-53.1,-17.97,-17.97,4.01,4.01,15.97,15.97,0.0,0.0,0.0,57.12,97.42,57.12,0.5,0.1,0.5,5.27,6.45,5.27,82.96,74.2,82.96,0.0,0.0,0.0,0.0,0.0,1019.45,1020.38,1019.45,0.41,0.41,17.09,17.09,0.18,0.18,3.52,3.52,0.0,0.0,14.81,21.47,14.23,359.6,5.86,359.6,0.23,0.31,0.33,0.26,0.29,0.26,3.16,3.68,2.91,3.27,3.53,3.27,24.13,24.13,19.33,16.11,19.33,68.57,20.72,12.39,359.0,12.03,68.57,0.25,0.41,0.32,0.34,0.28,0.29,0.41,2.98,3.49,2.95,2.79,3.53,2.98,10.65,58.97,10.65,89.98,89.98,89.97,89.97,270.04,270.04,89.97,89.97,89.97,89.97,89.97,89.97,270.09,270.09,89.97,89.97,270.02,270.02,89.97,89.97,3.38,5.31,3.38,5.94,5.94,5.75,5.75,15.82,15.82,4.75,4.75,4.96,4.96,5.12,5.12,5.01,5.01,5.26,5.26,1.18,1.18,5.6,5.6,10.12,9.7,327.21,357.7,16.02,357.7,0.1,0.1,0.0,0.1,0.36,0.1,1.56,1.57,0.0,1.73,3.92,1.73
2023-06-16T10:00:00+00:00,18.02,16.58,18.02,16.59,16.59,16.2,16.2,-53.12,-53.12,-17.85,-17.85,4.14,4.14,16.23,16.23,0.0,0.0,0.0,54.04,95.92,54.04,0.51,0.1,0.51,5.87,6.57,5.87,81.35,73.8,81.35,0.0,0.0,0.0,0.0,0.0,1019.22,1020.34,1019.22,0.41,0.41,16.94,16.94,0.17,0.17,3.46,3.46,0.0,0.0,14.43,20.96,14.6,359.1,0.89,359.1,0.21,0.3,0.32,0.24,0.28,0.24,3.24,3.71,2.95,3.45,4.57,3.45,24.13,24.13,19.43,16.22,19.43,68.44,19.89,12.16,358.2,12.3,68.44,0.25,0.4,0.31,0.33,0.28,0.28,0.4,2.99,3.47,2.96,2.83,3.51,2.99,9.79,49.66,9.79,89.97,89.97,89.95,89.95,270.04,270.04,89.95,89.95,89.95,89.95,89.95,89.95,270.08,270.08,89.95,89.95,270.02,270.02,89.95,89.95,3.5,5.5,3.5,5.38,5.38,5.2,5.2,16.55,16.55,4.23,4.23,4.42,4.42,4.57,4.57,5.0,5.0,4.71,4.71,1.76,1.76,5.04,5.04,7.01,9.05,333.2,357.6,11.71,357.6,0.12,0.11,0.03,0.13,0.33,0.13,1.71,1.62,0.54,2.04,3.77,2.04
2023-06-16T11:00:00+00:00,18.12,16.76,18.12,17.0,17.0,16.51,16.51,-53.15,-53.15,-17.73,-17.73,4.26,4.26,16.48,16.48,0.0,0.0,0.0,50.96,90.34,50.96,0.51,0.1,0.51,6.3,6.7,6.3,79.17,73.4,79.17,0.0,0.0,0.0,0.0,0.0,1019.22,1020.29,1019.22,0.41,0.41,16.8,16.8,0.15,0.15,3.4,3.4,0.0,0.0,14.66,20.46,14.97,358.4,355.93,358.4,0.19,0.28,0.3,0.16,0.26,0.16,3.4,3.74,2.98,3.71,5.6,3.71,24.13,24.13,19.52,16.34,19.52,69.18,19.07,11.93,0.2,12.58,69.18,0.25,0.4,0.31,0.32,0.29,0.27,0.4,2.98,3.44,2.97,2.86,3.48,2.98,8.94,40.35,8.94,89.95,89.95,89.94,89.94,270.03,270.03,89.93,89.93,89.93,89.93,89.93,89.93,270.08,270.08,89.93,89.93,270.01,270.01,89.94,89.94,3.62,5.69,3.62,4.83,4.83,4.64,4.64,17.28,17.28,3.7,3.7,3.88,3.88,4.02,4.02,5.0,5.0,4.15,4.15,2.33,2.33,4.47,4.47,5.81,8.41,339.19,1.7,7.4,1.7,0.16,0.11,0.05,0.23,0.29,0.23,1.9,1.66,1.09,2.77,3.61,2.77
2023-06-16T12:00:00+00:00,20.5,16.93,20.5,17.41,17.41,16.82,16.82,-53.17,-53.17,-17.62,-17.62,4.39,4.39,16.73,16.73,0.0,0.0,0.0,47.88,84.69,47.88,0.52,0.11,0.52,7.9,6.82,7.9,64.25,73.0,64.25,0.0,0.0,0.0,0.0,0.0,1019.32,1020.24,1019.32,0.41,0.41,16.65,16.65,0.14,0.14,3.34,3.34,0.0,0.0,9.22,19.95,15.34,4.5,350.96,4.5,0.19,0.27,0.29,0.11,0.25,0.11,3.9,3.77,3.02,3.65,6.64,3.65,24.13,24.13,19.6,16.45,19.6,68.03,18.24,11.7,3.8,12.85,68.03,0.26,0.42,0.3,0.31,0.29,0.26,0.42,2.91,3.42,2.98,2.68,3.46,2.91,8.08,31.04,8.08,89.94,89.94,89.92,89.92,270.03,270.03,89.91,89.91,89.91,89.91,89.91,89.91,270.07,270.07,89.91,89.91,270.01,270.01,89.92,89.92,3.74,5.88,3.74,4.27,4.27,4.09,4.09,18.01,18.01,3.18,3.18,3.34,3.34,3.47,3.47,4.99,4.99,3.6,3.6,2.91,2.91,3.91,3.91,6.19,7.76,345.18,4.7,3.09,4.7,0.19,0.12,0.08,0.26,0.26,0.26,1.94,1.71,1.63,2.79,3.46,2.79
2023-06-16T13:00:00+00:00,20.45,16.96,20.45,17.21,17.21,16.77,16.77,-53.48,-53.48,-17.53,-17.53,4.73,4.73,16.72,16.72,0.0,0.0,0.0,44.81,80.44,44.81,0.52,0.12,0.52,8.52,7.63,8.52,62.36,72.87,62.36,0.0,0.0,0.0,0.0,0.0,1019.11,1020.06,1019.11,0.41,0.41,18.1,18.1,0.12,0.12,3.85,3.85,0.0,0.0,10.99,20.07,15.18,11.5,316.67,11.5,0.17,0.25,0.28,0.11,0.19,0.11,4.4,3.9,3.0,3.86,5.75,3.86,24.13,24.13,19.66,16.5,19.66,66.26,17.71,11.45,5.5,13.21,66.26,0.3,0.47,0.31,0.3,0.31,0.28,0.47,2.9,3.31,2.96,2.43,3.44,2.9,9.49,29.09,9.49,89.92,89.92,89.91,89.91,270.03,270.03,89.9,89.9,89.9,89.9,89.9,89.9,270.06,270.06,89.9,89.9,270.01,270.01,89.91,89.91,4.1,6.37,4.1,4.35,4.35,4.13,4.13,18.33,18.33,3.22,3.22,3.39,3.39,3.52,3.52,5.46,5.46,3.65,3.65,3.33,3.33,3.95,3.95,7.29,9.74,348.34,6.4,5.21,6.4,0.25,0.16,0.08,0.28,0.28,0.28,2.23,1.89,1.62,2.58,3.44,2.58
2023-06-16T14:00:00+00:00,20.08,17.0,20.08,17.01,17.01,16.71,16.71,-53.8,-53.8,-17.45,-17.45,5.08,5.08,16.71,16.71,0.0,0.0,0.0,41.73,78.18,41.73,0.53,0.14,0.53,8.59,8.45,8.59,64.13,72.73,64.13,0.0,0.0,0.0,0.0,0.0,1018.73,1019.88,1018.73,0.41,0.41,19.56,19.56,0.09,0.09,4.36,4.36,0.0,0.0,7.0,20.2,15.01,14.6,282.39,14.6,0.16,0.24,0.27,0.11,0.13,0.11,4.84,4.02,2.99,4.02,4.86,4.02,24.13,24.13,19.71,16.56,19.71,65.17,17.19,11.19,6.6,13.56,65.17,0.35,0.51,0.32,0.3,0.32,0.3,0.51,2.93,3.2,2.94,2.4,3.41,2.93,10.89,27.15,10.89,89.91,89.91,89.9,89.9,270.04,270.04,89.89,89.89,89.89,89.89,89.89,89.89,270.06,270.06,89.89,89.89,270.0,270.0,89.9,89.9,4.45,6.86,4.45,4.42,4.42,4.17,4.17,18.66,18.66,3.26,3.26,3.44,3.44,3.57,3.57,5.92,5.92,3.69,3.69,3.76,3.76,3.99,3.99,11.02,11.72,351.5,7.6,7.33,7.6,0.32,0.21,0.08,0.29,0.3,0.29,2.41,2.06,1.6,2.51,3.42,2.51
2023-06-16T15:00:00+00:00,19.74,17.04,19.74,16.81,16.81,16.66,16.66,-54.11,-54.11,-17.37,-17.37,5.43,5.43,16.7,16.7,0.0,0.0,0.0,38.65,78.19,38.65,0.53,0.16,0.53,8.56,9.26,8.56,62.8,72.6,62.8,0.0,0.0,0.0,0.0,0.0,1018.75,1019.7,1018.75,0.41,0.41,21.01,21.01,0.07,0.07,4.87,4.87,0.0,0.0,1.7,20.32,14.85,17.6,248.1,17.6,0.15,0.22,0.26,0.13,0.07,0.13,4.98,4.15,2.97,3.93,3.97,3.93,24.13,24.13,19.76,16.61,19.76,64.01,16.66,10.94,9.4,13.92,64.01,0.41,0.53,0.33,0.29,0.33,0.32,0.53,2.95,3.09,2.92,2.45,3.39,2.95,12.3,25.2,12.3,89.89,89.89,89.89,89.89,270.04,270.04,89.88,89.88,89.88,89.88,89.88,89.88,270.05,270.05,89.88,89.88,270.0,270.0,89.89,89.89,4.81,7.35,4.81,4.5,4.5,4.21,4.21,18.98,18.98,3.3,3.3,3.49,3.49,3.62,3.62,6.39,6.39,3.74,3.74,4.18,4.18,4.03,4.03,14.19,13.7,354.66,10.1,9.45,10.1,0.38,0.25,0.08,0.29,0.32,0.29,2.56,2.24,1.59,2.52,3.4,2.52
2023-06-16T16:00:00+00:00,19.4,16.98,19.4,16.65,16.65,16.6,16.6,-54.2,-54.2,-17.28,-17.28,5.55,5.55,16.66,16.66,0.0,0.0,0.0,35.57,79.55,35.57,0.54,0.17,0.54,8.16,9.21,8.16,62.95,72.7,62.95,0.0,0.0,0.0,0.0,0.0,1018.31,1019.57,1018.31,0.41,0.41,20.9,20.9,0.08,0.08,4.28,4.28,0.0,0.0,358.61,19.39,15.42,34.8,283.29,34.8,0.18,0.22,0.25,0.16,0.13,0.16,4.59,4.11,2.99,3.31,4.82,3.31,24.14,24.14,19.79,16.51,19.79,63.42,18.13,11.6,12.9,14.84,63.42,0.43,0.54,0.35,0.3,0.34,0.34,0.54,2.94,3.06,2.76,2.5,3.37,2.94,15.91,27.1,15.91,89.9,89.9,89.9,89.9,270.04,270.04,89.89,89.89,89.89,89.89,89.89,89.89,270.05,270.05,89.89,89.89,270.0,270.0,89.9,89.9,4.88,7.22,4.88,4.65,4.65,4.36,4.36,19.45,19.45,3.46,3.46,3.65,3.65,3.78,3.78,6.4,6.4,3.9,3.9,4.42,4.42,4.19,4.19,17.91,16.75,2.39,8.7,11.61,8.7,0.4,0.27,0.12,0.29,0.34,0.29,2.62,2.32,1.69,2.54,3.38,2.54
2023-06-16T17:00:00+00:00,19.11,16.92,19.11,16.49,16.49,16.55,16.55,-54.29,-54.29,-17.19,-17.19,5.68,5.68,16.62,16.62,0.0,0.0,0.0,32.5,81.84,32.5,0.54,0.17,0.54,7.58,9.17,7.58,63.81,72.8,63.81,0.0,0.0,0.0,0.0,0.0,1018.0,1019.44,1018.0,0.41,0.41,20.79,20.79,0.08,0.08,3.68,3.68,0.0,0.0,0.11,18.45,15.98,355.9,318.48,355.9,0.22,0.23,0.23,0.12,0.2,0.12,4.27,4.08,3.02,3.04,5.67,3.04,24.14,24.14,19.78,16.4,19.78,62.4,19.61,12.26,11.5,15.76,62.4,0.45,0.54,0.38,0.3,0.36,0.37,0.54,2.94,3.03,2.6,2.49,3.36,2.94,19.51,28.99,19.51,89.9,89.9,89.9,89.9,270.03,270.03,89.89,89.89,89.89,89.89,89.9,89.9,270.06,270.06,89.9,89.9,269.99,269.99,89.9,89.9,4.96,7.1,4.96,4.79,4.79,4.52,4.52,19.93,19.93,3.61,3.61,3.82,3.82,3.95,3.95,6.41,6.41,4.05,4.05,4.66,4.66,4.34,4.34,21.2,19.81,10.13,13.6,13.77,13.6,0.39,0.3,0.15,0.33,0.36,0.33,2.63,2.39,1.79,2.65,3.36,2.65
2023-06-16T18:00:00+00:00,18.97,16.86,18.97,16.34,16.34,16.5,16.5,-54.38,-54.38,-17.1,-17.1,5.8,5.8,16.58,16.58,0.0,0.0,0.0,29.42,84.76,29.42,0.55,0.17,0.55,6.73,9.12,6.73,62.68,72.9,62.68,0.0,0.0,0.0,0.0,0.0,1017.51,1019.31,1017.51,0.41,0.41,20.68,20.68,0.09,0.09,3.09,3.09,0.0,0.0,7.17,17.52,16.55,342.4,353.67,342.4,0.3,0.23,0.22,0.13,0.26,0.13,3.84,4.04,3.04,3.11,6.52,3.11,24.14,24.14,19.75,16.3,19.75,60.62,21.08,12.92,8.8,16.68,60.62,0.44,0.55,0.4,0.31,0.39,0.39,0.55,2.97,3.0,2.44,2.5,3.34,2.97,23.12,30.89,23.12,89.91,89.91,89.91,89.91,270.03,270.03,89.9,89.9,89.9,89.9,89.91,89.91,270.06,270.06,89.91,89.91,269.99,269.99,89.91,89.91,5.03,6.97,5.03,4.94,4.94,4.67,4.67,20.4,20.4,3.77,3.77,3.98,3.98,4.11,4.11,6.42,6.42,4.21,4.21,4.9,4.9,4.5,4.5,25.06,22.86,17.86,11.6,15.93,11.6,0.32,0.32,0.19,0.36,0.38,0.36,2.47,2.47,1.89,2.66,3.34,2.66
2023-06-16T19:00:00+00:00,18.58,16.79,18.58,16.22,16.22,16.39,16.39,-54.95,-54.95,-16.99,-16.99,5.86,5.86,16.47,16.47,0.39,1.67,0.39,26.34,88.58,26.34,0.55,0.18,0.55,6.17,8.39,6.17,66.63,73.8,66.63,0.0,0.0,0.0,0.0,0.0,1017.38,1019.39,1017.38,0.41,0.41,21.42,21.42,0.08,0.08,3.06,3.06,0.0,0.0,10.03,17.55,16.57,311.0,354.42,311.0,0.32,0.24,0.23,0.11,0.26,0.11,3.73,3.99,3.01,2.69,6.49,2.69,24.14,24.14,19.7,16.2,19.7,58.14,22.75,14.97,8.7,17.0,58.14,0.42,0.56,0.41,0.33,0.43,0.4,0.56,2.99,3.02,2.46,2.52,3.39,2.99,25.99,33.75,25.99,89.92,89.92,89.92,89.92,270.03,270.03,89.91,89.91,89.91,89.91,89.92,89.92,270.06,270.06,89.92,89.92,269.99,269.99,89.92,89.92,5.05,6.38,5.05,4.81,4.81,4.56,4.56,21.96,21.96,3.67,3.67,3.86,3.86,3.99,3.99,6.2,6.2,4.1,4.1,5.47,5.47,4.39,4.39,27.17,25.66,20.93,12.5,16.77,12.5,0.27,0.32,0.21,0.41,0.39,0.41,2.31,2.48,1.96,2.73,3.39,2.73
2023-06-16T20:00:00+00:00,17.97,16.71,17.97,16.1,16.1,16.29,16.29,-55.52,-55.52,-16.88,-16.88,5.91,5.91,16.37,16.37,0.06,3.33,0.06,23.26,92.03,23.26,0.56,0.18,0.56,6.04,7.67,6.04,68.32,74.7,68.32,0.0,0.0,0.0,0.0,0.0,1017.29,1019.46,1017.29,0.41,0.41,22.15,22.15,0.07,0.07,3.04,3.04,0.0,0.0,4.97,17.58,16.6,320.0,355.18,320.0,0.29,0.25,0.25,0.14,0.27,0.14,3.83,3.95,2.97,2.78,6.45,2.78,24.14,24.14,19.63,16.1,19.63,55.71,24.43,17.01,11.4,17.33,55.71,0.41,0.56,0.41,0.35,0.47,0.4,0.56,2.99,3.03,2.47,2.59,3.44,2.99,28.87,36.61,28.87,89.92,89.92,89.92,89.92,270.02,270.02,89.92,89.92,89.92,89.92,89.92,89.92,270.06,270.06,89.92,89.92,269.99,269.99,89.92,89.92,5.07,5.79,5.07,4.68,4.68,4.45,4.45,23.52,23.52,3.56,3.56,3.73,3.73,3.86,3.86,5.99,5.99,3.99,3.99,6.04,6.04,4.29,4.29,30.67,28.46,24.0,16.3,17.61,16.3,0.3,0.33,0.22,0.44,0.4,0.44,2.44,2.5,2.03,2.8,3.44,2.8
2023-06-16T21:00:00+00:00,17.58,16.64,17.58,15.98,15.98,16.19,16.19,-56.09,-56.09,-16.76,-16.76,5.97,5.97,16.27,16.27,61.22,5.0,61.22,20.19,94.19,20.19,0.56,0.18,0.56,5.71,6.94,5.71,67.41,75.6,67.41,0.0,0.0,0.0,0.0,0.0,1017.08,1019.54,1017.08,0.41,0.41,22.89,22.89,0.06,0.06,3.01,3.01,0.0,0.0,6.46,17.61,16.62,327.8,355.93,327.8,0.31,0.26,0.26,0.16,0.27,0.16,3.67,3.9,2.94,2.96,6.42,2.96,24.13,24.13,19.56,16.0,19.56,53.6,26.1,19.06,11.8,17.65,53.6,0.41,0.55,0.42,0.37,0.46,0.41,0.55,2.98,3.05,2.49,2.58,3.49,2.98,31.74,39.47,31.74,89.93,89.93,89.93,89.93,270.02,270.02,89.93,89.93,89.93,89.93,89.93,89.93,270.06,270.06,89.93,89.93,269.99,269.99,89.93,89.93,5.09,5.2,5.09,4.55,4.55,4.34,4.34,25.08,25.08,3.46,3.46,3.61,3.61,3.74,3.74,5.77,5.77,3.88,3.88,6.61,6.61,4.18,4.18,36.23,31.26,27.07,17.5,18.45,17.5,0.27,0.33,0.24,0.43,0.41,0.43,2.35,2.51,2.1,2.79,3.49,2.79
2023-06-16T22:00:00+00:00,17.33,16.77,17.33,16.62,16.62,16.57,16.57,-56.91,-56.91,-16.45,-16.45,6.26,6.26,16.54,16.54,61.43,31.9,61.43,17.11,94.47,17.11,0.56,0.19,0.56,4.99,6.97,4.99,68.01,76.1,68.01,0.0,0.0,0.0,0.0,0.0,1016.98,1018.77,1016.98,0.41,0.41,15.68,15.68,0.06,0.06,3.54,3.54,0.0,0.0,13.0,18.57,16.74,326.2,357.44,326.2,0.34,0.32,0.27,0.15,0.43,0.15,3.5,4.06,2.93,2.88,6.57,2.88,24.13,24.13,19.5,16.1,19.5,52.12,26.49,20.43,12.0,18.71,52.12,0.39,0.52,0.45,0.38,0.45,0.4,0.52,2.98,3.32,2.5,2.53,3.41,2.98,38.77,44.01,38.77,89.94,89.94,89.94,89.94,270.02,270.02,89.94,89.94,89.94,89.94,89.94,89.94,270.05,270.05,89.94,89.94,269.99,269.99,89.94,89.94,4.95,5.24,4.95,5.33,5.33,5.01,5.01,24.02,24.02,3.79,3.79,3.96,3.96,4.12,4.12,5.55,5.55,4.28,4.28,6.51,6.51,4.73,4.73,37.48,38.03,30.96,18.1,22.27,18.1,0.21,0.3,0.24,0.41,0.4,0.41,2.03,2.41,2.1,2.73,3.41,2.73
2023-06-16T23:00:00+00:00,17.09,16.9,17.09,17.26,17.26,16.95,16.95,-57.74,-57.74,-16.15,-16.15,6.55,6.55,16.82,16.82,30.7,58.8,30.7,14.03,93.47,14.03,0.57,0.2,0.57,4.73,7.0,4.73,70.62,76.6,70.62,0.0,0.0,0.0,0.0,0.0,1017.14,1018.0,1017.14,0.41,0.41,8.48,8.48,0.07,0.07,4.07,4.07,0.0,0.0,13.96,19.52,16.87,329.7,358.96,329.7,0.33,0.38,0.28,0.17,0.58,0.17,3.41,4.22,2.91,2.88,6.72,2.88,24.14,24.14,19.43,16.2,19.43,51.26,26.89,21.81,14.5,19.78,51.26,0.36,0.5,0.48,0.38,0.46,0.4,0.5,2.95,3.6,2.51,2.48,3.34,2.95,45.79,48.56,45.79,89.96,89.96,89.96,89.96,270.02,270.02,89.95,89.95,89.95,89.95,89.95,89.95,270.03,270.03,89.95,89.95,269.98,269.98,89.95,89.95,4.82,5.29,4.82,6.1,6.1,5.69,5.69,22.96,22.96,4.13,4.13,4.31,4.31,4.49,4.49,5.33,5.33,4.67,4.67,6.41,6.41,5.27,5.27,39.7,44.8,34.86,22.1,26.09,22.1,0.17,0.28,0.24,0.42,0.4,0.42,1.86,2.31,2.11,2.66,3.34,2.66
2023-06-17T00:00:00+00:00,16.72,17.03,16.72,17.89,17.89,17.33,17.33,-58.57,-58.57,-15.84,-15.84,6.84,6.84,17.09,17.09,30.5,85.7,30.5,10.95,91.4,10.95,0.57,0.21,0.57,5.07,7.03,5.07,73.95,77.1,73.95,0.0,0.0,0.0,0.0,0.0,1017.21,1017.24,1017.21,0.41,0.41,1.27,1.27,0.07,0.07,4.6,4.6,0.0,0.0,13.53,20.48,16.99,329.4,0.47,329.4,0.34,0.44,0.29,0.16,0.74,0.16,3.48,4.38,2.9,2.84,6.87,2.84,24.14,24.14,19.37,16.3,19.37,50.79,27.28,23.18,20.1,20.84,50.79,0.38,0.47,0.51,0.39,0.46,0.39,0.47,2.91,3.87,2.52,2.46,3.26,2.91,52.82,53.1,52.82,89.97,89.97,89.97,89.97,270.02,270.02,89.96,89.96,89.96,89.96,89.96,89.96,270.02,270.02,89.96,89.96,269.98,269.98,89.96,89.96,4.68,5.33,4.68,6.88,6.88,6.36,6.36,21.9,21.9,4.46,4.46,4.66,4.66,4.87,4.87,5.11,5.11,5.07,5.07,6.31,6.31,5.82,5.82,50.39,51.57,38.75,27.4,29.91,27.4,0.19,0.25,0.24,0.42,0.39,0.42,2.0,2.21,2.11,2.63,3.26,2.63
2023-06-17T01:00:00+00:00,16.45,17.02,16.45,17.65,17.65,17.17,17.17,-58.68,-58.68,-15.83,-15.83,6.71,6.71,16.97,16.97,65.69,58.93,65.69,7.88,88.96,7.88,0.58,0.22,0.58,4.77,6.56,4.77,74.53,77.23,74.53,0.0,0.0,0.0,0.0,0.0,1017.21,1016.81,1017.21,0.41,0.41,0.19,0.19,0.06,0.06,4.11,4.11,0.0,0.0,14.44,20.8,18.18,338.4,8.19,338.4,0.32,0.43,0.31,0.18,0.54,0.18,3.4,4.32,2.93,2.92,5.13,2.92,24.14,24.14,19.31,16.28,19.31,51.09,26.59,24.81,23.9,21.69,51.09,0.35,0.43,0.48,0.4,0.44,0.37,0.43,2.87,3.89,2.55,2.47,3.26,2.87,56.02,59.36,56.02,89.98,89.98,89.97,89.97,270.02,270.02,89.97,89.97,89.97,89.97,89.97,89.97,270.02,270.02,89.97,89.97,269.99,269.99,89.97,89.97,4.4,5.2,4.4,6.39,6.39,6.07,6.07,21.36,21.36,4.59,4.59,4.78,4.78,4.95,4.95,6.22,6.22,5.12,5.12,6.82,6.82,5.69,5.69,57.3,55.53,47.67,33.7,30.94,33.7,0.16,0.21,0.23,0.39,0.37,0.39,1.85,2.07,2.07,2.61,3.26,2.61
2023-06-17T02:00:00+00:00,16.23,17.02,16.23,17.41,17.41,17.0,17.0,-58.79,-58.79,-15.83,-15.83,6.59,6.59,16.86,16.86,94.37,32.17,94.37,4.8,87.52,4.8,0.58,0.22,0.58,4.31,6.09,4.31,74.11,77.37,74.11,0.0,0.0,0.0,0.0,0.0,1016.64,1016.39,1016.64,0.41,0.41,359.1,359.1,0.04,0.04,3.61,3.61,0.0,0.0,15.88,21.13,19.36,339.0,15.92,339.0,0.3,0.41,0.32,0.17,0.34,0.17,3.31,4.26,2.95,2.91,3.38,2.91,24.14,24.14,19.25,16.26,19.25,50.92,25.9,26.45,24.8,22.54,50.92,0.32,0.4,0.46,0.4,0.4,0.35,0.4,2.82,3.9,2.58,2.46,3.26,2.82,59.23,65.62,59.23,89.98,89.98,89.98,89.98,270.02,270.02,89.97,89.97,89.97,89.97,89.97,89.97,270.03,270.03,89.97,89.97,269.99,269.99,89.97,89.97,4.12,5.07,4.12,5.91,5.91,5.77,5.77,20.82,20.82,4.71,4.71,4.89,4.89,5.04,5.04,7.33,7.33,5.17,5.17,7.34,7.34,5.57,5.57,64.28,59.48,56.59,35.8,31.96,35.8,0.12,0.18,0.22,0.35,0.36,0.35,1.67,1.93,2.03,2.58,3.26,2.58
2023-06-17T03:00:00+00:00,15.94,17.02,15.94,17.17,17.17,16.83,16.83,-58.91,-58.91,-15.83,-15.83,6.47,6.47,16.75,16.75,60.13,5.4,60.13,1.72,86.76,1.72,0.59,0.21,0.59,4.72,5.63,4.72,75.26,77.5,75.26,0.0,0.0,0.0,0.0,0.0,1016.44,1015.97,1016.44,0.41,0.41,358.02,358.02,0.03,0.03,3.12,3.12,0.0,0.0,15.95,21.45,20.55,347.5,23.64,347.5,0.28,0.4,0.34,0.18,0.14,0.18,3.28,4.2,2.98,3.02,1.64,3.02,24.14,24.14,19.18,16.24,19.18,50.02,25.21,28.08,23.9,23.39,50.02,0.29,0.38,0.43,0.41,0.36,0.33,0.38,2.77,3.92,2.61,2.46,3.26,2.77,62.43,71.88,62.43,89.99,89.99,89.98,89.98,270.02,270.02,89.98,89.98,89.98,89.98,89.98,89.98,270.03,270.03,89.98,89.98,270.0,270.0,89.98,89.98,3.84,4.94,3.84,5.42,5.42,5.48,5.48,20.28,20.28,4.84,4.84,5.01,5.01,5.12,5.12,8.44,8.44,5.22,5.22,7.85,7.85,5.44,5.44,68.03,63.44,65.51,38.4,32.99,38.4,0.1,0.14,0.21,0.29,0.34,0.29,1.59,1.79,1.99,2.5,3.26,2.5
2023-06-17T04:00:00+00:00,15.72,16.89,15.72,17.02,17.02,16.64,16.64,-59.09,-59.09,-15.88,-15.88,6.45,6.45,16.6,16.6,70.4,27.67,70.4,358.64,87.39,358.64,0.59,0.2,0.59,5.03,5.59,5.03,77.25,76.4,77.25,0.0,0.0,0.0,0.0,0.0,1015.94,1015.96,1015.94,0.41,0.41,357.85,357.85,0.06,0.06,3.13,3.13,0.0,0.0,13.84,20.32,20.45,1.1,22.33,1.1,0.25,0.39,0.32,0.21,0.13,0.21,3.33,4.23,2.98,3.09,1.62,3.09,24.14,24.14,19.12,16.26,19.12,50.52,25.09,28.69,20.1,23.55,50.52,0.27,0.35,0.42,0.39,0.3,0.32,0.35,2.74,3.91,2.57,2.5,3.23,2.74,64.68,79.63,64.68,89.99,89.99,89.99,89.99,270.02,270.02,89.99,89.99,89.99,89.99,89.99,89.99,270.03,270.03,89.99,89.99,270.0,270.0,89.99,89.99,3.9,4.87,3.9,5.49,5.49,5.49,5.49,20.41,20.41,4.84,4.84,5.01,5.01,5.12,5.12,8.12,8.12,5.22,5.22,7.57,7.57,5.44,5.44,66.31,65.36,69.39,40.9,39.55,40.9,0.12,0.15,0.21,0.2,0.31,0.2,1.66,1.81,1.96,2.26,3.07,2.26
2023-06-17T05:00:00+00:00,16.25,16.76,16.25,16.87,16.87,16.46,16.46,-59.28,-59.28,-15.93,-15.93,6.44,6.44,16.45,16.45,76.34,49.93,76.34,355.57,89.01,355.57,0.6,0.18,0.6,5.41,5.55,5.41,77.22,75.3,77.22,0.0,0.0,0.0,0.0,0.0,1016.18,1015.95,1016.18,0.41,0.41,357.68,357.68,0.08,0.08,3.14,3.14,0.0,0.0,13.44,19.19,20.36,5.7,21.03,5.7,0.23,0.37,0.3,0.21,0.12,0.21,3.33,4.26,2.97,3.02,1.61,3.02,24.14,24.14,19.09,16.28,19.09,52.17,24.96,29.31,13.7,23.71,52.17,0.26,0.32,0.4,0.38,0.26,0.3,0.32,2.74,3.89,2.53,2.54,3.2,2.74,66.94,87.38,66.94,90.0,90.0,89.99,89.99,270.02,270.02,89.99,89.99,89.99,89.99,89.99,89.99,270.02,270.02,89.99,89.99,269.99,269.99,89.99,89.99,3.95,4.79,3.95,5.55,5.55,5.51,5.51,20.54,20.54,4.84,4.84,5.01,5.01,5.12,5.12,7.81,7.81,5.21,5.21,7.28,7.28,5.44,5.44,67.67,67.29,73.27,40.0,46.11,40.0,0.13,0.15,0.2,0.13,0.28,0.13,1.69,1.83,1.92,2.02,2.88,2.02
2023-06-17T06:00:00+00:00,17.13,16.63,17.13,16.72,16.72,16.27,16.27,-59.47,-59.47,-15.98,-15.98,6.42,6.42,16.3,16.3,68.02,72.2,68.02,352.49,92.03,352.49,0.6,0.15,0.6,5.9,5.51,5.9,74.05,74.2,74.05,0.0,0.0,0.0,0.0,0.0,1015.97,1015.94,1015.97,0.41,0.41,357.51,357.51,0.11,0.11,3.15,3.15,0.0,0.0,14.09,18.06,20.26,3.9,19.72,3.9,0.22,0.36,0.28,0.21,0.11,0.21,3.29,4.29,2.97,2.88,1.59,2.88,24.14,24.14,19.08,16.3,19.08,51.4,24.84,29.92,7.9,23.87,51.4,0.25,0.29,0.39,0.36,0.24,0.29,0.29,2.66,3.88,2.49,2.55,3.17,2.66,69.19,95.13,69.19,90.0,90.0,90.0,90.0,270.02,270.02,90.0,90.0,90.0,90.0,90.0,90.0,270.02,270.02,90.0,90.0,269.99,269.99,90.0,90.0,4.01,4.72,4.01,5.62,5.62,5.52,5.52,20.67,20.67,4.84,4.84,5.01,5.01,5.12,5.12,7.49,7.49,5.21,5.21,7.0,7.0,5.44,5.44,70.68,69.21,77.15,39.4,52.67,39.4,0.14,0.16,0.2,0.09,0.25,0.09,1.71,1.85,1.89,1.82,2.69,1.82
2023-06-17T07:00:00+00:00,18.4,16.98,18.4,17.19,17.19,16.83,16.83,-60.24,-60.24,-15.91,-15.91,6.5,6.5,16.8,16.8,60.07,81.47,60.07,349.41,95.41,349.41,0.61,0.13,0.61,6.12,5.49,6.12,68.91,72.4,68.91,0.0,0.0,0.0,0.0,0.0,1016.0,1015.84,1016.0,0.41,0.41,358.79,358.79,0.1,0.1,3.88,3.88,0.0,0.0,15.6,17.93,17.59,0.5,24.0,0.5,0.21,0.35,0.28,0.2,0.11,0.2,3.26,4.29,3.21,2.78,1.57,2.78,24.14,24.14,19.11,16.35,19.11,48.07,24.0,30.24,3.5,23.99,48.07,0.24,0.28,0.38,0.36,0.22,0.27,0.28,2.54,3.91,2.5,2.51,3.13,2.54,70.15,91.61,70.15,90.0,90.0,90.0,90.0,270.02,270.02,90.0,90.0,90.0,90.0,90.0,90.0,270.01,270.01,90.0,90.0,269.98,269.98,90.0,90.0,3.89,4.75,3.89,5.65,5.65,5.57,5.57,21.84,21.84,4.88,4.88,5.04,5.04,5.16,5.16,7.7,7.7,5.26,5.26,6.58,6.58,5.49,5.49,73.87,70.21,72.91,34.8,49.84,34.8,0.14,0.15,0.21,0.07,0.25,0.07,1.69,1.81,1.94,1.76,2.81,1.76
2023-06-17T08:00:00+00:00,19.71,17.32,19.71,17.66,17.66,17.4,17.4,-61.01,-61.01,-15.85,-15.85,6.59,6.59,17.3,17.3,61.89,90.73,61.89,346.33,97.09,346.33,0.61,0.12,0.61,5.8,5.47,5.8,63.64,70.6,63.64,0.0,0.0,0.0,0.0,0.0,1015.66,1015.74,1015.66,0.41,0.41,0.07,0.07,0.1,0.1,4.61,4.61,0.0,0.0,18.49,17.81,14.93,353.2,28.27,353.2,0.21,0.35,0.27,0.15,0.1,0.15,3.2,4.29,3.46,2.74,1.56,2.74,24.14,24.14,19.16,16.4,19.16,44.96,23.15,30.55,2.2,24.11,44.96,0.23,0.29,0.37,0.37,0.19,0.26,0.29,2.43,3.95,2.5,2.47,3.09,2.43,71.1,88.08,71.1,90.01,90.01,90.01,90.01,270.02,270.02,90.0,90.0,90.0,90.0,90.0,90.0,270.01,270.01,90.0,90.0,269.98,269.98,90.0,90.0,3.77,4.78,3.77,5.68,5.68,5.61,5.61,23.01,23.01,4.91,4.91,5.07,5.07,5.19,5.19,7.91,7.91,5.3,5.3,6.16,6.16,5.55,5.55,79.51,71.22,68.66,27.1,47.01,27.1,0.12,0.13,0.23,0.1,0.25,0.1,1.62,1.76,1.99,2.13,2.92,2.13
2023-06-17T09:00:00+00:00,21.4,17.67,21.4,18.13,18.13,17.96,17.96,-61.78,-61.78,-15.78,-15.78,6.67,6.67,17.8,17.8,100.0,100.0,100.0,343.26,95.15,343.26,0.62,0.12,0.62,5.65,5.45,5.65,57.12,68.8,57.12,0.0,0.0,0.0,0.0,0.0,1015.52,1015.65,1015.52,0.41,0.41,1.35,1.35,0.09,0.09,5.34,5.34,0.0,0.0,20.62,17.68,12.26,336.0,32.55,336.0,0.21,0.34,0.27,0.09,0.1,0.09,3.16,4.29,3.7,2.61,1.54,2.61,24.13,24.13,19.24,16.45,19.24,44.87,22.31,30.87,2.8,24.23,44.87,0.23,0.3,0.36,0.37,0.17,0.24,0.3,2.4,3.98,2.51,2.41,3.05,2.4,72.06,84.56,72.06,90.01,90.01,90.01,90.01,270.02,270.02,90.0,90.0,90.0,90.0,90.0,90.0,270.0,270.0,90.0,90.0,269.97,269.97,90.0,90.0,3.65,4.81,3.65,5.71,5.71,5.66,5.66,24.18,24.18,4.95,4.95,5.1,5.1,5.23,5.23,8.12,8.12,5.35,5.35,5.74,5.74,5.6,5.6,80.05,72.22,64.42,17.7,44.18,17.7,0.11,0.12,0.24,0.13,0.25,0.13,1.53,1.72,2.04,2.33,3.04,2.33
2023-06-17T10:00:00+00:00,22.74,17.82,22.74,19.06,19.06,18.94,18.94,-61.68,-61.68,-15.65,-15.65,6.88,6.88,18.78,18.78,99.97,100.0,99.97,340.18,91.67,340.18,0.62,0.12,0.62,5.65,5.58,5.65,53.25,70.4,53.25,0.0,0.0,0.0,0.0,0.0,1015.27,1015.41,1015.27,0.41,0.41,0.83,0.83,0.07,0.07,4.56,4.56,0.0,0.0,20.86,17.8,10.79,356.9,29.96,356.9,0.2,0.34,0.27,0.07,0.09,0.07,3.18,4.26,3.87,6.24,1.53,6.24,24.13,24.13,19.32,16.61,19.32,46.71,20.92,30.94,5.5,24.27,46.71,0.22,0.3,0.36,0.4,0.17,0.23,0.3,2.43,4.04,2.54,2.1,3.01,2.43,65.57,72.28,65.57,90.0,90.0,90.0,90.0,270.02,270.02,89.98,89.98,89.99,89.99,89.99,89.99,270.0,270.0,89.99,89.99,269.95,269.95,89.99,89.99,3.33,4.85,3.33,5.39,5.39,5.4,5.4,24.77,24.77,4.66,4.66,4.92,4.92,5.08,5.08,8.62,8.62,5.2,5.2,5.14,5.14,5.38,5.38,76.27,65.29,58.36,15.1,41.33,15.1,0.11,0.09,0.29,0.14,0.24,0.14,1.49,1.56,2.15,2.04,3.0,2.04
2023-06-17T11:00:00+00:00,23.96,17.97,23.96,20.0,20.0,19.92,19.92,-61.59,-61.59,-15.52,-15.52,7.1,7.1,19.77,19.77,100.0,100.0,100.0,337.1,87.14,337.1,0.63,0.14,0.63,4.81,5.7,4.81,49.8,72.0,49.8,0.0,0.0,0.0,0.0,0.0,1014.92,1015.16,1014.92,0.41,0.41,0.32,0.32,0.05,0.05,3.79,3.79,0.0,0.0,29.15,17.93,9.33,354.0,27.36,354.0,0.22,0.34,0.27,0.08,0.09,0.08,2.91,4.24,4.05,6.5,1.51,6.5,24.13,24.13,19.38,16.78,19.38,48.14,19.52,31.01,13.7,24.31,48.14,0.22,0.33,0.35,0.44,0.22,0.23,0.33,2.51,4.11,2.57,1.73,2.97,2.51,59.08,60.0,59.08,90.0,90.0,89.99,89.99,270.01,270.01,89.97,89.97,89.97,89.97,89.97,89.97,270.0,270.0,89.98,89.98,269.94,269.94,89.99,89.99,3.0,4.9,3.0,5.07,5.07,5.13,5.13,25.36,25.36,4.38,4.38,4.74,4.74,4.92,4.92,9.13,9.13,5.05,5.05,4.54,4.54,5.15,5.15,80.31,58.36,52.31,18.4,38.47,18.4,0.06,0.07,0.33,0.21,0.23,0.21,1.25,1.41,2.27,1.77,2.96,1.77
2023-06-17T12:00:00+00:00,22.15,18.12,22.15,20.93,20.93,20.9,20.9,-61.49,-61.49,-15.39,-15.39,7.31,7.31,20.75,20.75,100.0,100.0,100.0,334.02,82.87,334.02,0.63,0.17,0.63,4.21,5.83,4.21,58.12,73.6,58.12,0.0,0.0,0.0,0.0,0.0,1014.19,1014.92,1014.19,0.41,0.41,359.8,359.8,0.03,0.03,3.01,3.01,0.0,0.0,26.6,18.05,7.86,347.9,24.77,347.9,0.23,0.34,0.27,0.07,0.08,0.07,3.35,4.21,4.22,6.89,1.5,6.89,24.13,24.13,19.38,16.94,19.38,50.17,18.13,31.08,19.1,24.35,50.17,0.23,0.38,0.35,0.47,0.3,0.22,0.38,2.67,4.17,2.6,2.03,2.93,2.67,52.59,47.72,52.59,89.99,89.99,89.98,89.98,270.01,270.01,89.95,89.95,89.96,89.96,89.96,89.96,270.0,270.0,89.97,89.97,269.92,269.92,89.98,89.98,2.68,4.94,2.68,4.75,4.75,4.87,4.87,25.95,25.95,4.09,4.09,4.56,4.56,4.77,4.77,9.63,9.63,4.9,4.9,3.94,3.94,4.93,4.93,62.32,51.43,46.25,21.9,35.62,21.9,0.04,0.04,0.38,0.29,0.22,0.29,1.25,1.25,2.38,2.13,2.92,2.13
2023-06-17T13:00:00+00:00,21.89,18.16,21.89,21.18,21.18,21.03,21.03,-61.78,-61.78,-15.43,-15.43,7.58,7.58,20.76,20.76,100.0,100.0,100.0,330.95,79.53,330.95,0.64,0.22,0.64,5.08,5.97,5.08,62.91,74.0,62.91,0.0,0.0,0.0,0.02,0.0,1013.74,1014.64,1013.74,0.41,0.41,359.21,359.21,0.03,0.03,2.99,2.99,0.0,0.0,19.77,15.63,7.78,343.8,18.14,343.8,0.22,0.34,0.28,0.07,0.07,0.07,3.72,4.33,4.22,6.6,1.92,6.6,24.13,24.13,19.34,17.05,19.34,52.91,16.62,28.76,24.6,25.64,52.91,0.23,0.43,0.35,0.47,0.35,0.26,0.43,2.91,4.23,2.68,2.2,2.85,2.91,59.3,47.31,59.3,89.98,89.98,89.97,89.97,270.01,270.01,89.95,89.95,89.96,89.96,89.96,89.96,270.0,270.0,89.96,89.96,269.89,269.89,89.97,89.97,2.96,5.03,2.96,4.68,4.68,4.84,4.84,27.22,27.22,4.12,4.12,4.58,4.58,4.81,4.81,9.65,9.65,4.96,4.96,3.4,3.4,4.97,4.97,44.68,58.47,51.05,26.6,32.69,26.6,0.06,0.06,0.34,0.35,0.26,0.35,1.44,1.38,2.3,2.34,2.84,2.34
2023-06-17T14:00:00+00:00,20.58,18.19,20.58,21.42,21.42,21.16,21.16,-62.07,-62.07,-15.47,-15.47,7.85,7.85,20.77,20.77,100.0,100.0,100.0,327.87,79.32,327.87,0.64,0.25,0.64,6.72,6.12,6.72,75.06,74.4,75.06,0.0,0.0,0.27,0.03,0.27,1013.34,1014.35,1013.34,0.41,0.41,358.62,358.62,0.03,0.03,2.96,2.96,0.0,0.0,13.04,13.22,7.69,343.7,11.52,343.7,0.21,0.33,0.3,0.07,0.05,0.07,4.36,4.45,4.22,6.38,2.34,6.38,24.13,24.13,19.31,17.16,19.31,55.68,15.12,26.43,27.1,26.94,55.68,0.27,0.48,0.34,0.48,0.4,0.3,0.48,3.13,4.3,2.75,2.29,2.76,3.13,66.01,46.91,66.01,89.97,89.97,89.97,89.97,270.01,270.01,89.95,89.95,89.95,89.95,89.95,89.95,269.99,269.99,89.96,89.96,269.87,269.87,89.97,89.97,3.25,5.13,3.25,4.6,4.6,4.81,4.81,28.49,28.49,4.15,4.15,4.6,4.6,4.84,4.84,9.66,9.66,5.02,5.02,2.85,2.85,5.0,5.0,25.94,65.5,55.86,28.9,29.75,28.9,0.17,0.07,0.3,0.39,0.3,0.39,2.05,1.52,2.22,2.45,2.76,2.45
2023-06-17T15:00:00+00:00,19.63,18.22,19.63,21.66,21.66,21.28,21.28,-62.36,-62.36,-15.52,-15.52,8.12,8.12,20.78,20.78,100.0,100.0,100.0,324.79,80.74,324.79,0.65,0.27,0.65,5.66,6.26,5.66,74.7,74.8,74.7,0.0,0.0,0.0,0.04,0.0,1013.41,1014.07,1013.41,0.41,0.41,358.03,358.03,0.03,0.03,2.94,2.94,0.0,0.0,13.36,10.8,7.61,337.6,4.89,337.6,0.27,0.33,0.31,0.06,0.04,0.06,4.01,4.57,4.22,6.51,2.76,6.51,24.13,24.13,19.32,17.28,19.32,57.31,13.61,24.11,27.2,28.23,57.31,0.32,0.52,0.34,0.48,0.47,0.34,0.52,3.28,4.36,2.83,2.37,2.68,3.28,72.72,46.5,72.72,89.96,89.96,89.96,89.96,270.01,270.01,89.95,89.95,89.95,89.95,89.95,89.95,269.99,269.99,89.95,89.95,269.84,269.84,89.96,89.96,3.53,5.22,3.53,4.53,4.53,4.78,4.78,29.76,29.76,4.18,4.18,4.62,4.62,4.88,4.88,9.68,9.68,5.08,5.08,2.31,2.31,5.04,5.04,22.25,72.54,60.66,28.3,26.82,28.3,0.17,0.09,0.26,0.46,0.34,0.46,1.93,1.65,2.14,2.56,2.68,2.56
2023-06-17T16:00:00+00:00,19.63,18.17,19.63,21.69,21.69,21.34,21.34,-62.22,-62.22,-15.38,-15.38,8.24,8.24,20.83,20.83,100.0,100.0,100.0,321.71,82.65,321.71,0.65,0.27,0.65,5.08,6.55,5.08,74.15,74.93,74.15,0.0,0.0,0.0,0.14,0.0,1013.15,1013.82,1013.15,0.41,0.41,358.59,358.59,0.04,0.04,2.93,2.93,0.0,0.0,9.28,10.66,8.46,345.9,3.84,345.9,0.3,0.33,0.33,0.1,0.07,0.1,4.16,4.57,4.08,4.24,3.72,4.24,24.14,24.14,19.35,17.2,19.35,57.27,12.53,22.57,26.4,27.65,57.27,0.37,0.56,0.34,0.47,0.49,0.36,0.56,3.34,4.43,2.86,2.49,2.78,3.34,71.49,49.62,71.49,89.97,89.97,89.97,89.97,270.01,270.01,89.95,89.95,89.95,89.95,89.95,89.95,269.99,269.99,89.96,89.96,269.85,269.85,89.96,89.96,3.19,5.32,3.19,5.02,5.02,5.27,5.27,28.99,28.99,4.46,4.46,4.92,4.92,5.22,5.22,9.69,9.69,5.46,5.46,2.36,2.36,5.53,5.53,26.19,108.36,61.11,28.1,27.58,28.1,0.21,0.06,0.24,0.48,0.36,0.48,2.08,1.43,2.1,2.68,2.78,2.68
2023-06-17T17:00:00+00:00,19.84,18.12,19.84,21.72,21.72,21.41,21.41,-62.08,-62.08,-15.23,-15.23,8.36,8.36,20.88,20.88,99.35,100.0,99.35,318.64,85.21,318.64,0.66,0.26,0.66,3.82,6.84,3.82,74.01,75.07,74.01,0.0,0.0,0.0,0.25,0.0,1012.62,1013.56,1012.62,0.41,0.41,359.14,359.14,0.04,0.04,2.93,2.93,0.0,0.0,12.24,10.52,9.31,352.4,2.8,352.4,0.37,0.34,0.35,0.17,0.09,0.17,3.83,4.58,3.95,4.03,4.67,4.03,24.14,24.14,19.36,17.13,19.36,56.51,11.46,21.03,23.6,27.07,56.51,0.38,0.59,0.34,0.46,0.47,0.39,0.59,3.37,4.51,2.89,2.6,2.87,3.37,70.27,52.74,70.27,89.97,89.97,89.97,89.97,270.0,270.0,89.96,89.96,89.96,89.96,89.96,89.96,269.98,269.98,89.96,89.96,269.86,269.86,89.97,89.97,2.86,5.41,2.86,5.51,5.51,5.76,5.76,28.22,28.22,4.73,4.73,5.23,5.23,5.57,5.57,9.69,9.69,5.85,5.85,2.4,2.4,6.01,6.01,30.22,144.18,61.57,28.2,28.34,28.2,0.09,0.03,0.23,0.43,0.37,0.43,1.46,1.22,2.05,2.73,2.87,2.73
2023-06-17T18:00:00+00:00,20.04,18.06,20.04,21.74,21.74,21.47,21.47,-61.94,-61.94,-15.09,-15.09,8.48,8.48,20.92,20.92,100.0,100.0,100.0,315.56,88.14,315.56,0.66,0.24,0.66,3.68,7.13,3.68,74.0,75.2,74.0,0.0,0.0,0.0,0.35,0.0,1012.39,1013.31,1012.39,0.41,0.41,359.7,359.7,0.05,0.05,2.92,2.92,0.0,0.0,11.0,10.38,10.16,348.2,1.75,348.2,0.38,0.34,0.37,0.23,0.12,0.23,3.98,4.58,3.81,3.67,5.63,3.67,24.14,24.14,19.34,17.05,19.34,55.91,10.38,19.49,19.2,26.49,55.91,0.38,0.6,0.34,0.45,0.44,0.41,0.6,3.4,4.58,2.92,2.59,2.97,3.4,69.04,55.86,69.04,89.98,89.98,89.98,89.98,270.0,270.0,89.96,89.96,89.96,89.96,89.96,89.96,269.98,269.98,89.97,89.97,269.87,269.87,89.97,89.97,2.52,5.51,2.52,6.0,6.0,6.25,6.25,27.45,27.45,5.01,5.01,5.53,5.53,5.91,5.91,9.7,9.7,6.23,6.23,2.45,2.45,6.5,6.5,41.07,180.0,62.02,30.9,29.1,30.9,0.04,0.0,0.21,0.38,0.39,0.38,1.25,1.0,2.01,2.64,2.97,2.64
2023-06-17T19:00:00+00:00,20.28,17.75,20.28,21.56,21.56,21.29,21.29,-61.71,-61.71,-14.91,-14.91,8.62,8.62,20.74,20.74,100.0,100.0,100.0,312.48,91.79,312.48,0.66,0.21,0.66,4.19,5.36,4.19,72.37,79.77,72.37,0.0,0.0,0.0,0.41,0.0,1012.12,1013.37,1012.12,0.41,0.41,1.02,1.02,0.11,0.11,3.79,3.79,0.0,0.0,9.54,9.34,11.69,349.0,10.03,349.0,0.38,0.34,0.38,0.26,0.17,0.26,4.16,4.69,3.72,3.41,4.82,3.41,20.08,20.08,19.3,16.92,19.3,55.55,9.55,18.28,15.5,18.13,55.55,0.38,0.6,0.34,0.45,0.43,0.39,0.6,3.43,4.65,2.99,2.55,3.83,3.43,67.59,61.7,67.59,90.0,90.0,89.99,89.99,270.0,270.0,89.97,89.97,89.97,89.97,89.97,89.97,269.98,269.98,89.98,89.98,269.87,269.87,89.98,89.98,2.71,4.25,2.71,4.71,4.71,4.95,4.95,27.79,27.79,4.07,4.07,4.63,4.63,4.94,4.94,10.13,10.13,5.16,5.16,2.08,2.08,5.24,5.24,51.08,141.53,66.87,33.4,31.58,33.4,0.04,0.02,0.18,0.33,0.41,0.33,1.25,1.14,1.89,2.47,3.01,2.47
2023-06-17T20:00:00+00:00,20.43,17.43,20.43,21.38,21.38,21.11,21.11,-61.48,-61.48,-14.73,-14.73,8.75,8.75,20.55,20.55,100.0,100.0,100.0,309.4,94.53,309.4,0.67,0.19,0.67,4.42,3.58,4.42,71.88,84.33,71.88,0.0,0.0,0.0,0.47,0.0,1012.48,1013.42,1012.48,0.41,0.41,2.34,2.34,0.16,0.16,4.67,4.67,0.0,0.0,8.04,8.31,13.23,347.7,18.3,347.7,0.38,0.34,0.4,0.22,0.23,0.22,4.33,4.79,3.64,2.86,4.01,2.86,16.02,16.02,19.24,16.78,19.24,55.65,8.72,17.08,13.6,9.77,55.65,0.38,0.58,0.35,0.44,0.41,0.38,0.58,3.48,4.73,3.06,2.54,4.68,3.48,66.13,67.54,66.13,90.01,90.01,90.01,90.01,269.99,269.99,89.98,89.98,89.98,89.98,89.98,89.98,269.98,269.98,89.99,89.99,269.86,269.86,90.0,90.0,2.91,2.99,2.91,3.43,3.43,3.66,3.66,28.14,28.14,3.14,3.14,3.73,3.73,3.97,3.97,10.55,10.55,4.1,4.1,1.72,1.72,3.98,3.98,58.38,103.05,71.72,35.8,34.07,35.8,0.05,0.04,0.14,0.28,0.42,0.28,1.35,1.28,1.78,2.31,3.06,2.31
2023-06-17T21:00:00+00:00,20.5,17.11,20.5,21.2,21.2,20.93,20.93,-61.25,-61.25,-14.54,-14.54,8.89,8.89,20.36,20.36,100.0,100.0,100.0,306.33,96.81,306.33,0.67,0.18,0.67,4.45,1.81,4.45,73.27,88.9,73.27,0.0,0.0,0.0,0.54,0.0,1012.34,1013.48,1012.34,0.41,0.41,3.66,3.66,0.22,0.22,5.54,5.54,0.0,0.0,6.84,7.27,14.76,3.2,26.58,3.2,0.38,0.34,0.41,0.23,0.28,0.23,4.44,4.9,3.55,4.76,3.2,4.76,11.96,11.96,19.19,16.65,19.19,57.74,7.89,15.87,13.9,1.41,57.74,0.37,0.55,0.35,0.44,0.4,0.36,0.55,3.57,4.8,3.13,2.56,5.54,3.57,64.68,73.38,64.68,90.03,90.03,90.02,90.02,269.99,269.99,89.99,89.99,89.99,89.99,89.99,89.99,269.98,269.98,90.0,90.0,269.86,269.86,90.01,90.01,3.1,1.73,3.1,2.14,2.14,2.36,2.36,28.48,28.48,2.2,2.2,2.83,2.83,3.0,3.0,10.98,10.98,3.03,3.03,1.35,1.35,2.72,2.72,68.49,64.58,76.57,38.1,36.55,38.1,0.05,0.06,0.11,0.25,0.44,0.25,1.38,1.42,1.66,2.19,3.1,2.19
2023-06-17T22:00:00+00:00,20.47,17.5,20.47,21.24,21.24,21.04,21.04,-61.3,-61.3,-14.41,-14.41,8.94,8.94,20.54,20.54,100.0,100.0,100.0,303.25,98.75,303.25,0.68,0.17,0.68,4.22,2.65,4.22,69.04,85.37,69.04,0.0,0.0,0.0,0.36,0.0,1012.46,1013.02,1012.46,0.41,0.41,0.58,0.58,0.21,0.21,6.28,6.28,0.0,0.0,5.91,8.58,14.06,1.7,21.02,1.7,0.37,0.38,0.41,0.24,0.3,0.24,4.51,4.94,3.62,2.87,3.93,2.87,16.02,16.02,19.14,16.52,19.14,60.46,9.14,14.56,14.0,1.79,60.46,0.37,0.52,0.39,0.43,0.39,0.36,0.52,3.67,4.86,3.23,2.6,5.49,3.67,81.55,97.08,81.55,90.06,90.06,90.05,90.05,269.99,269.99,90.02,90.02,90.02,90.02,90.02,90.02,269.98,269.98,90.03,90.03,269.83,269.83,90.04,90.04,3.08,2.58,3.08,2.38,2.38,2.53,2.53,27.72,27.72,2.36,2.36,2.86,2.86,2.99,2.99,11.01,11.01,3.01,3.01,1.13,1.13,2.79,2.79,75.06,79.99,85.74,49.6,74.25,49.6,0.05,0.06,0.09,0.2,0.33,0.2,1.37,1.42,1.61,1.99,2.6,1.99
2023-06-17T23:00:00+00:00,20.15,17.89,20.15,21.28,21.28,21.15,21.15,-61.36,-61.36,-14.28,-14.28,8.99,8.99,20.72,20.72,100.0,100.0,100.0,300.17,101.4,300.17,0.68,0.16,0.68,5.3,3.49,5.3,68.42,81.83,68.42,0.0,0.0,0.01,0.18,0.01,1012.16,1012.55,1012.16,0.41,0.41,357.51,357.51,0.2,0.2,7.02,7.02,0.0,0.0,5.42,9.9,13.36,4.4,15.46,4.4,0.37,0.43,0.4,0.25,0.31,0.25,4.52,4.99,3.7,3.28,4.67,3.28,20.08,20.08,19.09,16.38,19.09,61.22,10.39,13.25,14.2,2.18,61.22,0.36,0.5,0.44,0.42,0.39,0.35,0.5,3.72,4.91,3.32,2.62,5.45,3.72,98.43,120.77,98.43,90.09,90.09,90.09,90.09,269.98,269.98,90.06,90.06,90.06,90.06,90.06,90.06,269.97,269.97,90.07,90.07,269.8,269.8,90.08,90.08,3.06,3.42,3.06,2.63,2.63,2.71,2.71,26.97,26.97,2.53,2.53,2.88,2.88,2.98,2.98,11.04,11.04,3.0,3.0,0.9,0.9,2.86,2.86,106.47,95.4,94.92,57.2,111.94,57.2,0.02,0.06,0.08,0.19,0.22,0.19,1.26,1.41,1.56,1.88,2.09,1.88
2023-06-18T00:00:00+00:00,20.0,18.27,20.0,21.32,21.32,21.26,21.26,-61.41,-61.41,-14.15,-14.15,9.04,9.04,20.9,20.9,100.0,100.0,100.0,297.09,104.67,297.09,0.69,0.15,0.69,4.47,4.33,4.47,65.14,78.3,65.14,0.0,0.0,0.0,0.0,0.0,1011.96,1012.09,1011.96,0.41,0.41,354.43,354.43,0.19,0.19,7.76,7.76,0.0,0.0,0.18,11.21,12.66,3.1,9.9,3.1,0.33,0.47,0.4,0.26,0.33,0.26,4.53,5.03,3.77,5.05,5.4,5.05,24.14,24.14,19.05,16.25,19.05,59.02,11.64,11.94,21.0,2.56,59.02,0.32,0.48,0.48,0.41,0.43,0.35,0.48,3.71,4.97,3.42,2.53,5.4,3.71,115.3,144.47,115.3,90.12,90.12,90.12,90.12,269.98,269.98,90.09,90.09,90.09,90.09,90.09,90.09,269.97,269.97,90.1,90.1,269.77,269.77,90.11,90.11,3.04,4.27,3.04,2.87,2.87,2.88,2.88,26.21,26.21,2.69,2.69,2.91,2.91,2.97,2.97,11.07,11.07,2.98,2.98,0.68,0.68,2.93,2.93,111.35,110.81,104.09,61.2,149.64,61.2,0.02,0.06,0.06,0.25,0.11,0.25,1.28,1.41,1.51,1.97,1.59,1.97
2023-06-18T01:00:00+00:00,19.76,18.09,19.76,20.86,20.86,20.84,20.84,-61.29,-61.29,-14.16,-14.16,9.13,9.13,20.49,20.49,100.0,100.0,100.0,294.02,109.98,294.02,0.69,0.14,0.69,4.13,3.99,4.13,63.23,79.3,63.23,0.0,0.0,0.01,0.0,0.01,1011.39,1011.83,1011.39,0.41,0.41,5.02,5.02,0.18,0.18,5.74,5.74,0.0,0.0,359.74,10.59,11.85,5.6,9.44,5.6,0.32,0.47,0.43,0.28,0.33,0.28,4.56,5.05,4.05,5.02,5.36,5.02,24.14,24.14,19.01,16.26,19.01,53.93,10.89,15.54,28.3,2.49,53.93,0.31,0.48,0.47,0.46,0.46,0.34,0.48,3.66,5.01,3.34,2.59,5.36,3.66,136.0,142.92,136.0,90.11,90.11,90.11,90.11,269.98,269.98,90.09,90.09,90.09,90.09,90.09,90.09,269.97,269.97,90.1,90.1,269.81,269.81,90.11,90.11,3.13,3.94,3.13,2.64,2.64,2.64,2.64,27.65,27.65,2.52,2.52,2.68,2.68,2.73,2.73,10.88,10.88,2.74,2.74,1.03,1.03,2.68,2.68,112.31,130.51,112.83,67.3,149.0,67.3,0.02,0.05,0.12,0.28,0.1,0.28,1.27,1.43,1.67,2.1,1.56,2.1
2023-06-18T02:00:00+00:00,19.35,17.91,19.35,20.4,20.4,20.41,20.41,-61.17,-61.17,-14.18,-14.18,9.23,9.23,20.08,20.08,100.0,100.0,100.0,290.94,117.6,290.94,0.7,0.11,0.7,3.65,3.66,3.65,66.67,80.3,66.67,0.0,0.0,0.03,0.0,0.03,1011.85,1011.56,1011.85,0.41,0.41,15.61,15.61,0.16,0.16,3.72,3.72,0.0,0.0,359.43,9.98,11.04,4.4,8.97,4.4,0.32,0.46,0.45,0.27,0.32,0.27,4.57,5.07,4.34,5.19,5.32,5.19,24.14,24.14,18.97,16.27,18.97,47.35,10.14,19.14,32.0,2.43,47.35,0.31,0.49,0.47,0.5,0.46,0.34,0.49,3.57,5.04,3.26,2.67,5.32,3.57,156.7,141.36,156.7,90.11,90.11,90.11,90.11,269.98,269.98,90.08,90.08,90.09,90.09,90.09,90.09,269.96,269.96,90.09,90.09,269.84,269.84,90.1,90.1,3.21,3.6,3.21,2.4,2.4,2.4,2.4,29.1,29.1,2.34,2.34,2.46,2.46,2.49,2.49,10.68,10.68,2.49,2.49,1.38,1.38,2.44,2.44,180.0,150.22,121.56,72.8,148.35,72.8,0.0,0.03,0.18,0.28,0.09,0.28,1.0,1.45,1.82,2.14,1.54,2.14
2023-06-18T03:00:00+00:00,19.03,17.73,19.03,19.94,19.94,19.99,19.99,-61.05,-61.05,-14.19,-14.19,9.32,9.32,19.67,19.67,100.0,100.0,100.0,287.86,134.2,287.86,0.7,0.08,0.7,3.05,3.33,3.05,70.21,81.3,70.21,0.0,0.0,0.01,0.0,0.01,1011.57,1011.3,1011.57,0.41,0.41,26.2,26.2,0.15,0.15,1.7,1.7,0.0,0.0,359.13,9.36,10.23,4.5,8.51,4.5,0.3,0.46,0.48,0.27,0.32,0.27,4.58,5.09,4.62,5.3,5.28,5.3,24.14,24.14,18.93,16.28,18.93,43.41,9.39,22.74,32.5,2.36,43.41,0.3,0.49,0.46,0.55,0.45,0.33,0.49,3.54,5.08,3.18,2.73,5.28,3.54,177.4,139.81,177.4,90.1,90.1,90.1,90.1,269.98,269.98,90.08,90.08,90.09,90.09,90.09,90.09,269.96,269.96,90.09,90.09,269.88,269.88,90.1,90.1,3.3,3.27,3.3,2.17,2.17,2.16,2.16,30.54,30.54,2.17,2.17,2.23,2.23,2.25,2.25,10.49,10.49,2.25,2.25,1.73,1.73,2.19,2.19,180.0,169.92,130.3,77.1,147.71,77.1,0.0,0.02,0.24,0.26,0.08,0.26,1.0,1.47,1.98,2.11,1.51,2.11
2023-06-18T04:00:00+00:00,18.44,17.72,18.44,19.54,19.54,19.59,19.59,-61.11,-61.11,-14.05,-14.05,9.14,9.14,19.31,19.31,100.0,100.0,100.0,284.78,167.0,284.78,0.71,0.06,0.71,2.63,4.69,2.63,77.1,82.53,77.1,0.0,0.0,0.09,0.01,0.09,1011.78,1011.26,1011.78,0.41,0.41,15.25,15.25,0.12,0.12,3.74,3.74,0.0,0.0,358.88,9.0,10.0,3.5,8.22,3.5,0.31,0.45,0.46,0.31,0.31,0.31,4.61,5.11,4.61,4.78,5.26,4.78,24.14,24.14,18.9,16.31,18.9,43.43,9.04,30.47,27.8,2.44,43.43,0.3,0.48,0.45,0.55,0.42,0.33,0.48,3.57,5.09,3.11,2.89,5.26,3.57,178.14,144.57,178.14,90.15,90.15,90.16,90.16,269.98,269.98,90.1,90.1,90.11,90.11,90.11,90.11,269.96,269.96,90.12,90.12,209.95,209.95,90.14,90.14,3.43,3.8,3.43,2.02,2.02,2.0,2.0,30.35,30.35,2.16,2.16,2.23,2.23,2.23,2.23,10.47,10.47,2.22,2.22,2.01,2.01,2.08,2.08,180.0,170.36,132.12,74.8,152.26,74.8,0.0,0.03,0.28,0.22,0.11,0.22,1.0,1.49,2.08,2.09,1.59,2.09
2023-06-18T05:00:00+00:00,18.36,17.71,18.36,19.15,19.15,19.19,19.19,-61.18,-61.18,-13.9,-13.9,8.96,8.96,18.95,18.95,100.0,100.0,100.0,281.71,199.99,281.71,0.71,0.06,0.71,4.26,6.06,4.26,79.49,83.77,79.49,0.0,0.0,0.7,0.03,0.7,1011.58,1011.22,1011.58,0.41,0.41,4.3,4.3,0.09,0.09,5.77,5.77,0.0,0.0,358.72,8.64,9.78,10.6,7.93,10.6,0.29,0.45,0.44,0.34,0.3,0.34,4.64,5.12,4.6,4.34,5.24,4.34,24.13,24.13,18.9,16.35,18.9,49.94,8.7,38.2,18.1,2.52,49.94,0.29,0.44,0.45,0.56,0.37,0.34,0.44,3.74,5.1,3.03,3.33,5.24,3.74,178.87,149.34,178.87,90.21,90.21,90.21,90.21,269.98,269.98,90.11,90.11,90.12,90.12,90.13,90.13,269.95,269.95,90.14,90.14,150.03,150.03,90.19,90.19,3.57,4.33,3.57,1.86,1.86,1.83,1.83,30.15,30.15,2.16,2.16,2.22,2.22,2.22,2.22,10.44,10.44,2.19,2.19,2.3,2.3,1.96,1.96,180.0,170.81,133.93,74.2,156.82,74.2,0.0,0.03,0.31,0.13,0.14,0.13,1.0,1.5,2.18,1.98,1.68,1.98
2023-06-18T06:00:00+00:00,17.86,17.71,17.86,18.75,18.75,18.8,18.8,-61.24,-61.24,-13.75,-13.75,8.78,8.78,18.59,18.59,100.0,100.0,100.0,278.63,225.99,278.63,0.72,0.06,0.72,5.07,7.42,5.07,88.4,85.0,88.4,0.0,0.0,1.19,0.04,1.19,1012.06,1011.18,1012.06,0.41,0.41,353.35,353.35,0.06,0.06,7.81,7.81,0.0,0.0,358.51,8.28,9.55,8.7,7.64,8.7,0.29,0.44,0.42,0.33,0.29,0.33,4.67,5.14,4.59,4.35,5.22,4.35,24.13,24.13,18.94,16.38,18.94,57.11,8.35,45.93,10.8,2.6,57.11,0.29,0.41,0.44,0.56,0.34,0.34,0.41,3.95,5.11,2.96,3.73,5.22,3.95,179.61,154.1,179.61,90.26,90.26,90.27,90.27,269.98,269.98,90.13,90.13,90.14,90.14,90.15,90.15,269.95,269.95,90.17,90.17,90.1,90.1,90.23,90.23,3.7,4.86,3.7,1.71,1.71,1.67,1.67,29.96,29.96,2.15,2.15,2.22,2.22,2.2,2.2,10.42,10.42,2.16,2.16,2.58,2.58,1.85,1.85,176.48,171.25,135.75,76.4,161.37,76.4,0.01,0.04,0.35,0.07,0.17,0.07,1.28,1.52,2.28,1.75,1.76,1.75
2023-06-18T07:00:00+00:00,17.98,17.77,17.98,18.36,18.36,18.39,18.39,-61.38,-61.38,-13.55,-13.55,8.98,8.98,18.3,18.3,100.0,100.0,100.0,275.55,242.3,275.55,0.72,0.07,0.72,4.58,9.12,4.58,90.39,85.47,90.39,0.0,0.0,0.59,0.03,0.59,1011.73,1011.28,1011.73,0.41,0.41,353.73,353.73,0.07,0.07,7.69,7.69,0.0,0.0,358.16,7.73,8.79,6.2,7.5,6.2,0.29,0.43,0.41,0.33,0.28,0.33,4.71,5.17,4.66,4.31,5.19,4.31,24.13,24.13,19.04,16.41,19.04,56.78,9.86,58.66,6.6,303.09,56.78,0.29,0.4,0.45,0.57,0.33,0.39,0.4,3.95,4.99,2.94,3.89,4.38,3.95,162.55,157.19,162.55,90.24,90.24,90.25,90.25,269.98,269.98,90.15,90.15,90.16,90.16,90.17,90.17,269.94,269.94,90.18,90.18,90.13,90.13,90.22,90.22,4.01,6.03,4.01,2.11,2.11,2.09,2.09,29.1,29.1,2.26,2.26,2.35,2.35,2.36,2.36,9.76,9.76,2.35,2.35,2.42,2.42,2.19,2.19,150.04,154.65,139.35,360.0,166.43,360.0,0.01,0.08,0.38,0.0,0.25,0.0,1.25,1.57,2.35,0.0,2.07,0.0
2023-06-18T08:00:00+00:00,18.29,17.84,18.29,17.98,17.98,17.98,17.98,-61.52,-61.52,-13.35,-13.35,9.18,9.18,18.02,18.02,100.0,100.0,100.0,272.47,253.64,272.47,0.73,0.07,0.73,5.62,10.82,5.62,90.45,85.93,90.45,0.0,0.0,0.73,0.02,0.73,1011.86,1011.37,1011.86,0.41,0.41,354.1,354.1,0.08,0.08,7.57,7.57,0.0,0.0,357.68,7.17,8.04,4.7,7.35,4.7,0.29,0.43,0.4,0.32,0.28,0.32,4.77,5.21,4.73,4.27,5.17,4.27,24.13,24.13,19.2,16.43,19.2,23.06,11.38,71.39,4.6,243.57,23.06,0.29,0.47,0.45,0.59,0.32,0.45,0.47,3.42,4.86,2.91,3.94,3.54,3.42,145.48,160.27,145.48,90.22,90.22,90.22,90.22,269.98,269.98,90.18,90.18,90.18,90.18,90.18,90.18,269.94,269.94,90.19,90.19,90.15,90.15,90.21,90.21,4.32,7.21,4.32,2.52,2.52,2.51,2.51,28.23,28.23,2.37,2.37,2.48,2.48,2.52,2.52,9.1,9.1,2.55,2.55,2.26,2.26,2.53,2.53,139.3,138.06,142.95,360.0,171.49,360.0,0.02,0.13,0.41,0.0,0.33,0.0,1.3,1.63,2.42,0.0,2.38,0.0
2023-06-18T09:00:00+00:00,18.74,17.91,18.74,17.59,17.59,17.57,17.57,-61.65,-61.65,-13.15,-13.15,9.38,9.38,17.73,17.73,100.0,100.0,100.0,269.4,251.95,269.4,0.73,0.07,0.73,6.4,12.53,6.4,90.67,86.4,90.67,0.0,0.0,0.73,0.01,0.73,1012.02,1011.47,1012.02,0.41,0.41,354.48,354.48,0.09,0.09,7.45,7.45,0.0,0.0,357.17,6.62,7.28,4.5,7.21,4.5,0.29,0.42,0.39,0.31,0.27,0.31,4.84,5.24,4.8,4.33,5.14,4.33,24.13,24.13,19.31,16.45,19.31,348.18,12.89,84.12,4.3,184.06,348.18,0.29,0.54,0.46,0.6,0.31,0.5,0.54,3.26,4.74,2.89,4.02,2.7,3.26,128.42,163.36,128.42,90.2,90.2,90.2,90.2,269.98,269.98,90.2,90.2,90.2,90.2,90.2,90.2,269.93,269.93,90.2,90.2,90.18,90.18,90.2,90.2,4.63,8.38,4.63,2.92,2.92,2.93,2.93,27.37,27.37,2.48,2.48,2.61,2.61,2.68,2.68,8.44,8.44,2.74,2.74,2.1,2.1,2.87,2.87,143.6,121.46,146.55,360.0,176.55,360.0,0.02,0.17,0.44,0.0,0.41,0.0,1.31,1.68,2.49,0.0,2.69,0.0
2023-06-18T10:00:00+00:00,18.9,17.84,18.9,17.57,17.57,17.54,17.54,-61.68,-61.68,-13.13,-13.13,9.41,9.41,17.69,17.69,100.0,100.0,100.0,266.32,246.95,266.32,0.74,0.07,0.74,8.34,11.09,8.34,90.62,88.3,90.62,0.0,0.0,0.53,0.01,0.53,1011.88,1011.34,1011.88,0.41,0.41,355.13,355.13,0.1,0.1,7.36,7.36,0.0,0.0,356.68,7.82,6.94,3.9,7.05,3.9,0.29,0.42,0.38,0.31,0.26,0.31,4.9,5.17,4.86,4.47,5.14,4.47,24.13,24.13,19.36,16.48,19.36,343.06,25.31,76.05,3.7,180.2,343.06,0.29,0.54,0.49,0.58,0.31,0.48,0.54,3.36,4.5,2.92,4.16,2.69,3.36,129.45,161.66,129.45,90.19,90.19,90.19,90.19,269.98,269.98,90.18,90.18,90.18,90.18,90.18,90.18,269.93,269.93,90.18,90.18,149.67,149.67,90.18,90.18,4.83,7.51,4.83,2.83,2.83,2.85,2.85,26.51,26.51,2.4,2.4,2.52,2.52,2.59,2.59,8.08,8.08,2.66,2.66,1.49,1.49,2.79,2.79,138.63,124.6,141.19,360.0,175.12,360.0,0.03,0.23,0.41,0.0,0.39,0.0,1.29,1.89,2.45,0.0,2.68,0.0
2023-06-18T11:00:00+00:00,19.33,17.77,19.33,17.55,17.55,17.52,17.52,-61.71,-61.71,-13.12,-13.12,9.45,9.45,17.66,17.66,100.0,100.0,100.0,263.24,244.78,263.24,0.74,0.05,0.74,8.96,9.66,8.96,88.47,90.2,88.47,0.0,0.0,0.0,0.0,0.0,1011.65,1011.21,1011.65,0.41,0.41,355.79,355.79,0.12,0.12,7.27,7.27,0.0,0.0,355.99,9.01,6.61,3.0,6.89,3.0,0.29,0.43,0.38,0.31,0.25,0.31,4.94,5.11,4.91,4.62,5.13,4.62,24.13,24.13,19.46,16.5,19.46,349.72,37.74,67.98,2.8,176.34,349.72,0.3,0.51,0.52,0.56,0.31,0.47,0.51,3.44,4.25,2.94,4.32,2.67,3.44,130.49,159.95,130.49,90.17,90.17,90.17,90.17,269.97,269.97,90.17,90.17,90.17,90.17,90.17,90.17,269.92,269.92,90.17,90.17,209.16,209.16,90.17,90.17,5.04,6.64,5.04,2.74,2.74,2.76,2.76,25.66,25.66,2.32,2.32,2.44,2.44,2.51,2.51,7.72,7.72,2.57,2.57,0.89,0.89,2.7,2.7,143.27,127.74,135.83,360.0,173.7,360.0,0.09,0.28,0.37,0.0,0.38,0.0,1.29,2.11,2.4,0.0,2.67,0.0
2023-06-18T12:00:00+00:00,22.31,17.71,22.31,17.53,17.53,17.49,17.49,-61.74,-61.74,-13.1,-13.1,9.49,9.49,17.62,17.62,100.0,100.0,100.0,258.35,223.31,258.35,1.02,0.02,1.02,7.15,8.23,7.15,75.71,92.1,75.71,0.0,0.0,0.0,0.0,0.0,1010.75,1011.07,1010.75,0.41,0.41,356.44,356.44,0.13,0.13,7.18,7.18,0.0,0.0,355.6,10.21,6.27,3.4,6.73,3.4,0.28,0.43,0.37,0.32,0.24,0.32,4.95,5.04,4.97,4.65,5.13,4.65,24.13,24.13,19.59,16.53,19.59,5.2,50.16,59.91,2.6,172.48,5.2,0.33,0.48,0.55,0.54,0.33,0.45,0.48,3.55,4.01,2.97,4.44,2.66,3.55,131.52,158.25,131.52,90.16,90.16,90.16,90.16,269.97,269.97,90.15,90.15,90.15,90.15,90.15,90.15,269.92,269.92,90.15,90.15,268.65,268.65,90.15,90.15,5.24,5.77,5.24,2.65,2.65,2.68,2.68,24.8,24.8,2.24,2.24,2.35,2.35,2.42,2.42,7.36,7.36,2.49,2.49,0.28,0.28,2.62,2.62,128.12,130.88,130.47,360.0,172.27,360.0,0.18,0.34,0.34,0.0,0.36,0.0,1.84,2.32,2.36,0.0,2.66,0.0
2023-06-18T13:00:00+00:00,24.0,17.89,24.0,17.82,17.82,17.78,17.78,-62.1,-62.1,-13.23,-13.23,9.43,9.43,17.9,17.9,92.21,100.0,92.21,245.58,136.84,245.58,0.66,0.02,0.66,7.84,7.81,7.84,65.5,90.6,65.5,0.0,0.0,0.02,0.0,0.02,1010.34,1010.87,1010.34,0.41,0.41,356.49,356.49,0.14,0.14,7.09,7.09,0.0,0.0,1.27,17.46,6.12,4.4,6.65,4.4,0.29,0.45,0.37,0.33,0.23,0.33,4.83,4.87,4.98,4.9,5.15,4.9,24.13,24.13,19.67,16.53,19.67,22.08,47.83,48.37,4.4,113.0,22.08,0.32,0.46,0.54,0.51,0.35,0.44,0.46,3.73,4.08,3.04,4.53,3.26,3.73,133.36,152.05,133.36,90.14,90.14,90.14,90.14,269.96,269.96,90.12,90.12,90.13,90.13,90.13,90.13,269.92,269.92,90.13,90.13,209.19,209.19,90.13,90.13,4.83,5.7,4.83,3.02,3.02,3.02,3.02,23.17,23.17,2.72,2.72,2.84,2.84,2.9,2.9,6.43,6.43,2.94,2.94,0.61,0.61,3.01,3.01,134.91,132.4,116.91,33.1,172.29,33.1,0.13,0.29,0.28,0.06,0.35,0.06,1.73,2.17,2.21,2.44,2.63,2.44
2023-06-18T14:00:00+00:00,24.52,18.07,24.52,18.12,18.12,18.06,18.06,-62.47,-62.47,-13.36,-13.36,9.37,9.37,18.18,18.18,100.0,100.0,100.0,229.47,114.26,229.47,0.51,0.04,0.51,7.7,7.4,7.7,63.31,89.1,63.31,0.0,0.0,0.11,0.0,0.11,1009.88,1010.67,1009.88,0.41,0.41,356.55,356.55,0.14,0.14,6.99,6.99,0.0,0.0,4.29,24.71,5.97,1.4,6.56,1.4,0.3,0.46,0.36,0.32,0.22,0.32,4.71,4.7,5.0,5.57,5.17,5.57,24.13,24.13,19.74,16.53,19.74,41.41,45.51,36.82,4.9,53.51,41.41,0.31,0.44,0.52,0.48,0.35,0.44,0.44,3.98,4.14,3.11,4.51,3.87,3.98,135.19,145.85,135.19,90.12,90.12,90.12,90.12,269.96,269.96,90.1,90.1,90.1,90.1,90.1,90.1,269.91,269.91,90.1,90.1,149.74,149.74,90.11,90.11,4.41,5.63,4.41,3.39,3.39,3.37,3.37,21.55,21.55,3.2,3.2,3.32,3.32,3.37,3.37,5.49,5.49,3.4,3.4,0.93,0.93,3.41,3.41,148.21,133.93,103.34,23.0,172.3,23.0,0.07,0.23,0.22,0.15,0.35,0.15,1.37,2.01,2.05,3.04,2.59,3.04
2023-06-18T15:00:00+00:00,24.47,18.25,24.47,18.41,18.41,18.34,18.34,-62.83,-62.83,-13.48,-13.48,9.31,9.31,18.46,18.46,100.0,100.0,100.0,204.86,112.71,204.86,0.34,0.05,0.34,6.73,6.98,6.73,63.66,87.6,63.66,0.0,0.0,0.46,0.0,0.46,1009.53,1010.46,1009.53,0.41,0.41,356.6,356.6,0.15,0.15,6.9,6.9,0.0,0.0,2.41,31.96,5.82,4.1,6.48,4.1,0.31,0.48,0.36,0.33,0.21,0.33,4.84,4.53,5.01,5.47,5.19,5.47,24.13,24.13,19.82,16.54,19.82,53.41,43.18,25.28,4.3,354.03,53.41,0.31,0.43,0.51,0.45,0.36,0.43,0.43,4.2,4.21,3.18,4.43,4.47,4.2,137.03,139.65,137.03,90.1,90.1,90.1,90.1,269.95,269.95,90.07,90.07,90.08,90.08,90.08,90.08,269.91,269.91,90.08,90.08,90.28,90.28,90.09,90.09,4.0,5.56,4.0,3.76,3.76,3.71,3.71,19.92,19.92,3.68,3.68,3.81,3.81,3.85,3.85,4.56,4.56,3.85,3.85,1.26,1.26,3.8,3.8,180.0,135.45,89.78,8.0,172.32,8.0,0.0,0.18,0.16,0.13,0.34,0.13,1.0,1.86,1.9,2.83,2.56,2.83
2023-06-18T16:00:00+00:00,23.29,18.64,23.29,19.29,19.29,19.21,19.21,-62.44,-62.44,-13.32,-13.32,9.16,9.16,19.32,19.32,100.0,100.0,100.0,137.55,106.79,137.55,0.39,0.06,0.39,4.26,7.09,4.26,68.35,84.77,68.35,0.0,0.0,0.57,0.0,0.57,1009.35,1010.18,1009.35,0.41,0.41,356.82,356.82,0.15,0.15,6.86,6.86,0.0,0.0,359.08,29.7,5.46,4.9,319.33,4.9,0.32,0.47,0.35,0.35,0.15,0.35,5.2,4.58,5.03,5.2,3.94,5.2,24.13,24.13,19.77,16.54,19.77,53.81,37.85,23.13,4.5,355.01,53.81,0.33,0.44,0.49,0.44,0.36,0.41,0.44,4.21,4.32,3.21,4.39,5.24,4.21,135.41,142.65,135.41,90.11,90.11,90.11,90.11,269.94,269.94,90.08,90.08,90.09,90.09,90.09,90.09,269.88,269.88,90.09,90.09,150.13,150.13,90.1,90.1,3.75,5.61,3.75,3.66,3.66,3.63,3.63,19.57,19.57,3.49,3.49,3.64,3.64,3.7,3.7,4.0,4.0,3.7,3.7,1.55,1.55,3.69,3.69,180.0,134.56,104.1,5.7,168.06,5.7,0.0,0.15,0.15,0.08,0.31,0.08,1.0,1.74,1.9,2.15,2.42,2.15
2023-06-18T17:00:00+00:00,21.45,19.02,21.45,20.16,20.16,20.08,20.08,-62.05,-62.05,-13.15,-13.15,9.01,9.01,20.19,20.19,100.0,100.0,100.0,109.35,111.36,109.35,0.7,0.07,0.7,3.82,7.2,3.82,88.62,81.93,88.62,0.0,0.0,0.0,0.0,0.0,1008.95,1009.9,1008.95,0.41,0.41,357.05,357.05,0.16,0.16,6.83,6.83,0.0,0.0,357.04,27.44,5.1,5.4,272.19,5.4,0.33,0.45,0.35,0.35,0.1,0.35,5.36,4.62,5.05,4.96,2.69,4.96,24.13,24.13,19.67,16.55,19.67,47.85,32.51,20.97,4.7,355.99,47.85,0.33,0.46,0.47,0.43,0.35,0.38,0.46,4.09,4.44,3.23,4.25,6.02,4.09,133.8,145.66,133.8,90.11,90.11,90.12,90.12,269.94,269.94,90.09,90.09,90.1,90.1,90.1,90.1,269.86,269.86,90.11,90.11,209.99,209.99,90.11,90.11,3.49,5.67,3.49,3.57,3.57,3.55,3.55,19.21,19.21,3.31,3.31,3.48,3.48,3.54,3.54,3.45,3.45,3.56,3.56,1.83,1.83,3.59,3.59,180.0,133.67,118.41,1.5,163.79,1.5,0.0,0.12,0.13,0.02,0.28,0.02,1.0,1.62,1.89,0.39,2.29,0.39
2023-06-18T18:00:00+00:00,21.77,19.4,21.77,21.04,21.04,20.95,20.95,-61.66,-61.66,-12.98,-12.98,8.86,8.86,21.05,21.05,100.0,100.0,100.0,100.95,121.31,100.95,0.95,0.08,0.95,2.53,7.31,2.53,86.45,79.1,86.45,0.0,0.0,0.0,0.0,0.0,1008.32,1009.62,1008.32,0.41,0.41,357.27,357.27,0.16,0.16,6.79,6.79,0.0,0.0,355.48,25.18,4.74,4.7,225.04,4.7,0.34,0.44,0.34,0.34,0.04,0.34,5.45,4.67,5.07,4.72,1.44,4.72,24.13,24.13,19.61,16.56,19.61,38.45,27.18,18.82,4.4,356.97,38.45,0.34,0.49,0.45,0.42,0.35,0.36,0.49,3.95,4.55,3.26,4.0,6.79,3.95,132.18,148.66,132.18,90.12,90.12,90.13,90.13,269.93,269.93,90.1,90.1,90.11,90.11,90.11,90.11,269.83,269.83,90.12,90.12,269.84,269.84,90.12,90.12,3.24,5.72,3.24,3.47,3.47,3.47,3.47,18.86,18.86,3.12,3.12,3.31,3.31,3.39,3.39,2.89,2.89,3.41,3.41,2.12,2.12,3.48,3.48,180.0,132.78,132.73,358.5,159.53,358.5,0.0,0.09,0.12,0.01,0.25,0.01,1.0,1.5,1.89,0.31,2.15,0.31
2023-06-18T19:00:00+00:00,21.85,19.06,21.85,20.48,20.48,20.43,20.43,-62.0,-62.0,-12.65,-12.65,8.97,8.97,20.49,20.49,100.0,100.0,100.0,88.88,139.04,88.88,0.7,0.07,0.7,4.65,8.05,4.65,84.49,80.2,84.49,0.0,0.0,0.0,0.04,0.0,1007.98,1009.25,1007.98,0.41,0.41,306.82,306.82,0.15,0.15,5.51,5.51,0.0,0.0,354.69,22.86,4.57,2.5,270.53,2.5,0.33,0.43,0.33,0.33,0.11,0.33,5.42,4.75,5.07,4.59,3.2,4.59,24.13,24.13,19.57,16.52,19.57,35.72,24.84,16.78,2.3,356.93,35.72,0.33,0.51,0.44,0.42,0.34,0.36,0.51,3.89,4.61,3.07,3.89,6.76,3.89,135.83,142.15,135.83,90.1,90.1,90.11,90.11,269.92,269.92,90.08,90.08,90.09,90.09,90.09,90.09,269.86,269.86,90.1,90.1,214.09,214.09,90.1,90.1,3.29,6.1,3.29,4.49,4.49,4.41,4.41,18.24,18.24,3.97,3.97,4.24,4.24,4.37,4.37,4.12,4.12,4.43,4.43,1.43,1.43,4.49,4.49,180.0,135.07,155.88,360.0,150.29,360.0,0.0,0.09,0.15,0.0,0.25,0.0,1.0,1.51,1.84,0.0,2.2,0.0
2023-06-18T20:00:00+00:00,21.81,18.72,21.81,19.91,19.91,19.9,19.9,-62.34,-62.34,-12.31,-12.31,9.08,9.08,19.93,19.93,100.0,100.0,100.0,66.65,163.13,66.65,0.47,0.08,0.47,6.36,8.79,6.36,73.08,81.3,73.08,0.0,0.0,0.0,0.08,0.0,1007.99,1008.88,1007.99,0.41,0.41,256.38,256.38,0.15,0.15,4.24,4.24,0.0,0.0,353.37,20.54,4.39,0.1,316.01,0.1,0.31,0.42,0.32,0.31,0.17,0.31,5.6,4.82,5.08,5.08,4.95,5.08,24.13,24.13,19.53,16.48,19.53,40.52,22.5,14.74,0.5,356.9,40.52,0.31,0.52,0.43,0.41,0.33,0.36,0.52,3.92,4.68,2.89,3.85,6.74,3.92,139.48,135.64,139.48,90.08,90.08,90.09,90.09,269.9,269.9,90.07,90.07,90.07,90.07,90.07,90.07,269.9,269.9,90.07,90.07,158.34,158.34,90.08,90.08,3.33,6.49,3.33,5.52,5.52,5.34,5.34,17.62,17.62,4.81,4.81,5.17,5.17,5.34,5.34,5.34,5.34,5.46,5.46,0.73,0.73,5.51,5.51,116.27,137.36,179.02,360.0,141.06,360.0,0.07,0.09,0.17,0.0,0.26,0.0,1.33,1.51,1.79,0.0,2.26,0.0
2023-06-18T21:00:00+00:00,21.28,18.38,21.28,19.35,19.35,19.38,19.38,-62.68,-62.68,-11.98,-11.98,9.2,9.2,19.37,19.37,100.0,100.0,100.0,63.01,189.83,63.01,0.29,0.1,0.29,7.18,9.52,7.18,73.98,82.4,73.98,0.0,0.0,1.26,0.12,1.26,1007.85,1008.51,1007.85,0.41,0.41,205.93,205.93,0.14,0.14,2.96,2.96,0.0,0.0,352.63,18.22,4.22,0.0,1.5,0.0,0.3,0.41,0.31,0.3,0.24,0.3,5.62,4.9,5.08,5.05,6.71,5.05,24.14,24.14,19.5,16.44,19.5,51.09,20.16,12.7,359.9,356.86,51.09,0.32,0.5,0.42,0.41,0.32,0.36,0.5,4.12,4.74,2.7,3.91,6.71,4.12,143.13,129.13,143.13,90.06,90.06,90.07,90.07,269.89,269.89,90.05,90.05,90.05,90.05,90.05,90.05,269.93,269.93,90.05,90.05,102.59,102.59,90.06,90.06,3.38,6.87,3.38,6.54,6.54,6.28,6.28,17.0,17.0,5.66,5.66,6.1,6.1,6.32,6.32,6.57,6.57,6.48,6.48,0.04,0.04,6.52,6.52,118.79,139.65,202.17,360.0,131.82,360.0,0.14,0.09,0.2,0.0,0.26,0.0,1.41,1.52,1.74,0.0,2.31,0.0
2023-06-18T22:00:00+00:00,19.93,18.01,19.93,18.62,18.62,18.62,18.62,-61.91,-61.91,-12.11,-12.11,9.04,9.04,18.64,18.64,100.0,100.0,100.0,337.75,212.78,337.75,0.1,0.12,0.1,7.8,9.21,7.8,87.24,87.3,87.24,0.0,0.0,2.41,0.1,2.41,1008.04,1008.66,1008.04,0.41,0.41,167.16,167.16,0.12,0.12,2.81,2.81,0.0,0.0,6.8,21.78,4.05,359.8,1.61,359.8,0.33,0.41,0.3,0.3,0.24,0.3,4.7,4.87,5.08,4.97,6.64,4.97,21.37,21.37,19.48,16.45,19.48,62.63,350.83,333.61,359.7,310.84,62.63,0.37,0.46,0.48,0.47,0.31,0.39,0.46,4.42,4.32,2.72,4.04,5.27,4.42,175.7,155.37,175.7,150.01,150.01,150.01,150.01,269.89,269.89,150.0,150.0,150.0,150.0,150.0,150.0,269.91,269.91,150.0,150.0,158.36,158.36,150.01,150.01,5.38,6.5,5.38,5.56,5.56,5.49,5.49,15.95,15.95,4.73,4.73,5.08,5.08,5.27,5.27,6.49,6.49,5.42,5.42,2.45,2.45,5.56,5.56,147.18,172.15,212.74,360.0,160.29,360.0,0.18,0.2,0.3,0.0,0.3,0.0,1.71,1.74,2.03,0.0,2.34,0.0
2023-06-18T23:00:00+00:00,19.45,17.63,19.45,17.9,17.9,17.86,17.86,-61.14,-61.14,-12.24,-12.24,8.89,8.89,17.91,17.91,100.0,100.0,100.0,268.68,232.38,268.68,0.7,0.13,0.7,8.7,8.91,8.7,90.06,92.2,90.06,0.0,0.0,0.13,0.09,0.13,1008.0,1008.81,1008.0,0.41,0.41,128.39,128.39,0.11,0.11,2.65,2.65,0.0,0.0,2.26,25.34,3.87,359.6,1.72,359.6,0.31,0.41,0.3,0.31,0.23,0.31,4.97,4.83,5.09,4.63,6.58,4.63,18.61,18.61,19.46,16.45,19.46,75.52,321.49,294.53,359.3,264.82,75.52,0.35,0.42,0.53,0.54,0.32,0.42,0.42,4.84,3.89,2.73,4.17,3.84,4.84,208.27,181.61,208.27,209.95,209.95,209.96,209.96,269.89,269.89,209.94,209.94,209.94,209.94,209.94,209.94,269.89,269.89,209.94,209.94,214.14,214.14,209.95,209.95,7.39,6.13,7.39,4.58,4.58,4.71,4.71,14.91,14.91,3.8,3.8,4.06,4.06,4.23,4.23,6.4,6.4,4.37,4.37,4.87,4.87,4.6,4.6,153.37,204.65,223.31,360.0,188.76,360.0,0.18,0.31,0.4,0.0,0.34,0.0,1.83,1.95,2.31,0.0,2.37,0.0
2023-06-19T00:00:00+00:00,18.27,17.26,18.27,17.18,17.18,17.11,17.11,-60.37,-60.37,-12.37,-12.37,8.73,8.73,17.17,17.17,99.46,100.0,99.46,260.62,94.42,260.62,1.06,0.22,1.06,12.38,8.6,12.38,91.34,97.1,91.34,0.0,0.0,0.06,0.07,0.06,1007.8,1008.95,1007.8,0.41,0.41,89.62,89.62,0.09,0.09,2.5,2.5,0.0,0.0,1.63,28.9,3.7,359.6,1.83,359.6,0.26,0.41,0.29,0.33,0.23,0.33,5.2,4.8,5.09,4.68,6.51,4.68,15.85,15.85,17.72,16.45,17.72,106.33,292.16,255.44,359.2,218.8,106.33,0.47,0.43,0.59,0.6,0.33,0.45,0.43,4.46,3.47,2.75,4.28,2.4,4.46,240.84,207.85,240.84,269.9,269.9,269.9,269.9,269.89,269.89,269.89,269.89,269.89,269.89,269.89,269.89,269.87,269.87,269.89,269.89,269.91,269.91,269.9,269.9,9.39,5.76,9.39,3.6,3.6,3.92,3.92,13.86,13.86,2.87,2.87,3.04,3.04,3.18,3.18,6.32,6.32,3.31,3.31,7.28,7.28,3.64,3.64,261.52,237.15,233.88,360.0,217.23,360.0,0.4,0.42,0.5,0.0,0.38,0.0,2.16,2.17,2.6,0.0,2.4,0.0
2023-06-19T01:00:00+00:00,17.58,17.05,17.58,16.78,16.78,16.71,16.71,-59.88,-59.88,-12.5,-12.5,8.54,8.54,16.79,16.79,100.0,100.0,100.0,250.47,95.05,250.47,0.76,0.21,0.76,14.96,9.07,14.96,91.27,94.13,91.27,0.0,0.0,0.0,0.05,0.0,1008.75,1009.36,1008.75,0.41,0.41,145.18,145.18,0.08,0.08,3.37,3.37,0.0,0.0,348.09,15.92,3.54,358.5,1.1,358.5,0.24,0.37,0.28,0.27,0.22,0.27,5.29,5.03,5.15,6.17,6.49,6.17,18.61,18.61,17.69,16.44,17.69,191.11,277.06,251.03,0.9,229.94,191.11,0.62,0.61,0.77,0.75,0.35,0.57,0.61,3.4,3.55,2.97,4.37,2.89,3.4,242.11,228.64,242.11,269.93,269.93,269.93,269.93,269.91,269.91,269.93,269.93,269.93,269.93,269.93,269.93,269.89,269.89,269.93,269.93,269.92,269.92,269.93,269.93,9.41,6.4,9.41,5.56,5.56,5.84,5.84,17.52,17.52,4.59,4.59,4.85,4.85,5.02,5.02,7.57,7.57,5.18,5.18,6.95,6.95,5.56,5.56,253.82,239.5,235.56,360.0,227.24,360.0,0.58,0.65,0.66,0.0,0.52,0.0,2.64,2.65,2.92,0.0,2.89,0.0
2023-06-19T02:00:00+00:00,16.6,16.84,16.6,16.39,16.39,16.31,16.31,-59.38,-59.38,-12.64,-12.64,8.34,8.34,16.41,16.41,100.0,100.0,100.0,234.86,96.21,234.86,0.57,0.19,0.57,14.64,9.53,14.64,92.33,91.17,92.33,0.0,0.0,0.0,0.02,0.0,1009.71,1009.77,1009.71,0.41,0.41,200.74,200.74,0.07,0.07,4.23,4.23,0.0,0.0,349.98,2.95,3.38,2.3,0.36,2.3,0.18,0.32,0.27,0.36,0.21,0.36,5.85,5.25,5.2,4.77,6.47,4.77,21.37,21.37,17.66,16.42,17.66,213.68,261.95,246.61,1.9,241.08,213.68,0.87,0.93,0.96,0.89,0.36,0.7,0.93,3.26,3.63,3.19,4.44,3.39,3.26,243.38,249.42,243.38,269.97,269.97,269.97,269.97,269.93,269.93,269.96,269.96,269.96,269.96,269.96,269.96,269.91,269.91,269.96,269.96,269.93,269.93,269.97,269.97,9.44,7.04,9.44,7.52,7.52,7.76,7.76,21.18,21.18,6.32,6.32,6.65,6.65,6.87,6.87,8.83,8.83,7.05,7.05,6.61,6.61,7.49,7.49,257.83,241.86,237.23,360.0,237.25,360.0,0.86,0.87,0.83,0.0,0.66,0.0,3.15,3.12,3.25,0.0,3.38,0.0
2023-06-19T03:00:00+00:00,16.67,16.63,16.67,15.99,15.99,15.92,15.92,-58.88,-58.88,-12.78,-12.78,8.14,8.14,16.03,16.03,95.47,100.0,95.47,218.66,98.63,218.66,0.4,0.17,0.4,13.12,10.0,13.12,87.62,88.2,87.62,0.0,0.0,0.0,0.0,0.0,1010.09,1010.17,1010.09,0.41,0.41,256.3,256.3,0.06,0.06,5.1,5.1,0.0,0.0,334.17,349.97,3.22,2.5,359.63,2.5,0.2,0.28,0.26,0.36,0.2,0.36,5.44,5.48,5.26,4.83,6.45,4.83,24.14,24.14,17.63,16.41,17.63,214.58,246.85,242.2,1.7,252.22,214.58,1.01,1.2,1.14,1.04,0.36,0.82,1.2,3.67,3.71,3.41,4.48,3.88,3.67,244.65,270.21,244.65,270.0,270.0,270.0,270.0,269.95,269.95,270.0,270.0,270.0,270.0,270.0,270.0,269.93,269.93,270.0,270.0,269.94,269.94,270.0,270.0,9.46,7.68,9.46,9.48,9.48,9.68,9.68,24.84,24.84,8.04,8.04,8.46,8.46,8.71,8.71,10.08,10.08,8.92,8.92,6.28,6.28,9.41,9.41,262.42,244.21,238.91,360.0,247.26,360.0,1.0,1.1,0.99,0.0,0.8,0.0,3.66,3.6,3.57,0.0,3.87,0.0
2023-06-19T04:00:00+00:00,16.62,16.39,16.62,15.62,15.62,15.57,15.57,-58.88,-58.88,-12.87,-12.87,7.95,7.95,15.7,15.7,75.84,100.0,75.84,163.04,103.85,163.04,0.29,0.14,0.29,12.35,9.64,12.35,88.79,88.3,88.79,0.0,0.0,0.01,0.0,0.01,1010.59,1010.69,1010.59,0.41,0.41,289.32,289.32,0.07,0.07,4.43,4.43,0.0,0.0,318.31,334.58,3.05,3.5,359.32,3.5,0.27,0.31,0.26,0.37,0.19,0.37,5.24,5.42,5.28,4.81,6.44,4.81,24.14,24.14,17.61,16.36,17.61,212.85,246.09,242.78,2.1,253.88,212.85,1.03,1.31,1.15,1.05,0.37,0.81,1.31,4.03,3.88,3.44,4.35,4.01,4.03,241.61,261.3,241.61,269.99,269.99,269.99,269.99,269.95,269.95,269.99,269.99,269.99,269.99,269.99,269.99,269.93,269.93,269.99,269.99,269.95,269.95,269.99,269.99,9.24,7.74,9.24,9.04,9.04,9.17,9.17,25.06,25.06,7.8,7.8,8.17,8.17,8.4,8.4,10.14,10.14,8.58,8.58,6.76,6.76,8.97,8.97,264.5,242.98,239.47,360.0,248.6,360.0,1.0,1.1,1.0,0.0,0.79,0.0,3.89,3.76,3.61,0.0,4.0,0.0
2023-06-19T05:00:00+00:00,16.44,16.16,16.44,15.24,15.24,15.22,15.22,-58.87,-58.87,-12.96,-12.96,7.76,7.76,15.37,15.37,78.11,100.0,78.11,113.69,112.73,113.69,0.54,0.11,0.54,12.28,9.29,12.28,86.75,88.4,86.75,0.0,0.0,0.0,0.0,0.0,1011.24,1011.21,1011.24,0.41,0.41,322.35,322.35,0.08,0.08,3.77,3.77,0.0,0.0,318.47,319.2,2.89,5.1,359.0,5.1,0.26,0.34,0.25,0.37,0.19,0.37,5.37,5.35,5.3,4.8,6.42,4.8,24.13,24.13,17.59,16.3,17.59,213.4,245.33,243.37,353.3,255.53,213.4,1.04,1.29,1.15,1.06,0.41,0.8,1.29,4.17,4.04,3.48,2.83,4.15,4.17,238.58,252.39,238.58,269.98,269.98,269.98,269.98,269.94,269.94,269.98,269.98,269.98,269.98,269.98,269.98,269.93,269.93,269.98,269.98,269.96,269.96,269.98,269.98,9.01,7.79,9.01,8.6,8.6,8.67,8.67,25.27,25.27,7.55,7.55,7.89,7.89,8.08,8.08,10.21,10.21,8.24,8.24,7.24,7.24,8.53,8.53,265.39,241.75,240.02,260.0,249.94,260.0,1.01,1.1,1.02,0.16,0.78,0.16,4.0,3.93,3.65,1.47,4.14,1.47
2023-06-19T06:00:00+00:00,16.75,15.92,16.75,14.87,14.87,14.87,14.87,-58.87,-58.87,-13.06,-13.06,7.56,7.56,15.04,15.04,66.23,100.0,66.23,98.12,126.34,98.12,0.73,0.09,0.73,11.38,8.93,11.38,83.23,88.5,83.23,0.0,0.0,0.0,0.0,0.0,1011.8,1011.73,1011.8,0.41,0.41,355.37,355.37,0.09,0.09,3.1,3.1,0.0,0.0,298.8,303.81,2.72,6.7,358.69,6.7,0.44,0.37,0.25,0.37,0.18,0.37,5.03,5.29,5.32,4.84,6.41,4.84,24.13,24.13,17.62,16.25,17.62,213.49,244.57,243.95,335.2,257.19,213.49,0.95,1.27,1.16,1.07,0.46,0.79,1.27,4.23,4.21,3.51,2.82,4.28,4.23,235.54,243.48,235.54,269.97,269.97,269.97,269.97,269.94,269.94,269.97,269.97,269.97,269.97,269.97,269.97,269.93,269.93,269.97,269.97,269.97,269.97,269.97,269.97,8.79,7.85,8.79,8.16,8.16,8.16,8.16,25.49,25.49,7.31,7.31,7.6,7.6,7.77,7.77,10.27,10.27,7.9,7.9,7.72,7.72,8.09,8.09,259.51,240.52,240.58,263.5,251.28,263.5,0.84,1.1,1.03,0.27,0.77,0.27,3.87,4.09,3.69,2.03,4.27,2.03
2023-06-19T07:00:00+00:00,17.75,15.97,17.75,14.91,14.91,14.94,14.94,-59.05,-59.05,-13.14,-13.14,7.62,7.62,15.11,15.11,88.51,72.07,88.51,87.36,149.72,87.36,0.65,0.08,0.65,10.99,8.49,10.99,76.18,88.33,76.18,0.0,0.0,0.0,0.0,0.0,1012.65,1012.22,1012.65,0.41,0.41,355.56,355.56,0.09,0.09,3.03,3.03,0.0,0.0,296.91,296.88,332.84,10.2,358.57,10.2,0.41,0.39,0.27,0.3,0.18,0.3,5.16,5.23,4.94,4.39,6.38,4.39,24.13,24.13,17.7,16.31,17.7,212.51,244.5,244.53,320.8,258.83,212.51,0.85,1.28,1.08,1.01,0.48,0.75,1.28,4.29,4.17,3.49,2.75,4.26,4.29,234.77,242.43,234.77,269.97,269.97,269.97,269.97,269.94,269.94,269.97,269.97,269.97,269.97,269.97,269.97,269.92,269.92,269.97,269.97,269.97,269.97,269.97,269.97,8.37,7.51,8.37,7.75,7.75,7.74,7.74,24.1,24.1,6.93,6.93,7.21,7.21,7.37,7.37,9.44,9.44,7.48,7.48,7.39,7.39,7.67,7.67,258.12,239.33,239.55,260.0,253.51,260.0,0.75,1.0,0.95,0.32,0.73,0.32,3.73,4.0,3.63,2.19,4.25,2.19
2023-06-19T08:00:00+00:00,18.34,16.02,18.34,14.94,14.94,15.01,15.01,-59.22,-59.22,-13.23,-13.23,7.68,7.68,15.19,15.19,37.81,44.13,37.81,67.3,174.09,67.3,0.43,0.08,0.43,10.23,8.05,10.23,75.64,88.17,75.64,0.0,0.0,0.0,0.0,0.0,1012.89,1012.7,1012.89,0.41,0.41,355.76,355.76,0.1,0.1,2.96,2.96,0.0,0.0,292.71,289.96,302.97,7.4,358.44,7.4,0.43,0.4,0.28,0.3,0.17,0.3,5.0,5.18,4.56,4.39,6.36,4.39,24.13,24.13,17.8,16.36,17.8,211.24,244.42,245.11,312.0,260.47,211.24,0.78,1.22,1.0,0.96,0.49,0.7,1.22,4.25,4.13,3.47,2.74,4.23,4.25,234.01,241.37,234.01,269.97,269.97,269.97,269.97,269.93,269.93,269.97,269.97,269.97,269.97,269.97,269.97,269.91,269.91,269.97,269.97,269.98,269.98,269.97,269.97,7.94,7.18,7.94,7.35,7.35,7.33,7.33,22.72,22.72,6.55,6.55,6.82,6.82,6.96,6.96,8.6,8.6,7.07,7.07,7.06,7.06,7.26,7.26,255.48,238.13,238.52,256.6,255.73,256.6,0.66,0.91,0.87,0.34,0.68,0.34,3.53,3.9,3.57,2.28,4.22,2.28
2023-06-19T09:00:00+00:00,19.21,16.06,19.21,14.98,14.98,15.07,15.07,-59.4,-59.4,-13.31,-13.31,7.74,7.74,15.26,15.26,37.36,16.2,37.36,44.08,191.96,44.08,0.25,0.08,0.25,9.07,7.6,9.07,72.63,88.0,72.63,0.0,0.0,0.0,0.0,0.0,1013.33,1013.19,1013.33,0.41,0.41,355.95,355.95,0.1,0.1,2.89,2.89,0.0,0.0,283.79,283.03,273.09,6.1,358.32,6.1,0.49,0.42,0.3,0.28,0.17,0.28,4.71,5.12,4.18,4.38,6.33,4.38,24.13,24.13,18.0,16.42,18.0,210.38,244.35,245.69,306.9,262.11,210.38,0.7,1.11,0.92,0.9,0.49,0.66,1.11,4.13,4.09,3.45,2.74,4.21,4.13,233.24,240.32,233.24,269.97,269.97,269.97,269.97,269.93,269.93,269.97,269.97,269.97,269.97,269.97,269.97,269.9,269.9,269.97,269.97,269.98,269.98,269.97,269.97,7.52,6.84,7.52,6.94,6.94,6.91,6.91,21.33,21.33,6.17,6.17,6.43,6.43,6.56,6.56,7.77,7.77,6.65,6.65,6.73,6.73,6.84,6.84,250.65,236.94,237.49,251.7,257.96,251.7,0.5,0.81,0.79,0.34,0.64,0.34,3.12,3.81,3.51,2.32,4.2,2.32
2023-06-19T10:00:00+00:00,20.31,16.24,20.31,15.28,15.28,15.36,15.36,-59.69,-59.69,-13.24,-13.24,7.65,7.65,15.5,15.5,90.03,42.77,90.03,350.7,206.45,350.7,0.18,0.09,0.18,7.86,6.68,7.86,68.12,86.5,68.12,0.0,0.0,0.0,0.0,0.0,1013.46,1013.31,1013.46,0.41,0.41,6.81,6.81,0.09,0.09,2.73,2.73,0.0,0.0,277.32,272.23,263.77,4.5,358.36,4.5,0.5,0.47,0.41,0.28,0.17,0.28,4.41,4.79,3.87,4.51,6.27,4.51,24.13,24.13,18.3,16.47,18.3,208.37,246.38,248.06,307.7,263.82,208.37,0.59,1.0,0.81,0.83,0.47,0.6,1.0,4.03,4.08,3.43,2.77,4.14,4.03,237.01,244.27,237.01,269.97,269.97,269.97,269.97,269.93,269.93,269.97,269.97,269.97,269.97,269.97,269.97,269.91,269.91,269.97,269.97,269.97,269.97,269.97,269.97,6.16,5.82,6.16,6.12,6.12,6.07,6.07,20.67,20.67,5.36,5.36,5.57,5.57,5.7,5.7,8.74,8.74,5.79,5.79,6.23,6.23,5.99,5.99,249.48,238.97,240.64,254.8,261.23,254.8,0.31,0.58,0.54,0.33,0.57,0.33,2.52,3.07,2.51,2.37,4.13,2.37
2023-06-19T11:00:00+00:00,21.06,16.42,21.06,15.58,15.58,15.64,15.64,-59.98,-59.98,-13.17,-13.17,7.56,7.56,15.74,15.74,36.04,69.33,36.04,289.41,218.98,289.41,0.45,0.08,0.45,6.97,5.75,6.97,65.69,85.0,65.69,0.0,0.0,0.0,0.0,0.0,1013.65,1013.44,1013.65,0.41,0.41,17.68,17.68,0.08,0.08,2.56,2.56,0.0,0.0,275.92,261.44,254.45,5.4,358.41,5.4,0.45,0.53,0.53,0.24,0.17,0.24,4.22,4.47,3.57,4.32,6.22,4.32,24.13,24.13,18.58,16.52,18.58,205.35,248.4,250.43,311.8,265.53,205.35,0.49,0.9,0.7,0.75,0.45,0.53,0.9,3.99,4.06,3.4,2.84,4.06,3.99,240.78,248.21,240.78,269.98,269.98,269.98,269.98,269.93,269.93,269.98,269.98,269.98,269.98,269.98,269.98,269.92,269.92,269.98,269.98,269.97,269.97,269.98,269.98,4.79,4.81,4.79,5.29,5.29,5.24,5.24,20.02,20.02,4.56,4.56,4.72,4.72,4.83,4.83,9.71,9.71,4.92,4.92,5.72,5.72,5.14,5.14,264.0,241.0,243.79,261.6,264.51,261.6,0.19,0.34,0.29,0.3,0.51,0.3,2.06,2.34,1.51,2.4,4.05,2.4
2023-06-19T12:00:00+00:00,20.85,16.6,20.85,15.88,15.88,15.92,15.92,-60.27,-60.27,-13.1,-13.1,7.48,7.48,15.98,15.98,27.0,95.9,27.0,267.04,229.6,267.04,0.94,0.08,0.94,6.06,4.83,6.06,72.22,83.5,72.22,0.0,0.0,0.0,0.0,0.0,1013.04,1013.57,1013.04,0.41,0.41,28.54,28.54,0.07,0.07,2.4,2.4,0.0,0.0,272.74,250.64,245.13,3.0,358.45,3.0,0.37,0.58,0.64,0.23,0.17,0.23,3.91,4.14,3.26,4.83,6.16,4.83,24.13,24.13,18.83,16.57,18.83,202.05,250.43,252.8,317.6,267.24,202.05,0.39,0.82,0.59,0.68,0.43,0.47,0.82,3.98,4.05,3.38,2.99,3.99,3.98,244.55,252.16,244.55,269.98,269.98,269.98,269.98,269.93,269.93,269.98,269.98,269.98,269.98,269.98,269.98,269.93,269.93,269.98,269.98,269.96,269.96,269.98,269.98,3.43,3.79,3.43,4.47,4.47,4.4,4.4,19.36,19.36,3.75,3.75,3.86,3.86,3.97,3.97,10.68,10.68,4.06,4.06,5.22,5.22,4.29,4.29,285.55,243.03,246.94,281.6,267.78,281.6,0.13,0.11,0.04,0.2,0.44,0.2,1.77,1.6,0.51,2.21,3.98,2.21
2023-06-19T13:00:00+00:00,20.09,16.81,20.09,16.33,16.33,16.33,16.33,-59.93,-59.93,-12.91,-12.91,7.89,7.89,16.29,16.29,23.21,92.1,23.21,255.0,240.34,255.0,0.82,0.08,0.82,5.31,3.83,5.31,77.09,81.7,77.09,0.0,0.0,0.0,0.0,0.0,1012.98,1013.3,1012.98,0.41,0.41,19.05,19.05,0.1,0.1,3.59,3.59,0.0,0.0,277.71,253.44,247.04,339.7,329.86,339.7,0.34,0.53,0.58,0.26,0.22,0.26,3.82,4.13,3.21,5.6,5.36,5.6,24.13,24.13,19.01,16.67,19.01,198.88,253.3,257.12,323.7,268.01,198.88,0.34,0.75,0.54,0.62,0.43,0.44,0.75,3.96,4.07,3.38,3.19,3.92,3.96,260.2,268.52,260.2,269.99,269.99,269.99,269.99,269.92,269.92,270.0,270.0,270.0,270.0,270.0,270.0,269.93,269.93,270.0,270.0,269.95,269.95,269.99,269.99,2.58,3.1,2.58,3.68,3.68,3.61,3.61,18.42,18.42,3.01,3.01,3.1,3.1,3.19,3.19,10.45,10.45,3.27,3.27,4.82,4.82,3.48,3.48,312.32,222.02,291.68,308.3,307.47,308.3,0.05,0.07,0.03,0.12,0.33,0.12,1.34,1.4,0.34,1.99,3.74,1.99
2023-06-19T14:00:00+00:00,20.37,17.02,20.37,16.79,16.79,16.75,16.75,-59.59,-59.59,-12.73,-12.73,8.3,8.3,16.6,16.6,22.19,88.3,22.19,241.56,249.85,241.56,0.51,0.07,0.51,5.33,2.84,5.33,70.52,79.9,70.52,0.0,0.0,0.0,0.0,0.0,1012.98,1013.03,1012.98,0.41,0.41,9.56,9.56,0.14,0.14,4.78,4.78,0.0,0.0,282.11,256.25,248.96,354.0,301.27,354.0,0.31,0.48,0.52,0.26,0.28,0.26,3.93,4.12,3.15,6.39,4.56,6.39,24.13,24.13,19.2,16.76,19.2,196.1,256.18,261.44,330.6,268.79,196.1,0.31,0.68,0.48,0.57,0.41,0.4,0.68,3.96,4.09,3.37,3.38,3.86,3.96,275.85,284.87,275.85,270.01,270.01,270.01,270.01,269.92,269.92,270.01,270.01,270.01,270.01,270.01,270.01,269.92,269.92,270.01,270.01,269.94,269.94,270.01,270.01,1.74,2.41,1.74,2.9,2.9,2.83,2.83,17.48,17.48,2.28,2.28,2.33,2.33,2.42,2.42,10.21,10.21,2.49,2.49,4.43,4.43,2.68,2.68,339.95,201.01,336.41,323.7,347.16,323.7,0.01,0.04,0.01,0.1,0.23,0.1,1.25,1.2,0.17,2.04,3.49,2.04
2023-06-19T15:00:00+00:00,20.13,17.24,20.13,17.25,17.25,17.17,17.17,-59.25,-59.25,-12.55,-12.55,8.71,8.71,16.91,16.91,100.0,84.5,100.0,222.56,258.46,222.56,0.37,0.07,0.37,4.85,1.84,4.85,74.9,78.1,74.9,0.0,0.0,0.0,0.0,0.0,1012.76,1012.76,1012.76,0.41,0.41,0.07,0.07,0.17,0.17,5.97,5.97,0.0,0.0,286.39,259.05,250.87,0.5,272.68,0.5,0.28,0.43,0.46,0.32,0.33,0.32,4.07,4.11,3.1,5.43,3.76,5.43,24.13,24.13,19.38,16.85,19.38,193.55,259.05,265.76,335.3,269.56,193.55,0.28,0.61,0.43,0.51,0.39,0.37,0.61,3.97,4.11,3.37,3.52,3.79,3.97,291.5,301.23,291.5,270.02,270.02,270.02,270.02,269.91,269.91,270.03,270.03,270.03,270.03,270.03,270.03,269.92,269.92,270.03,270.03,269.93,269.93,270.02,270.02,0.89,1.72,0.89,2.11,2.11,2.04,2.04,16.54,16.54,1.54,1.54,1.57,1.57,1.64,1.64,9.98,9.98,1.7,1.7,4.03,4.03,1.87,1.87,180.0,180.0,21.15,330.4,26.85,330.4,0.0,0.0,0.0,0.08,0.12,0.08,1.0,1.0,0.0,1.99,3.25,1.99
2023-06-19T16:00:00+00:00,20.0,17.34,20.0,17.36,17.36,17.29,17.29,-59.2,-59.2,-12.65,-12.65,8.6,8.6,17.07,17.07,99.79,89.67,99.79,171.33,268.1,171.33,0.26,0.09,0.26,4.84,1.94,4.84,73.75,77.07,73.75,0.0,0.0,0.0,0.0,0.0,1012.35,1012.71,1012.35,0.41,0.41,0.51,0.51,0.17,0.17,5.96,5.96,0.0,0.0,290.34,262.42,251.78,0.0,273.65,0.0,0.27,0.4,0.42,0.3,0.3,0.3,4.19,4.14,3.06,5.58,3.67,5.58,24.13,24.13,19.46,16.86,19.46,192.19,262.42,269.48,338.3,269.42,192.19,0.26,0.55,0.4,0.48,0.36,0.35,0.55,3.98,4.14,3.38,3.6,3.71,3.98,338.59,333.14,338.59,209.96,209.96,209.97,209.97,269.92,269.92,209.99,209.99,209.99,209.99,209.99,209.99,269.9,269.9,209.99,209.99,269.91,269.91,209.98,209.98,1.1,1.87,1.1,1.62,1.62,1.6,1.6,17.73,17.73,1.45,1.45,1.46,1.46,1.49,1.49,8.63,8.63,1.52,1.52,3.54,3.54,1.56,1.56,180.0,180.0,29.53,353.9,23.15,353.9,0.0,0.0,0.01,0.09,0.09,0.09,1.0,1.0,0.33,2.41,2.39,2.41
2023-06-19T17:00:00+00:00,19.75,17.45,19.75,17.48,17.48,17.42,17.42,-59.14,-59.14,-12.75,-12.75,8.49,8.49,17.23,17.23,100.0,94.83,100.0,114.91,261.73,114.91,0.5,0.11,0.5,4.5,2.04,4.5,74.59,76.03,74.59,0.0,0.0,0.0,0.0,0.0,1011.65,1012.66,1011.65,0.41,0.41,0.94,0.94,0.18,0.18,5.95,5.95,0.0,0.0,293.71,265.8,252.69,359.5,274.62,359.5,0.25,0.38,0.39,0.28,0.28,0.28,4.28,4.17,3.03,5.61,3.58,5.61,24.14,24.14,19.02,16.86,19.02,191.12,265.8,273.21,341.6,269.29,191.12,0.25,0.5,0.38,0.45,0.34,0.33,0.5,3.97,4.17,3.38,3.68,3.62,3.97,25.67,5.04,25.67,149.91,149.91,149.92,149.92,269.92,269.92,149.96,149.96,149.96,149.96,149.96,149.96,269.88,269.88,149.95,149.95,269.9,269.9,149.94,149.94,1.31,2.03,1.31,1.14,1.14,1.17,1.17,18.92,18.92,1.36,1.36,1.36,1.36,1.35,1.35,7.29,7.29,1.33,1.33,3.05,3.05,1.26,1.26,180.0,180.0,37.92,11.6,19.44,11.6,0.0,0.0,0.01,0.08,0.06,0.08,1.0,1.0,0.66,2.62,1.52,2.62
2023-06-19T18:00:00+00:00,19.43,17.55,19.43,17.59,17.59,17.54,17.54,-59.09,-59.09,-12.84,-12.84,8.37,8.37,17.39,17.39,100.0,100.0,100.0,100.34,247.32,100.34,0.84,0.14,0.84,4.23,2.13,4.23,77.63,75.0,77.63,0.0,0.0,0.0,0.0,0.0,1011.69,1012.61,1011.69,0.41,0.41,1.38,1.38,0.18,0.18,5.94,5.94,0.0,0.0,296.51,269.17,253.6,359.4,275.59,359.4,0.24,0.35,0.35,0.27,0.25,0.27,4.35,4.2,2.99,5.53,3.49,5.53,24.14,24.14,18.72,16.87,18.72,190.2,269.17,276.93,343.4,269.15,190.2,0.24,0.46,0.35,0.42,0.32,0.31,0.46,3.95,4.2,3.39,3.75,3.54,3.95,72.76,36.95,72.76,89.85,89.85,89.87,89.87,269.93,269.93,89.92,89.92,89.92,89.92,89.92,89.92,269.86,269.86,89.91,89.91,269.88,269.88,89.9,89.9,1.52,2.18,1.52,0.65,0.65,0.73,0.73,20.11,20.11,1.27,1.27,1.25,1.25,1.2,1.2,5.94,5.94,1.15,1.15,2.56,2.56,0.95,0.95,180.0,180.0,46.3,30.8,15.74,30.8,0.0,0.0,0.02,0.07,0.03,0.07,1.0,1.0,0.99,2.73,0.66,2.73
2023-06-19T19:00:00+00:00,19.04,17.59,19.04,17.83,17.83,17.77,17.77,-59.51,-59.51,-12.57,-12.57,8.37,8.37,17.55,17.55,100.0,100.0,100.0,92.13,242.1,92.13,0.78,0.15,0.78,3.56,3.16,3.56,77.4,75.47,77.4,0.0,0.0,0.0,0.0,0.0,1011.95,1012.46,1011.95,0.41,0.41,1.09,1.09,0.17,0.17,5.95,5.95,0.0,0.0,298.97,274.05,253.79,359.0,273.68,359.0,0.24,0.33,0.32,0.26,0.23,0.26,4.4,4.24,2.94,5.46,3.41,5.46,24.14,24.14,18.64,16.76,18.64,188.75,274.08,280.91,343.6,298.5,188.75,0.23,0.42,0.33,0.4,0.3,0.3,0.42,3.97,4.23,3.37,3.72,4.35,3.97,64.61,48.77,64.61,89.89,89.89,89.91,89.91,269.93,269.93,89.94,89.94,89.94,89.94,89.94,89.94,269.89,269.89,89.93,89.93,209.96,209.96,89.93,89.93,1.93,3.03,1.93,2.11,2.11,2.17,2.17,19.81,19.81,2.39,2.39,2.42,2.42,2.42,2.42,6.61,6.61,2.41,2.41,2.71,2.71,2.32,2.32,180.0,136.76,44.4,33.9,27.86,33.9,0.0,0.01,0.03,0.05,0.06,0.05,1.0,1.08,1.14,2.33,1.0,2.33
2023-06-19T20:00:00+00:00,18.86,17.62,18.86,18.06,18.06,18.0,18.0,-59.94,-59.94,-12.3,-12.3,8.37,8.37,17.71,17.71,100.0,100.0,100.0,75.88,239.54,75.88,0.55,0.15,0.55,4.25,4.19,4.25,77.4,75.93,77.4,0.0,0.0,0.0,0.0,0.0,1012.32,1012.3,1012.32,0.41,0.41,0.79,0.79,0.17,0.17,5.95,5.95,0.0,0.0,301.34,278.94,253.98,357.4,271.77,357.4,0.21,0.31,0.3,0.25,0.2,0.25,4.44,4.28,2.9,5.36,3.33,5.36,24.14,24.14,18.64,16.66,18.64,186.37,278.99,284.89,346.6,327.86,186.37,0.22,0.37,0.31,0.37,0.29,0.29,0.37,4.02,4.27,3.34,3.26,5.15,4.02,56.47,60.6,56.47,89.94,89.94,89.94,89.94,269.92,269.92,89.96,89.96,89.96,89.96,89.96,89.96,269.91,269.91,89.96,89.96,150.04,150.04,89.95,89.95,2.33,3.87,2.33,3.58,3.58,3.61,3.61,19.52,19.52,3.52,3.52,3.59,3.59,3.65,3.65,7.29,7.29,3.68,3.68,2.86,2.86,3.7,3.7,180.0,93.53,42.5,37.8,39.98,37.8,0.0,0.01,0.03,0.08,0.1,0.08,1.0,1.17,1.28,1.6,1.34,1.6
2023-06-19T21:00:00+00:00,18.73,17.66,18.73,18.29,18.29,18.22,18.22,-60.36,-60.36,-12.02,-12.02,8.37,8.37,17.87,17.87,100.0,100.0,100.0,50.37,238.03,50.37,0.38,0.14,0.38,4.46,5.21,4.46,79.94,76.4,79.94,0.0,0.0,0.01,0.0,0.01,1012.04,1012.15,1012.04,0.41,0.41,0.5,0.5,0.16,0.16,5.96,5.96,0.0,0.0,303.72,283.82,254.17,356.9,269.86,356.9,0.21,0.29,0.27,0.24,0.18,0.24,4.49,4.32,2.85,5.38,3.25,5.38,24.14,24.14,18.66,16.56,18.66,182.78,283.9,288.87,355.6,357.21,182.78,0.2,0.33,0.29,0.35,0.3,0.28,0.33,4.13,4.3,3.32,2.55,5.96,4.13,48.32,72.42,48.32,89.98,89.98,89.98,89.98,269.92,269.92,89.98,89.98,89.98,89.98,89.98,89.98,269.94,269.94,89.98,89.98,90.12,90.12,89.98,89.98,2.74,4.72,2.74,5.04,5.04,5.05,5.05,19.22,19.22,4.64,4.64,4.76,4.76,4.87,4.87,7.96,7.96,4.94,4.94,3.01,3.01,5.07,5.07,24.69,50.29,40.6,38.7,52.1,38.7,0.02,0.02,0.04,0.13,0.13,0.13,1.29,1.25,1.43,1.53,1.68,1.53
2023-06-19T22:00:00+00:00,18.74,17.62,18.74,18.34,18.34,18.32,18.32,-60.37,-60.37,-12.35,-12.35,8.31,8.31,17.97,17.97,100.0,100.0,100.0,32.12,234.8,32.12,0.24,0.13,0.24,4.3,6.24,4.3,81.33,77.3,81.33,0.0,0.0,0.0,0.04,0.0,1011.65,1011.82,1011.65,0.41,0.41,328.54,328.54,0.14,0.14,4.93,4.93,0.0,0.0,306.26,292.07,254.14,355.2,297.59,355.2,0.19,0.29,0.25,0.22,0.14,0.22,4.54,4.5,2.81,5.6,4.7,5.6,24.14,24.14,18.68,16.51,18.68,172.75,292.22,297.09,2.3,357.19,172.75,0.19,0.31,0.29,0.35,0.31,0.28,0.31,4.0,4.48,2.95,2.43,5.96,4.0,63.44,73.04,63.44,89.98,89.98,89.98,89.98,269.91,269.91,89.98,89.98,89.98,89.98,89.98,89.98,269.92,269.92,89.98,89.98,149.95,149.95,89.98,89.98,2.86,5.02,2.86,6.16,6.16,6.23,6.23,18.8,18.8,5.0,5.0,5.19,5.19,5.38,5.38,7.07,7.07,5.54,5.54,2.53,2.53,6.0,6.0,28.66,63.66,43.1,33.2,54.84,33.2,0.02,0.02,0.09,0.18,0.16,0.18,1.29,1.3,1.44,1.75,1.83,1.75
2023-06-19T23:00:00+00:00,18.72,17.59,18.72,18.39,18.39,18.42,18.42,-60.37,-60.37,-12.68,-12.68,8.26,8.26,18.06,18.06,100.0,100.0,100.0,309.72,229.83,309.72,0.29,0.11,0.29,4.01,7.27,4.01,82.44,78.2,82.44,0.0,0.0,0.0,0.07,0.0,1011.46,1011.5,1011.46,0.41,0.41,296.59,296.59,0.12,0.12,3.89,3.89,0.0,0.0,308.96,300.32,254.11,353.4,325.33,353.4,0.18,0.29,0.22,0.2,0.1,0.2,4.6,4.69,2.78,6.04,6.14,6.04,24.14,24.14,18.7,16.45,18.7,132.97,300.53,305.31,6.7,357.18,132.97,0.19,0.32,0.29,0.34,0.33,0.28,0.32,3.7,4.66,2.57,2.42,5.96,3.7,78.57,73.65,78.57,89.99,89.99,89.99,89.99,269.91,269.91,89.98,89.98,89.99,89.99,89.99,89.99,269.9,269.9,89.99,89.99,209.79,209.79,89.99,89.99,2.99,5.32,2.99,7.28,7.28,7.4,7.4,18.39,18.39,5.37,5.37,5.63,5.63,5.89,5.89,6.19,6.19,6.15,6.15,2.04,2.04,6.94,6.94,29.49,77.03,45.59,26.9,57.57,26.9,0.04,0.03,0.13,0.24,0.18,0.24,1.27,1.35,1.44,2.03,1.97,2.03
2023-06-20T00:00:00+00:00,19.18,17.55,19.18,18.43,18.43,18.52,18.52,-60.38,-60.38,-13.0,-13.0,8.2,8.2,18.16,18.16,100.0,100.0,100.0,271.47,77.71,271.47,0.85,0.15,0.85,6.05,8.3,6.05,78.71,79.1,78.71,0.0,0.0,0.24,0.11,0.24,1011.43,1011.17,1011.43,0.41,0.41,264.63,264.63,0.1,0.1,2.86,2.86,0.0,0.0,345.92,308.57,254.08,352.34,353.06,352.34,0.26,0.29,0.2,0.2,0.06,0.2,4.26,4.87,2.74,6.0,7.59,6.0,24.14,24.14,19.6,16.4,19.6,47.0,308.85,313.53,4.5,357.16,47.0,0.27,0.33,0.29,0.34,0.33,0.28,0.33,3.42,4.84,2.2,2.43,5.96,3.42,93.69,74.27,93.69,89.99,89.99,89.99,89.99,269.9,269.9,89.98,89.98,89.99,89.99,89.99,89.99,269.88,269.88,89.99,89.99,269.62,269.62,89.99,89.99,3.11,5.62,3.11,8.4,8.4,8.58,8.58,17.97,17.97,5.73,5.73,6.06,6.06,6.4,6.4,5.3,5.3,6.75,6.75,1.56,1.56,7.87,7.87,111.31,90.4,48.09,24.16,60.31,24.16,0.09,0.03,0.18,0.25,0.21,0.25,1.56,1.4,1.45,2.06,2.12,2.06
2023-06-20T01:00:00+00:00,18.61,17.64,18.61,18.34,18.34,18.39,18.39,-60.66,-60.66,-12.74,-12.74,8.15,8.15,18.16,18.16,100.0,100.0,100.0,258.41,79.31,258.41,0.89,0.16,0.89,4.27,8.71,4.27,83.02,79.83,83.02,0.0,0.0,0.0,0.07,0.0,1010.97,1010.78,1010.97,0.41,0.41,267.19,267.19,0.1,0.1,3.13,3.13,0.0,0.0,354.5,316.51,289.99,351.27,323.28,351.27,0.25,0.28,0.19,0.21,0.05,0.21,4.04,4.82,3.62,5.95,5.49,5.95,24.14,24.14,19.6,16.42,19.6,37.04,320.42,321.4,2.3,357.21,37.04,0.24,0.33,0.29,0.31,0.34,0.26,0.33,3.37,4.59,2.34,2.45,5.95,3.37,105.78,81.89,105.78,90.0,90.0,90.0,90.0,269.85,269.85,89.99,89.99,90.0,90.0,90.0,90.0,210.82,210.82,90.0,90.0,209.78,209.78,90.0,90.0,3.35,5.92,3.35,8.54,8.54,8.72,8.72,14.32,14.32,6.12,6.12,6.51,6.51,6.86,6.86,3.62,3.62,7.19,7.19,2.26,2.26,8.16,8.16,180.0,99.81,63.88,21.41,63.92,21.41,0.0,0.06,0.16,0.25,0.19,0.25,1.0,1.42,1.45,2.08,2.11,2.08
2023-06-20T02:00:00+00:00,18.64,17.72,18.64,18.25,18.25,18.26,18.26,-60.94,-60.94,-12.48,-12.48,8.11,8.11,18.16,18.16,100.0,100.0,100.0,246.42,82.13,246.42,0.56,0.16,0.56,4.66,9.13,4.66,83.35,80.57,83.35,0.0,0.0,0.0,0.04,0.0,1010.65,1010.38,1010.65,0.41,0.41,269.76,269.76,0.09,0.09,3.4,3.4,0.0,0.0,350.27,324.45,325.9,350.21,293.5,350.21,0.23,0.26,0.19,0.21,0.04,0.21,4.29,4.78,4.51,5.91,3.38,5.91,24.13,24.13,19.59,16.44,19.59,43.69,331.98,329.26,0.1,357.25,43.69,0.22,0.31,0.28,0.29,0.35,0.25,0.31,3.5,4.34,2.49,2.46,5.95,3.5,117.86,89.52,117.86,90.0,90.0,90.0,90.0,269.81,269.81,90.0,90.0,90.0,90.0,90.0,90.0,151.75,151.75,90.0,90.0,149.94,149.94,90.0,90.0,3.58,6.23,3.58,8.68,8.68,8.85,8.85,10.67,10.67,6.52,6.52,6.95,6.95,7.31,7.31,1.94,1.94,7.64,7.64,2.95,2.95,8.46,8.46,115.0,109.22,79.68,18.67,67.54,18.67,0.01,0.09,0.14,0.26,0.17,0.26,1.25,1.45,1.44,2.11,2.11,2.11
2023-06-20T03:00:00+00:00,18.57,17.8,18.57,18.15,18.15,18.13,18.13,-61.23,-61.23,-12.22,-12.22,8.06,8.06,18.16,18.16,100.0,100.0,100.0,225.81,84.42,225.81,0.43,0.14,0.43,5.3,9.54,5.3,80.08,81.3,80.08,0.0,0.0,0.0,0.0,0.0,1010.02,1009.99,1010.02,0.41,0.41,272.32,272.32,0.09,0.09,3.67,3.67,0.0,0.0,339.06,332.39,1.81,349.15,263.72,349.15,0.19,0.25,0.18,0.21,0.03,0.21,4.75,4.73,5.39,5.86,1.28,5.86,24.13,24.13,19.57,16.45,19.57,47.58,343.55,337.13,357.9,357.3,47.58,0.2,0.29,0.28,0.26,0.36,0.23,0.29,3.6,4.09,2.63,2.47,5.94,3.6,129.95,97.14,129.95,90.01,90.01,90.01,90.01,269.76,269.76,90.01,90.01,90.01,90.01,90.01,90.01,92.69,92.69,90.01,90.01,90.1,90.1,90.01,90.01,3.82,6.53,3.82,8.82,8.82,8.99,8.99,7.02,7.02,6.91,6.91,7.4,7.4,7.77,7.77,0.26,0.26,8.08,8.08,3.65,3.65,8.75,8.75,100.56,118.63,95.47,15.93,71.15,15.93,0.06,0.12,0.12,0.27,0.15,0.27,1.57,1.47,1.44,2.13,2.1,2.13
2023-06-20T04:00:00+00:00,18.2,17.63,18.2,17.75,17.75,17.71,17.71,-60.15,-60.15,-12.05,-12.05,8.1,8.1,17.75,17.75,100.0,100.0,100.0,181.49,85.7,181.49,0.28,0.13,0.28,5.69,7.47,5.69,85.63,83.27,85.63,0.0,0.0,0.0,0.01,0.0,1009.79,1009.91,1009.79,0.41,0.41,314.03,314.03,0.09,0.09,3.27,3.27,0.0,0.0,336.68,352.5,2.06,348.08,293.88,348.08,0.18,0.25,0.17,0.21,0.05,0.21,4.9,4.52,5.31,5.82,3.19,5.82,24.13,24.13,19.56,16.47,19.56,45.44,18.99,4.34,355.7,357.06,45.44,0.19,0.28,0.3,0.28,0.37,0.23,0.28,3.61,3.81,2.39,2.48,5.93,3.61,131.93,110.08,131.93,90.03,90.03,90.03,90.03,269.79,269.79,90.03,90.03,90.03,90.03,90.03,90.03,151.78,151.78,90.03,90.03,90.2,90.2,90.03,90.03,4.08,5.43,4.08,6.57,6.57,6.66,6.66,7.52,7.52,5.35,5.35,5.67,5.67,5.91,5.91,3.53,3.53,6.11,6.11,2.81,2.81,6.52,6.52,108.01,122.43,103.12,13.19,92.76,13.19,0.07,0.15,0.16,0.28,0.15,0.28,1.47,1.65,1.52,2.16,1.99,2.16
2023-06-20T05:00:00+00:00,18.2,17.45,18.2,17.34,17.34,17.29,17.29,-59.07,-59.07,-11.88,-11.88,8.14,8.14,17.35,17.35,100.0,100.0,100.0,120.4,87.43,120.4,0.48,0.12,0.48,6.25,5.4,6.25,88.48,85.23,88.48,0.0,0.0,0.01,0.03,0.01,1009.74,1009.84,1009.74,0.41,0.41,355.74,355.74,0.1,0.1,2.86,2.86,0.0,0.0,338.8,12.61,2.32,347.02,324.05,347.02,0.17,0.25,0.17,0.21,0.07,0.21,4.97,4.31,5.23,5.78,5.1,5.78,24.14,24.14,19.56,16.5,19.56,41.31,54.44,31.54,353.5,356.83,41.31,0.21,0.28,0.31,0.31,0.38,0.24,0.28,3.56,3.53,2.16,2.5,5.91,3.56,133.9,123.02,133.9,90.06,90.06,90.06,90.06,269.82,269.82,90.04,90.04,90.04,90.04,90.05,90.05,210.86,210.86,90.05,90.05,90.31,90.31,90.06,90.06,4.34,4.33,4.34,4.32,4.32,4.34,4.34,8.03,8.03,3.79,3.79,3.95,3.95,4.06,4.06,6.81,6.81,4.14,4.14,1.97,1.97,4.3,4.3,112.48,126.23,110.77,10.44,114.38,10.44,0.12,0.18,0.21,0.29,0.16,0.29,1.4,1.84,1.59,2.18,1.89,2.18
2023-06-20T06:00:00+00:00,18.7,17.28,18.7,16.94,16.94,16.87,16.87,-57.99,-57.99,-11.71,-11.71,8.18,8.18,16.94,16.94,100.0,100.0,100.0,102.27,90.44,102.27,0.8,0.11,0.8,6.17,3.34,6.17,86.35,87.2,86.35,0.0,0.0,0.0,0.04,0.0,1009.82,1009.77,1009.82,0.41,0.41,37.45,37.45,0.1,0.1,2.46,2.46,0.0,0.0,1.31,32.72,2.57,345.96,354.21,345.96,0.19,0.25,0.16,0.21,0.09,0.21,4.52,4.1,5.15,5.73,7.01,5.73,24.14,24.14,19.57,16.52,19.57,32.2,89.88,58.75,351.3,356.59,32.2,0.26,0.3,0.33,0.33,0.39,0.24,0.3,3.4,3.25,1.92,2.51,5.9,3.4,135.88,135.96,135.88,90.08,90.08,90.08,90.08,269.85,269.85,90.06,90.06,90.06,90.06,90.07,90.07,269.95,269.95,90.07,90.07,90.41,90.41,90.08,90.08,4.6,3.23,4.6,2.07,2.07,2.01,2.01,8.53,8.53,2.23,2.23,2.22,2.22,2.2,2.2,10.08,10.08,2.17,2.17,1.13,1.13,2.07,2.07,119.75,130.03,118.42,7.7,135.99,7.7,0.19,0.21,0.25,0.3,0.16,0.3,1.65,2.02,1.67,2.21,1.78,2.21
2023-06-20T07:00:00+00:00,19.19,17.6,19.19,17.44,17.44,17.38,17.38,-57.69,-57.69,-11.84,-11.84,8.38,8.38,17.45,17.45,100.0,100.0,100.0,93.64,97.01,93.64,0.83,0.1,0.83,6.1,3.36,6.1,88.97,87.83,88.97,0.0,0.0,0.0,0.04,0.0,1009.79,1009.7,1009.79,0.41,0.41,37.13,37.13,0.09,0.09,2.57,2.57,0.0,0.0,9.94,45.83,2.83,344.89,355.06,344.89,0.18,0.26,0.15,0.21,0.11,0.21,4.46,3.98,5.11,5.69,6.73,5.69,24.14,24.14,19.61,16.54,19.61,17.93,92.99,80.53,349.1,355.26,17.93,0.25,0.31,0.33,0.34,0.39,0.25,0.31,3.24,3.22,2.06,2.52,5.2,3.24,133.29,141.07,133.29,90.1,90.1,90.1,90.1,269.79,269.79,90.08,90.08,90.08,90.08,90.09,90.09,269.93,269.93,90.09,90.09,150.22,150.22,90.1,90.1,4.44,3.27,4.44,1.97,1.97,1.94,1.94,7.19,7.19,2.03,2.03,2.04,2.04,2.03,2.03,9.69,9.69,2.02,2.02,1.88,1.88,1.97,1.97,124.32,129.6,126.74,4.96,150.13,4.96,0.17,0.2,0.26,0.31,0.18,0.31,1.76,2.02,1.84,2.23,1.89,2.23
2023-06-20T08:00:00+00:00,20.23,17.93,20.23,17.95,17.95,17.89,17.89,-57.4,-57.4,-11.96,-11.96,8.58,8.58,17.95,17.95,100.0,100.0,100.0,79.6,109.41,79.6,0.6,0.08,0.6,6.11,3.38,6.11,87.21,88.47,87.21,0.0,0.0,0.0,0.03,0.0,1009.44,1009.64,1009.44,0.41,0.41,36.8,36.8,0.09,0.09,2.67,2.67,0.0,0.0,21.2,58.95,3.09,343.83,355.92,343.83,0.19,0.26,0.15,0.21,0.12,0.21,4.27,3.86,5.08,5.65,6.46,5.65,24.14,24.14,19.69,16.57,19.69,7.33,96.1,102.31,346.9,353.92,7.33,0.24,0.32,0.33,0.35,0.4,0.27,0.32,3.17,3.18,2.19,2.53,4.49,3.17,130.71,146.19,130.71,90.12,90.12,90.13,90.13,269.74,269.74,90.09,90.09,90.09,90.09,90.1,90.1,269.92,269.92,90.1,90.1,210.02,210.02,90.12,90.12,4.29,3.31,4.29,1.86,1.86,1.86,1.86,5.85,5.85,1.84,1.84,1.85,1.85,1.86,1.86,9.31,9.31,1.86,1.86,2.63,2.63,1.87,1.87,134.62,129.16,135.07,2.21,164.28,2.21,0.16,0.2,0.28,0.32,0.2,0.32,1.77,2.03,2.01,2.26,2.0,2.26
2023-06-20T09:00:00+00:00,21.39,18.25,21.39,18.45,18.45,18.4,18.4,-57.1,-57.1,-12.09,-12.09,8.79,8.79,18.46,18.46,100.0,100.0,100.0,55.88,131.33,55.88,0.42,0.07,0.42,7.53,3.4,7.53,81.73,89.1,81.73,0.0,0.0,1.3,0.02,1.3,1009.15,1009.57,1009.15,0.41,0.41,36.48,36.48,0.08,0.08,2.78,2.78,0.0,0.0,56.32,72.06,3.35,342.77,356.77,342.77,0.21,0.27,0.14,0.21,0.14,0.21,3.72,3.74,5.04,5.6,6.18,5.6,24.14,24.14,19.8,16.59,19.8,7.9,99.21,124.09,344.7,352.59,7.9,0.23,0.31,0.33,0.36,0.41,0.28,0.31,3.25,3.15,2.33,2.55,3.79,3.25,128.12,151.3,128.12,90.14,90.14,90.15,90.15,269.68,269.68,90.11,90.11,90.11,90.11,90.12,90.12,269.9,269.9,90.12,90.12,269.83,269.83,90.14,90.14,4.13,3.35,4.13,1.76,1.76,1.79,1.79,4.51,4.51,1.64,1.64,1.67,1.67,1.69,1.69,8.92,8.92,1.71,1.71,3.38,3.38,1.77,1.77,141.03,128.73,143.39,359.47,178.42,359.47,0.09,0.19,0.29,0.33,0.22,0.33,1.53,2.03,2.18,2.28,2.11,2.28
2023-06-20T10:00:00+00:00,20.43,18.37,20.43,18.65,18.65,18.59,18.59,-56.47,-56.47,-12.4,-12.4,9.01,9.01,18.67,18.67,100.0,92.2,100.0,47.67,153.55,47.67,0.3,0.06,0.3,7.24,5.65,7.24,90.11,89.9,90.11,0.0,0.0,3.96,0.02,3.96,1009.32,1009.79,1009.32,0.41,0.41,37.06,37.06,0.08,0.08,2.85,2.85,0.0,0.0,23.28,72.12,47.65,341.7,356.68,341.7,0.17,0.26,0.16,0.21,0.14,0.21,4.39,3.74,4.07,5.56,6.24,5.56,24.14,24.14,19.93,16.73,19.93,9.83,104.42,136.6,342.5,306.19,9.83,0.25,0.29,0.32,0.36,0.42,0.31,0.29,3.34,3.13,2.34,2.56,3.39,3.34,142.88,171.67,142.88,150.06,150.06,150.07,150.07,269.74,269.74,150.04,150.04,150.04,150.04,150.05,150.05,269.9,269.9,150.05,150.05,269.82,269.82,150.06,150.06,4.27,4.34,4.27,2.84,2.84,2.88,2.88,6.19,6.19,2.34,2.34,2.49,2.49,2.58,2.58,8.8,8.8,2.67,2.67,3.43,3.43,2.83,2.83,155.98,140.97,162.42,356.73,188.94,356.73,0.18,0.19,0.27,0.34,0.26,0.34,1.78,2.03,2.18,2.31,2.27,2.31
2023-06-20T11:00:00+00:00,20.46,18.49,20.46,18.84,18.84,18.79,18.79,-55.83,-55.83,-12.71,-12.71,9.22,9.22,18.88,18.88,100.0,84.4,100.0,2.9,174.12,2.9,0.19,0.06,0.19,8.47,7.89,8.47,90.7,90.7,90.7,0.0,0.0,0.16,0.02,0.16,1009.49,1010.01,1009.49,0.41,0.41,37.63,37.63,0.07,0.07,2.91,2.91,0.0,0.0,17.06,72.19,91.94,340.64,356.6,340.64,0.17,0.26,0.19,0.21,0.13,0.21,4.39,3.75,3.11,5.51,6.3,5.51,24.14,24.14,20.1,16.86,20.1,10.84,109.64,149.12,340.3,259.79,10.84,0.26,0.27,0.32,0.36,0.43,0.34,0.27,3.43,3.11,2.36,2.57,2.98,3.43,157.65,192.03,157.65,209.98,209.98,209.98,209.98,269.81,269.81,209.98,209.98,209.98,209.98,209.98,209.98,269.91,269.91,209.98,209.98,269.81,269.81,209.98,209.98,4.4,5.33,4.4,3.93,3.93,3.98,3.98,7.86,7.86,3.04,3.04,3.3,3.3,3.48,3.48,8.69,8.69,3.63,3.63,3.47,3.47,3.9,3.9,157.37,153.21,181.44,353.99,199.47,353.99,0.2,0.19,0.25,0.35,0.3,0.35,1.92,2.02,2.17,2.33,2.42,2.33
2023-06-20T12:00:00+00:00,23.81,18.61,23.81,19.03,19.03,18.98,18.98,-55.19,-55.19,-13.02,-13.02,9.44,9.44,19.09,19.09,100.0,76.6,100.0,282.58,198.91,282.58,0.5,0.05,0.5,8.99,10.13,8.99,69.63,91.5,69.63,0.0,0.0,0.1,0.01,0.1,1009.28,1010.24,1009.28,0.41,0.41,38.21,38.21,0.07,0.07,2.98,2.98,0.0,0.0,35.12,72.25,136.24,339.58,356.51,339.58,0.16,0.25,0.21,0.21,0.13,0.21,3.79,3.75,2.14,5.47,6.36,5.47,24.13,24.13,20.27,16.99,20.27,29.61,114.85,161.63,338.1,213.39,29.61,0.16,0.24,0.31,0.36,0.44,0.37,0.24,3.74,3.09,2.37,2.58,2.58,3.74,172.41,212.4,172.41,269.9,269.9,269.9,269.9,269.87,269.87,269.91,269.91,269.91,269.91,269.91,269.91,269.91,269.91,269.91,269.91,269.8,269.8,269.9,269.9,4.54,6.32,4.54,5.01,5.01,5.07,5.07,9.54,9.54,3.74,3.74,4.12,4.12,4.37,4.37,8.57,8.57,4.59,4.59,3.52,3.52,4.96,4.96,185.7,165.45,200.47,351.24,209.99,351.24,0.02,0.19,0.23,0.36,0.34,0.36,1.25,2.02,2.17,2.36,2.58,2.36
2023-06-20T13:00:00+00:00,23.82,18.4,23.82,18.82,18.82,18.81,18.81,-54.72,-54.72,-13.08,-13.08,9.49,9.49,18.84,18.84,100.0,84.4,100.0,262.96,227.55,262.96,0.98,0.06,0.98,9.72,10.5,9.72,70.62,91.23,70.62,0.0,0.0,0.22,0.01,0.22,1008.98,1010.19,1008.98,0.41,0.41,35.55,35.55,0.07,0.07,3.03,3.03,0.0,0.0,6.34,88.27,155.19,338.51,356.85,338.51,0.13,0.26,0.21,0.21,0.13,0.21,4.5,3.62,2.21,5.43,6.32,5.43,24.13,24.13,20.34,16.96,20.34,43.1,118.63,178.65,335.9,215.08,43.1,0.14,0.22,0.3,0.34,0.45,0.36,0.22,3.97,3.13,2.41,2.6,2.6,3.97,189.84,224.04,189.84,269.92,269.92,269.92,269.92,269.88,269.88,269.93,269.93,269.93,269.93,269.93,269.93,269.91,269.91,269.93,269.93,269.84,269.84,269.92,269.92,4.12,6.17,4.12,6.11,6.11,6.28,6.28,10.63,10.63,4.46,4.46,4.89,4.89,5.19,5.19,8.97,8.97,5.44,5.44,5.01,5.01,6.02,6.02,170.68,182.24,203.83,348.5,211.22,348.5,0.05,0.15,0.19,0.37,0.33,0.37,1.53,1.84,2.01,2.38,2.6,2.38
2023-06-20T14:00:00+00:00,23.59,18.2,23.59,18.61,18.61,18.64,18.64,-54.25,-54.25,-13.14,-13.14,9.55,9.55,18.6,18.6,100.0,92.2,100.0,251.18,248.98,251.18,0.68,0.08,0.68,9.77,10.86,9.77,75.44,90.97,75.44,0.0,0.0,0.31,0.01,0.31,1008.76,1010.15,1008.76,0.41,0.41,32.9,32.9,0.08,0.08,3.08,3.08,0.0,0.0,356.78,104.28,174.15,337.45,357.19,337.45,0.12,0.26,0.21,0.21,0.13,0.21,4.85,3.5,2.27,5.38,6.29,5.38,24.13,24.13,20.37,16.93,20.37,83.59,122.42,195.66,333.7,216.77,83.59,0.15,0.18,0.29,0.33,0.45,0.34,0.18,4.71,3.18,2.44,2.61,2.63,4.71,207.26,235.67,207.26,269.95,269.95,269.95,269.95,269.9,269.9,269.96,269.96,269.96,269.96,269.95,269.95,269.91,269.91,269.95,269.95,269.89,269.89,269.95,269.95,3.69,6.01,3.69,7.21,7.21,7.5,7.5,11.72,11.72,5.19,5.19,5.67,5.67,6.0,6.0,9.38,9.38,6.29,6.29,6.5,6.5,7.07,7.07,178.74,199.04,207.19,345.76,212.45,345.76,0.09,0.12,0.16,0.38,0.32,0.38,1.41,1.66,1.84,2.41,2.62,2.41
2023-06-20T15:00:00+00:00,23.02,17.99,23.02,18.4,18.4,18.47,18.47,-53.78,-53.78,-13.2,-13.2,9.6,9.6,18.35,18.35,100.0,100.0,100.0,237.36,258.26,237.36,0.51,0.09,0.51,9.42,11.22,9.42,79.5,90.7,79.5,0.0,0.0,1.32,0.01,1.32,1008.89,1010.1,1008.89,0.41,0.41,30.24,30.24,0.08,0.08,3.13,3.13,0.0,0.0,353.35,120.3,193.1,336.39,357.53,336.39,0.12,0.27,0.21,0.22,0.13,0.22,4.52,3.37,2.34,5.34,6.25,5.34,24.13,24.13,20.25,16.9,20.25,120.8,126.2,212.68,331.5,218.46,120.8,0.24,0.2,0.28,0.31,0.46,0.33,0.2,4.09,3.22,2.48,2.62,2.65,4.09,224.69,247.31,224.69,269.97,269.97,269.97,269.97,269.91,269.91,269.98,269.98,269.98,269.98,269.97,269.97,269.91,269.91,269.97,269.97,269.93,269.93,269.97,269.97,3.27,5.86,3.27,8.31,8.31,8.71,8.71,12.81,12.81,5.91,5.91,6.44,6.44,6.82,6.82,9.78,9.78,7.14,7.14,7.99,7.99,8.13,8.13,188.47,215.83,210.55,343.01,213.68,343.01,0.21,0.08,0.12,0.39,0.31,0.39,1.55,1.48,1.68,2.43,2.64,2.43
2023-06-20T16:00:00+00:00,21.47,17.57,21.47,17.66,17.66,17.71,17.71,-54.0,-54.0,-13.23,-13.23,9.64,9.64,17.61,17.61,100.0,78.87,100.0,202.33,267.27,202.33,0.44,0.11,0.44,9.14,11.28,9.14,88.41,91.53,88.41,0.0,0.0,1.5,0.01,1.5,1009.38,1010.33,1009.38,0.41,0.41,20.18,20.18,0.09,0.09,4.09,4.09,0.0,0.0,0.59,145.31,241.67,335.32,357.57,335.32,0.12,0.27,0.19,0.22,0.13,0.22,4.43,3.42,3.02,5.29,6.19,5.29,24.13,24.13,20.22,16.82,20.22,186.69,151.94,223.62,329.3,264.43,186.69,0.22,0.25,0.28,0.32,0.47,0.32,0.25,3.29,3.22,2.49,2.64,3.79,3.29,222.88,247.08,222.88,269.97,269.97,269.97,269.97,269.92,269.92,269.98,269.98,269.98,269.98,269.97,269.97,269.91,269.91,269.97,269.97,269.94,269.94,269.97,269.97,3.42,6.69,3.42,8.81,8.81,9.15,9.15,14.23,14.23,6.61,6.61,7.11,7.11,7.45,7.45,10.03,10.03,7.73,7.73,8.59,8.59,8.58,8.58,213.15,217.07,213.45,340.27,225.63,340.27,0.19,0.09,0.15,0.4,0.29,0.4,1.93,1.55,1.79,2.46,2.69,2.46
2023-06-20T17:00:00+00:00,20.87,17.15,20.87,16.91,16.91,16.95,16.95,-54.22,-54.22,-13.25,-13.25,9.68,9.68,16.88,16.88,100.0,57.73,100.0,148.19,272.07,148.19,0.4,0.1,0.4,6.57,11.35,6.57,88.57,92.37,88.57,0.0,0.0,0.05,0.0,0.05,1009.2,1010.55,1009.2,0.41,0.41,10.13,10.13,0.11,0.11,5.06,5.06,0.0,0.0,291.63,170.33,290.23,334.26,357.61,334.26,0.14,0.27,0.16,0.22,0.13,0.22,4.02,3.47,3.7,5.25,6.14,5.25,24.13,24.13,20.22,16.75,20.22,217.02,177.68,234.57,327.1,310.4,217.02,0.21,0.28,0.29,0.32,0.48,0.3,0.28,3.14,3.21,2.49,2.65,4.93,3.14,221.07,246.85,221.07,269.97,269.97,269.97,269.97,269.92,269.92,269.97,269.97,269.97,269.97,269.97,269.97,269.92,269.92,269.97,269.97,269.95,269.95,269.97,269.97,3.56,7.51,3.56,9.3,9.3,9.58,9.58,15.65,15.65,7.32,7.32,7.77,7.77,8.07,8.07,10.29,10.29,8.33,8.33,9.18,9.18,9.04,9.04,211.23,218.31,216.35,337.53,237.57,337.53,0.15,0.11,0.17,0.41,0.27,0.41,1.9,1.62,1.89,2.49,2.75,2.49
2023-06-20T18:00:00+00:00,20.83,16.73,20.83,16.17,16.17,16.19,16.19,-54.45,-54.45,-13.27,-13.27,9.72,9.72,16.14,16.14,100.0,36.6,100.0,114.14,275.78,114.14,0.63,0.08,0.63,5.84,11.41,5.84,88.65,93.2,88.65,0.0,0.0,0.0,0.0,0.0,1009.33,1010.77,1009.33,0.41,0.41,0.07,0.07,0.12,0.12,6.02,6.02,0.0,0.0,266.27,195.34,338.8,333.2,357.65,333.2,0.16,0.27,0.14,0.22,0.13,0.22,3.69,3.52,4.38,5.21,6.08,5.21,24.13,24.13,20.22,16.67,20.22,234.21,203.42,245.51,324.9,356.37,234.21,0.17,0.31,0.29,0.33,0.49,0.29,0.31,2.93,3.21,2.5,2.66,6.07,2.93,219.26,246.62,219.26,269.97,269.97,269.97,269.97,269.93,269.93,269.97,269.97,269.97,269.97,269.97,269.97,269.92,269.92,269.97,269.97,269.96,269.96,269.97,269.97,3.71,8.34,3.71,9.8,9.8,10.02,10.02,17.07,17.07,8.02,8.02,8.44,8.44,8.7,8.7,10.54,10.54,8.92,8.92,9.78,9.78,9.49,9.49,231.09,219.55,219.25,334.79,249.52,334.79,0.08,0.12,0.2,0.42,0.25,0.42,1.59,1.69,2.0,2.51,2.8,2.51
2023-06-20T19:00:00+00:00,20.47,16.79,20.47,16.19,16.19,16.21,16.21,-55.27,-55.27,-13.33,-13.33,9.73,9.73,16.23,16.23,100.0,46.87,100.0,112.44,269.42,112.44,0.51,0.06,0.51,4.44,11.23,4.44,89.31,92.97,89.31,0.0,0.0,0.0,0.0,0.0,1009.68,1011.41,1009.68,0.41,0.41,9.2,9.2,0.11,0.11,5.2,5.2,0.0,0.0,280.61,208.32,315.48,332.13,358.04,332.13,0.16,0.29,0.15,0.22,0.13,0.22,3.78,3.59,4.19,5.16,6.05,5.16,24.13,24.13,20.19,16.64,20.19,227.28,212.44,244.76,322.7,325.21,227.28,0.15,0.32,0.32,0.42,0.5,0.33,0.32,2.87,3.26,2.59,2.67,5.27,2.87,218.1,239.75,218.1,269.96,269.96,269.96,269.96,269.93,269.93,269.96,269.96,269.96,269.96,269.96,269.96,269.92,269.92,269.96,269.96,269.96,269.96,269.96,269.96,3.87,8.42,3.87,9.23,9.23,9.34,9.34,18.56,18.56,7.51,7.51,7.91,7.91,8.16,8.16,10.21,10.21,8.36,8.36,9.36,9.36,8.89,8.89,246.93,219.15,225.08,332.04,251.57,332.04,0.04,0.14,0.32,0.42,0.29,0.42,1.25,1.79,2.28,2.54,3.09,2.54
2023-06-20T20:00:00+00:00,19.73,16.85,19.73,16.21,16.21,16.24,16.24,-56.09,-56.09,-13.38,-13.38,9.73,9.73,16.32,16.32,100.0,57.13,100.0,110.74,248.69,110.74,0.38,0.04,0.38,4.41,11.05,4.41,88.24,92.73,88.24,0.0,0.0,0.0,0.0,0.0,1010.73,1012.04,1010.73,0.41,0.41,18.34,18.34,0.09,0.09,4.38,4.38,0.0,0.0,288.76,221.31,292.16,331.07,358.44,331.07,0.15,0.32,0.17,0.22,0.12,0.22,4.05,3.66,3.99,5.12,6.02,5.12,24.14,24.14,20.15,16.61,20.15,211.75,221.46,244.01,320.5,294.05,211.75,0.15,0.34,0.35,0.51,0.51,0.36,0.34,2.99,3.32,2.67,2.69,4.47,2.99,216.94,232.88,216.94,269.96,269.96,269.96,269.96,269.93,269.93,269.96,269.96,269.96,269.96,269.96,269.96,269.93,269.93,269.96,269.96,269.95,269.95,269.96,269.96,4.03,8.5,4.03,8.67,8.67,8.66,8.66,20.05,20.05,6.99,6.99,7.38,7.38,7.61,7.61,9.87,9.87,7.8,7.8,8.93,8.93,8.28,8.28,247.43,218.74,230.91,329.3,253.63,329.3,0.05,0.15,0.43,0.43,0.34,0.43,1.33,1.88,2.55,2.56,3.38,2.56
2023-06-20T21:00:00+00:00,18.93,16.91,18.93,16.23,16.23,16.27,16.27,-56.91,-56.91,-13.44,-13.44,9.74,9.74,16.41,16.41,17.73,67.4,17.73,109.04,225.98,109.04,0.25,0.05,0.25,5.45,10.86,5.45,89.96,92.5,89.96,0.0,0.0,0.0,0.0,0.0,1011.17,1012.68,1011.17,0.41,0.41,27.47,27.47,0.08,0.08,3.56,3.56,0.0,0.0,281.64,234.29,268.84,330.01,358.83,330.01,0.18,0.34,0.18,0.22,0.12,0.22,3.93,3.73,3.8,5.07,5.99,5.07,24.14,24.14,20.07,16.58,20.07,207.03,230.48,243.26,318.3,262.89,207.03,0.19,0.43,0.38,0.6,0.51,0.4,0.43,3.25,3.37,2.76,2.7,3.67,3.25,215.78,226.01,215.78,269.95,269.95,269.95,269.95,269.93,269.93,269.95,269.95,269.95,269.95,269.95,269.95,269.93,269.93,269.95,269.95,269.95,269.95,269.95,269.95,4.19,8.58,4.19,8.1,8.1,7.98,7.98,21.54,21.54,6.48,6.48,6.85,6.85,7.07,7.07,9.54,9.54,7.24,7.24,8.51,8.51,7.68,7.68,234.83,218.34,236.74,326.56,255.68,326.56,0.08,0.17,0.55,0.44,0.38,0.44,1.52,1.98,2.83,2.59,3.67,2.59
2023-06-20T22:00:00+00:00,18.22,16.92,18.22,16.31,16.31,16.33,16.33,-56.38,-56.38,-13.7,-13.7,9.18,9.18,16.45,16.45,15.33,78.27,15.33,107.33,233.5,107.33,0.13,0.06,0.13,5.68,10.69,5.68,91.08,91.17,91.08,0.0,0.0,0.0,0.0,0.0,1011.34,1012.31,1011.34,0.41,0.41,26.84,26.84,0.08,0.08,3.51,3.51,0.0,0.0,280.03,244.49,273.17,328.94,0.74,328.94,0.22,0.3,0.17,0.22,0.12,0.22,3.91,4.04,4.01,5.03,5.96,5.03,24.14,24.14,19.98,16.5,19.98,206.9,231.44,244.45,316.1,261.51,206.9,0.25,0.53,0.47,0.67,0.52,0.43,0.53,3.53,3.4,2.89,2.71,3.64,3.53,221.59,231.71,221.59,269.96,269.96,269.96,269.96,269.93,269.93,269.96,269.96,269.96,269.96,269.96,269.96,269.92,269.92,269.96,269.96,269.95,269.95,269.96,269.96,5.06,8.15,5.06,8.27,8.27,8.21,8.21,21.06,21.06,6.61,6.61,6.99,6.99,7.22,7.22,9.1,9.1,7.4,7.4,9.24,9.24,7.88,7.88,234.63,222.99,239.47,323.81,255.09,323.81,0.14,0.32,0.63,0.45,0.41,0.45,1.82,2.43,3.01,2.61,3.63,2.61
2023-06-20T23:00:00+00:00,17.66,16.93,17.66,16.39,16.39,16.39,16.39,-55.84,-55.84,-13.97,-13.97,8.63,8.63,16.5,16.5,100.0,89.13,100.0,105.63,237.9,105.63,0.0,0.08,0.0,5.67,10.51,5.67,90.35,89.83,90.35,0.0,0.0,0.0,0.0,0.0,1011.71,1011.94,1011.71,0.41,0.41,26.2,26.2,0.07,0.07,3.47,3.47,0.0,0.0,277.67,254.7,277.5,327.88,2.64,327.88,0.26,0.25,0.15,0.22,0.12,0.22,3.84,4.35,4.21,4.99,5.92,4.99,24.13,24.13,19.89,16.43,19.89,208.76,232.39,245.64,313.9,260.14,208.76,0.31,0.6,0.57,0.74,0.53,0.46,0.6,3.49,3.44,3.02,2.72,3.6,3.49,227.4,237.42,227.4,269.96,269.96,269.96,269.96,269.93,269.93,269.96,269.96,269.96,269.96,269.96,269.96,269.9,269.9,269.96,269.96,269.96,269.96,269.96,269.96,5.93,7.73,5.93,8.45,8.45,8.43,8.43,20.57,20.57,6.75,6.75,7.12,7.12,7.37,7.37,8.67,8.67,7.57,7.57,9.96,9.96,8.08,8.08,236.13,227.63,242.21,321.07,254.51,321.07,0.18,0.47,0.7,0.46,0.44,0.46,1.95,2.88,3.18,2.64,3.6,2.64
2023-06-21T00:00:00+00:00,17.21,16.93,17.21,16.46,16.46,16.45,16.45,-55.3,-55.3,-14.24,-14.24,8.08,8.08,16.55,16.55,87.22,100.0,87.22,103.93,242.36,103.93,0.0,0.08,0.0,5.66,10.33,5.66,90.9,88.5,90.9,0.0,0.0,0.0,0.0,0.0,1012.21,1011.57,1012.21,0.41,0.41,25.57,25.57,0.07,0.07,3.42,3.42,0.0,0.0,277.91,264.9,281.83,326.82,4.55,326.82,0.28,0.21,0.14,0.22,0.12,0.22,3.85,4.66,4.42,4.94,5.89,4.94,24.13,24.13,19.84,16.35,19.84,208.22,233.35,246.83,311.7,258.76,208.22,0.34,0.68,0.66,0.81,0.54,0.49,0.68,3.42,3.47,3.15,2.74,3.57,3.42,233.21,243.12,233.21,269.97,269.97,269.97,269.97,269.93,269.93,269.97,269.97,269.97,269.97,269.97,269.97,269.89,269.89,269.97,269.97,269.96,269.96,269.97,269.97,6.8,7.3,6.8,8.62,8.62,8.66,8.66,20.09,20.09,6.88,6.88,7.26,7.26,7.52,7.52,8.23,8.23,7.73,7.73,10.69,10.69,8.28,8.28,239.04,232.28,244.94,318.33,253.92,318.33,0.21,0.62,0.78,0.47,0.47,0.47,2.1,3.33,3.36,2.66,3.56,2.66
2023-06-21T01:00:00+00:00,16.96,16.79,16.96,16.24,16.24,16.25,16.25,-55.3,-55.3,-14.23,-14.23,7.69,7.69,16.36,16.36,93.83,98.73,93.83,102.23,244.9,102.23,0.0,0.08,0.0,5.59,10.3,5.59,91.14,89.23,91.14,0.0,0.0,0.0,0.0,0.0,1012.53,1012.01,1012.53,0.41,0.41,18.3,18.3,0.08,0.08,4.08,4.08,0.0,0.0,278.17,267.07,282.02,325.76,4.61,325.76,0.29,0.22,0.15,0.22,0.12,0.22,3.89,4.75,4.39,4.9,5.89,4.9,24.13,24.13,19.8,16.36,19.8,205.22,234.91,247.1,309.5,259.65,205.22,0.38,0.79,0.7,0.82,0.55,0.51,0.79,3.52,3.54,3.18,2.75,3.66,3.52,234.19,241.69,234.19,269.97,269.97,269.97,269.97,269.93,269.93,269.97,269.97,269.97,269.97,269.97,269.97,269.9,269.9,269.97,269.97,269.96,269.96,269.97,269.97,7.03,7.3,7.03,8.51,8.51,8.48,8.48,19.68,19.68,6.78,6.78,7.15,7.15,7.4,7.4,10.39,10.39,7.6,7.6,9.96,9.96,8.12,8.12,243.14,233.6,244.92,315.59,254.7,315.59,0.25,0.66,0.78,0.48,0.49,0.48,2.26,3.41,3.38,2.69,3.65,2.69
2023-06-21T02:00:00+00:00,16.69,16.64,16.69,16.02,16.02,16.05,16.05,-55.29,-55.29,-14.22,-14.22,7.31,7.31,16.16,16.16,40.63,97.47,40.63,100.53,245.96,100.53,0.0,0.08,0.0,5.58,10.26,5.58,92.06,89.97,92.06,0.0,0.0,0.0,0.0,0.0,1012.81,1012.45,1012.81,0.41,0.41,11.02,11.02,0.09,0.09,4.75,4.75,0.0,0.0,277.89,269.23,282.22,324.69,4.66,324.69,0.32,0.22,0.17,0.22,0.11,0.22,3.93,4.83,4.37,4.86,5.89,4.86,24.13,24.13,19.77,16.37,19.77,202.92,236.47,247.38,307.3,260.53,202.92,0.42,0.87,0.74,0.83,0.56,0.53,0.87,3.65,3.61,3.2,2.76,3.76,3.65,235.17,240.27,235.17,269.97,269.97,269.97,269.97,269.92,269.92,269.97,269.97,269.97,269.97,269.97,269.97,269.91,269.91,269.97,269.97,269.95,269.95,269.97,269.97,7.27,7.29,7.27,8.41,8.41,8.31,8.31,19.27,19.27,6.67,6.67,7.03,7.03,7.27,7.27,12.56,12.56,7.46,7.46,9.24,9.24,7.96,7.96,247.44,234.93,244.89,312.84,255.48,312.84,0.29,0.7,0.79,0.49,0.52,0.49,2.39,3.49,3.4,2.71,3.75,2.71
2023-06-21T03:00:00+00:00,16.19,16.5,16.19,15.79,15.79,15.84,15.84,-55.28,-55.28,-14.21,-14.21,6.92,6.92,15.97,15.97,1.73,96.2,1.73,98.82,250.9,98.82,0.0,0.09,0.0,5.73,10.22,5.73,93.21,90.7,93.21,0.0,0.0,0.0,0.0,0.0,1013.24,1012.89,1013.24,0.41,0.41,3.75,3.75,0.1,0.1,5.41,5.41,0.0,0.0,274.2,271.4,282.41,323.63,4.72,323.63,0.36,0.23,0.18,0.22,0.11,0.22,3.78,4.92,4.34,4.81,5.89,4.81,24.13,24.13,19.73,16.38,19.73,202.82,238.03,247.65,305.1,261.42,202.82,0.43,0.89,0.78,0.84,0.57,0.55,0.89,3.69,3.68,3.23,2.77,3.85,3.69,236.15,238.84,236.15,269.97,269.97,269.97,269.97,269.92,269.92,269.97,269.97,269.97,269.97,269.97,269.97,269.92,269.92,269.97,269.97,269.95,269.95,269.97,269.97,7.5,7.29,7.5,8.3,8.3,8.13,8.13,18.86,18.86,6.57,6.57,6.92,6.92,7.15,7.15,14.72,14.72,7.33,7.33,8.51,8.51,7.8,7.8,243.21,236.25,244.87,310.1,256.26,310.1,0.24,0.74,0.79,0.5,0.54,0.5,2.23,3.57,3.42,2.74,3.84,2.74
2023-06-21T04:00:00+00:00,15.8,16.5,15.8,15.82,15.82,15.86,15.86,-54.87,-54.87,-14.25,-14.25,6.74,6.74,15.96,15.96,25.21,65.8,25.21,97.12,250.26,97.12,0.0,0.1,0.0,6.03,9.85,6.03,93.69,90.63,93.69,0.0,0.0,0.0,0.0,0.0,1013.9,1013.59,1013.9,0.41,0.41,9.71,9.71,0.09,0.09,5.04,5.04,0.0,0.0,275.7,262.63,276.84,322.57,4.87,322.57,0.35,0.23,0.19,0.22,0.11,0.22,3.83,4.87,4.37,4.77,5.91,4.77,24.13,24.13,19.69,16.34,19.69,203.89,239.5,247.82,302.9,260.78,203.89,0.43,0.87,0.78,0.81,0.57,0.55,0.87,3.68,3.68,3.18,2.79,3.8,3.68,238.84,238.69,238.84,269.97,269.97,269.97,269.97,269.93,269.93,269.97,269.97,269.97,269.97,269.97,269.97,269.93,269.93,269.97,269.97,269.95,269.95,269.97,269.97,7.49,7.17,7.49,8.29,8.29,8.01,8.01,18.63,18.63,6.45,6.45,6.79,6.79,7.01,7.01,14.82,14.82,7.19,7.19,8.25,8.25,7.66,7.66,242.25,238.27,245.01,307.36,256.05,307.36,0.26,0.74,0.74,0.51,0.54,0.51,2.31,3.57,3.34,2.76,3.79,2.76
2023-06-21T05:00:00+00:00,16.23,16.5,16.23,15.84,15.84,15.87,15.87,-54.46,-54.46,-14.3,-14.3,6.56,6.56,15.96,15.96,3.66,35.4,3.66,95.42,249.8,95.42,0.0,0.11,0.0,6.94,9.48,6.94,90.92,90.57,90.92,0.0,0.0,0.0,0.0,0.0,1014.24,1014.28,1014.24,0.41,0.41,15.67,15.67,0.08,0.08,4.68,4.68,0.0,0.0,275.78,253.85,271.28,321.5,5.01,321.5,0.33,0.22,0.2,0.22,0.1,0.22,3.85,4.81,4.41,4.72,5.92,4.72,24.13,24.13,19.67,16.29,19.67,205.15,240.97,247.98,300.7,260.15,205.15,0.43,0.84,0.77,0.77,0.58,0.55,0.84,3.64,3.68,3.14,2.8,3.76,3.64,241.52,238.55,241.52,269.97,269.97,269.97,269.97,269.93,269.93,269.97,269.97,269.97,269.97,269.97,269.97,269.93,269.93,269.97,269.97,269.94,269.94,269.97,269.97,7.48,7.04,7.48,8.27,8.27,7.88,7.88,18.4,18.4,6.32,6.32,6.65,6.65,6.87,6.87,14.92,14.92,7.05,7.05,7.99,7.99,7.53,7.53,246.45,240.3,245.14,304.61,255.83,304.61,0.28,0.74,0.7,0.52,0.54,0.52,2.4,3.58,3.26,2.79,3.75,2.79
2023-06-21T06:00:00+00:00,17.1,16.5,17.1,15.86,15.86,15.88,15.88,-54.05,-54.05,-14.35,-14.35,6.38,6.38,15.96,15.96,0.0,5.0,0.0,93.72,250.43,93.72,0.0,0.12,0.0,7.45,9.11,7.45,85.48,90.5,85.48,0.0,0.0,0.0,0.0,0.0,1014.85,1014.98,1014.85,0.41,0.41,21.63,21.63,0.07,0.07,4.31,4.31,0.0,0.0,278.07,245.08,265.71,320.44,5.16,320.44,0.29,0.22,0.21,0.23,0.1,0.23,3.9,4.76,4.44,4.68,5.94,4.68,24.13,24.13,19.66,16.25,19.66,206.56,242.44,248.15,298.5,259.51,206.56,0.42,0.82,0.77,0.74,0.59,0.55,0.82,3.62,3.68,3.09,2.81,3.71,3.62,244.21,238.4,244.21,269.97,269.97,269.97,269.97,269.94,269.94,269.97,269.97,269.97,269.97,269.97,269.97,269.94,269.94,269.97,269.97,269.94,269.94,269.97,269.97,7.47,6.92,7.47,8.26,8.26,7.76,7.76,18.17,18.17,6.2,6.2,6.52,6.52,6.73,6.73,15.02,15.02,6.91,6.91,7.73,7.73,7.39,7.39,249.33,242.32,245.28,301.87,255.62,301.87,0.31,0.74,0.65,0.53,0.54,0.53,2.51,3.58,3.18,2.81,3.7,2.81
2023-06-21T07:00:00+00:00,18.03,16.58,18.03,15.89,15.89,15.93,15.93,-54.22,-54.22,-14.44,-14.44,6.51,6.51,16.07,16.07,12.65,6.43,12.65,92.02,246.98,92.02,0.0,0.11,0.0,8.62,9.18,8.62,80.27,89.73,80.27,0.0,0.0,0.0,0.0,0.0,1015.67,1015.49,1015.67,0.41,0.41,20.54,20.54,0.06,0.06,3.68,3.68,0.0,0.0,278.91,251.88,250.73,319.38,5.5,319.38,0.27,0.24,0.19,0.23,0.1,0.23,3.88,4.71,4.28,4.64,5.79,4.64,24.13,24.13,19.66,16.31,19.66,207.49,242.51,248.68,296.3,259.54,207.49,0.42,0.86,0.75,0.71,0.6,0.53,0.86,3.64,3.65,3.04,2.82,3.63,3.64,241.67,237.89,241.67,269.97,269.97,269.97,269.97,269.93,269.93,269.97,269.97,269.97,269.97,269.97,269.97,269.94,269.94,269.97,269.97,269.95,269.95,269.97,269.97,7.24,6.82,7.24,8.21,8.21,7.63,7.63,17.96,17.96,6.09,6.09,6.42,6.42,6.63,6.63,14.78,14.78,6.81,6.81,7.99,7.99,7.28,7.28,251.03,241.43,246.23,299.13,256.16,299.13,0.33,0.71,0.63,0.54,0.52,0.54,2.59,3.53,3.12,2.84,3.62,2.84
2023-06-21T08:00:00+00:00,18.63,16.66,18.63,15.93,15.93,15.99,15.99,-54.39,-54.39,-14.54,-14.54,6.64,6.64,16.17,16.17,26.35,7.87,26.35,90.32,245.23,90.32,0.0,0.11,0.0,9.51,9.25,9.51,79.56,88.97,79.56,0.0,0.0,0.0,0.0,0.0,1016.35,1015.99,1016.35,0.41,0.41,19.45,19.45,0.05,0.05,3.04,3.04,0.0,0.0,295.87,258.67,235.74,318.31,5.84,318.31,0.16,0.26,0.16,0.23,0.1,0.23,4.39,4.67,4.12,4.59,5.63,4.59,24.14,24.14,19.69,16.38,19.69,207.49,242.57,249.21,294.1,259.58,207.49,0.48,0.9,0.73,0.69,0.61,0.51,0.9,3.67,3.63,2.99,2.84,3.54,3.67,239.14,237.38,239.14,269.97,269.97,269.97,269.97,269.93,269.93,269.96,269.96,269.96,269.96,269.96,269.96,269.95,269.95,269.96,269.96,269.95,269.95,269.97,269.97,7.0,6.73,7.0,8.16,8.16,7.49,7.49,17.74,17.74,5.99,5.99,6.33,6.33,6.53,6.53,14.54,14.54,6.71,6.71,8.24,8.24,7.17,7.17,258.15,240.55,247.19,296.39,256.7,296.39,0.45,0.68,0.6,0.55,0.5,0.55,2.9,3.47,3.07,2.87,3.54,2.87
2023-06-21T09:00:00+00:00,18.69,16.75,18.69,15.96,15.96,16.04,16.04,-54.56,-54.56,-14.63,-14.63,6.78,6.78,16.28,16.28,54.58,9.3,54.58,88.61,245.21,88.61,0.0,0.11,0.0,9.91,9.32,9.91,82.18,88.2,82.18,0.0,0.0,0.0,0.0,0.0,1016.85,1016.5,1016.85,0.41,0.41,18.36,18.36,0.04,0.04,2.41,2.41,0.0,0.0,306.91,265.47,220.76,317.25,6.18,317.25,0.13,0.28,0.14,0.23,0.1,0.23,4.7,4.62,3.96,4.55,5.48,4.55,24.14,24.14,19.73,16.45,19.73,206.68,242.64,249.74,291.9,259.61,206.68,0.58,0.9,0.71,0.66,0.62,0.49,0.9,3.69,3.6,2.94,2.85,3.46,3.69,236.6,236.87,236.6,269.97,269.97,269.97,269.97,269.92,269.92,269.96,269.96,269.96,269.96,269.96,269.96,269.95,269.95,269.96,269.96,269.96,269.96,269.97,269.97,6.77,6.63,6.77,8.11,8.11,7.36,7.36,17.53,17.53,5.88,5.88,6.23,6.23,6.43,6.43,14.3,14.3,6.61,6.61,8.5,8.5,7.06,7.06,262.21,239.66,248.14,293.64,257.24,293.64,0.57,0.65,0.58,0.56,0.48,0.56,3.11,3.42,3.01,2.89,3.46,2.89
2023-06-21T10:00:00+00:00,19.03,16.85,19.03,16.32,16.32,16.31,16.31,-54.9,-54.9,-14.74,-14.74,6.91,6.91,16.44,16.44,45.38,9.87,45.38,86.91,245.68,86.91,0.0,0.1,0.0,9.89,9.28,9.89,77.64,86.83,77.64,0.0,0.0,0.0,0.0,0.0,1017.09,1017.01,1017.09,0.41,0.41,12.18,12.18,0.05,0.05,3.51,3.51,0.0,0.0,299.46,258.58,230.02,316.19,9.05,316.19,0.17,0.32,0.25,0.23,0.09,0.23,4.62,4.44,3.73,4.5,5.31,4.5,24.14,24.14,19.78,16.49,19.78,206.41,242.52,250.35,289.7,260.48,206.41,0.63,0.87,0.66,0.63,0.63,0.48,0.87,3.7,3.54,2.92,2.86,3.49,3.7,237.89,238.23,237.89,269.97,269.97,269.97,269.97,269.92,269.92,269.96,269.96,269.96,269.96,269.96,269.96,269.95,269.95,269.96,269.96,269.96,269.96,269.97,269.97,6.32,6.43,6.32,8.3,8.3,7.5,7.5,18.75,18.75,5.79,5.79,6.13,6.13,6.35,6.35,14.09,14.09,6.54,6.54,8.35,8.35,7.09,7.09,264.95,239.72,249.4,290.9,259.04,290.9,0.61,0.56,0.49,0.57,0.47,0.57,3.24,3.19,2.79,2.92,3.49,2.92
2023-06-21T11:00:00+00:00,19.37,16.96,19.37,16.68,16.68,16.58,16.58,-55.24,-55.24,-14.86,-14.86,7.04,7.04,16.59,16.59,24.64,10.43,24.64,85.21,245.98,85.21,0.0,0.09,0.0,9.37,9.24,9.37,75.3,85.47,75.3,0.0,0.0,0.0,0.0,0.0,1017.33,1017.52,1017.33,0.41,0.41,6.0,6.0,0.06,0.06,4.62,4.62,0.0,0.0,286.46,251.7,239.27,315.12,11.92,315.12,0.24,0.36,0.35,0.23,0.09,0.23,4.39,4.25,3.49,4.46,5.15,4.46,24.14,24.14,19.85,16.54,19.85,207.15,242.41,250.97,287.5,261.34,207.15,0.59,0.83,0.6,0.6,0.63,0.48,0.83,3.69,3.49,2.91,2.88,3.53,3.69,239.19,239.6,239.19,269.97,269.97,269.97,269.97,269.93,269.93,269.97,269.97,269.97,269.97,269.97,269.97,269.95,269.95,269.97,269.97,269.97,269.97,269.97,269.97,5.88,6.23,5.88,8.5,8.5,7.65,7.65,19.98,19.98,5.7,5.7,6.04,6.04,6.27,6.27,13.87,13.87,6.47,6.47,8.19,8.19,7.12,7.12,266.69,239.79,250.67,288.16,260.85,288.16,0.55,0.47,0.41,0.58,0.47,0.58,3.19,2.95,2.57,2.94,3.53,2.94
2023-06-21T12:00:00+00:00,19.53,17.07,19.53,17.04,17.04,16.85,16.85,-55.58,-55.58,-14.97,-14.97,7.18,7.18,16.75,16.75,6.91,11.0,6.91,83.51,246.77,83.51,0.0,0.07,0.0,8.38,9.2,8.38,72.98,84.1,72.98,0.0,0.0,0.0,0.0,0.0,1018.17,1018.02,1018.17,0.41,0.41,359.82,359.82,0.07,0.07,5.72,5.72,0.0,0.0,271.92,244.81,248.53,314.06,14.79,314.06,0.33,0.4,0.46,0.23,0.08,0.23,4.11,4.07,3.26,4.42,4.98,4.42,24.14,24.14,19.91,16.58,19.91,207.21,242.29,251.58,285.3,262.21,207.21,0.5,0.81,0.55,0.57,0.64,0.47,0.81,3.67,3.43,2.89,2.89,3.56,3.67,240.48,240.96,240.48,269.97,269.97,269.97,269.97,269.93,269.93,269.97,269.97,269.97,269.97,269.97,269.97,269.95,269.95,269.97,269.97,269.97,269.97,269.97,269.97,5.43,6.03,5.43,8.69,8.69,7.79,7.79,21.2,21.2,5.61,5.61,5.94,5.94,6.19,6.19,13.66,13.66,6.4,6.4,8.04,8.04,7.15,7.15,267.09,239.85,251.93,285.41,262.65,285.41,0.38,0.38,0.32,0.58,0.46,0.58,2.77,2.72,2.35,2.97,3.56,2.97
2023-06-21T13:00:00+00:00,19.93,17.15,19.93,17.47,17.47,17.18,17.18,-56.01,-56.01,-14.92,-14.92,7.36,7.36,16.98,16.98,16.19,9.0,16.19,81.81,250.88,81.81,0.0,0.06,0.0,7.64,8.65,7.64,71.42,83.57,71.42,0.0,0.0,0.0,0.0,0.0,1018.23,1018.14,1018.23,0.41,0.41,359.39,359.39,0.07,0.07,5.7,5.7,0.0,0.0,269.89,243.99,249.38,313.0,15.51,313.0,0.37,0.4,0.45,0.23,0.08,0.23,3.79,3.93,3.13,4.37,4.93,4.37,24.14,24.14,19.98,16.64,19.98,206.56,242.38,252.32,283.1,261.7,206.56,0.45,0.78,0.52,0.53,0.65,0.47,0.78,3.65,3.41,2.88,2.9,3.62,3.65,241.31,244.55,241.31,269.97,269.97,269.97,269.97,269.93,269.93,269.97,269.97,269.97,269.97,269.97,269.97,269.95,269.95,269.97,269.97,269.97,269.97,269.97,269.97,5.0,5.74,5.0,8.22,8.22,7.6,7.6,21.94,21.94,5.45,5.45,5.75,5.75,5.99,5.99,13.11,13.11,6.19,6.19,7.75,7.75,7.01,7.01,270.03,241.09,254.17,282.67,263.12,282.67,0.26,0.31,0.24,0.59,0.46,0.59,2.27,2.47,2.06,2.99,3.62,2.99
2023-06-21T14:00:00+00:00,20.0,17.23,20.0,17.91,17.91,17.51,17.51,-56.44,-56.44,-14.87,-14.87,7.55,7.55,17.22,17.22,0.0,7.0,0.0,80.11,253.65,80.11,0.0,0.06,0.0,6.72,8.1,6.72,70.83,83.03,70.83,0.0,0.0,0.0,0.0,0.0,1018.39,1018.26,1018.39,0.41,0.41,358.96,358.96,0.06,0.06,5.69,5.69,0.0,0.0,269.84,243.17,250.23,311.93,16.24,311.93,0.36,0.41,0.43,0.23,0.07,0.23,3.59,3.78,2.99,4.33,4.87,4.33,24.14,24.14,20.03,16.69,20.03,205.73,242.46,253.07,280.9,261.18,205.73,0.4,0.74,0.48,0.48,0.66,0.46,0.74,3.62,3.38,2.87,2.91,3.68,3.62,242.14,248.14,242.14,269.98,269.98,269.98,269.98,269.94,269.94,269.98,269.98,269.98,269.98,269.98,269.98,269.95,269.95,269.98,269.98,269.97,269.97,269.98,269.98,4.56,5.44,4.56,7.76,7.76,7.42,7.42,22.68,22.68,5.29,5.29,5.55,5.55,5.78,5.78,12.57,12.57,5.98,5.98,7.47,7.47,6.86,6.86,277.03,242.32,256.4,279.93,263.6,279.93,0.17,0.25,0.16,0.6,0.45,0.6,1.88,2.21,1.77,3.02,3.67,3.02
2023-06-21T15:00:00+00:00,20.07,17.32,20.07,18.34,18.34,17.83,17.83,-56.86,-56.86,-14.82,-14.82,7.74,7.74,17.45,17.45,0.0,5.0,0.0,78.4,256.24,78.4,0.0,0.05,0.0,6.04,7.55,6.04,70.75,82.5,70.75,0.0,0.0,0.0,0.0,0.0,1018.42,1018.37,1018.42,0.41,0.41,358.53,358.53,0.06,0.06,5.67,5.67,0.0,0.0,270.73,242.35,251.08,310.87,16.96,310.87,0.33,0.41,0.42,0.23,0.07,0.23,3.53,3.64,2.86,4.28,4.82,4.28,24.14,24.14,20.08,16.75,20.08,205.05,242.55,253.81,278.7,260.67,205.05,0.35,0.68,0.45,0.44,0.67,0.46,0.68,3.6,3.36,2.86,2.93,3.74,3.6,242.97,251.73,242.97,269.98,269.98,269.98,269.98,269.94,269.94,269.98,269.98,269.98,269.98,269.98,269.98,269.95,269.95,269.98,269.98,269.97,269.97,269.98,269.98,4.13,5.15,4.13,7.29,7.29,7.23,7.23,23.42,23.42,5.13,5.13,5.36,5.36,5.58,5.58,12.02,12.02,5.77,5.77,7.18,7.18,6.72,6.72,282.47,243.56,258.64,277.19,264.07,277.19,0.11,0.18,0.08,0.61,0.45,0.61,1.65,1.96,1.48,3.04,3.73,3.04
2023-06-21T16:00:00+00:00,20.11,17.4,20.11,18.64,18.64,18.17,18.17,-56.8,-56.8,-14.76,-14.76,7.86,7.86,17.68,17.68,0.45,36.67,0.45,76.7,258.07,76.7,0.0,0.05,0.0,5.14,6.84,5.14,66.9,81.67,66.9,0.0,0.0,0.0,0.0,0.0,1018.38,1018.27,1018.38,0.41,0.41,359.37,359.37,0.06,0.06,5.61,5.61,0.0,0.0,271.63,242.38,251.25,309.81,16.02,309.81,0.31,0.4,0.4,0.23,0.07,0.23,3.52,3.59,2.83,4.24,4.85,4.24,24.14,24.14,20.11,16.75,20.11,204.56,242.51,254.11,276.5,260.66,204.56,0.32,0.63,0.42,0.42,0.68,0.45,0.63,3.6,3.4,2.86,2.94,3.8,3.6,245.68,250.74,245.68,269.98,269.98,269.98,269.98,269.94,269.94,269.98,269.98,269.98,269.98,269.98,269.98,269.95,269.95,269.98,269.98,269.97,269.97,269.98,269.98,3.42,4.95,3.42,6.69,6.69,6.72,6.72,24.33,24.33,4.9,4.9,5.11,5.11,5.32,5.32,12.12,12.12,5.5,5.5,6.63,6.63,6.38,6.38,285.11,222.37,263.69,274.44,264.15,274.44,0.06,0.12,0.06,0.62,0.44,0.62,1.36,1.64,1.13,3.07,3.79,3.07
2023-06-21T17:00:00+00:00,20.03,17.49,20.03,18.94,18.94,18.51,18.51,-56.73,-56.73,-14.69,-14.69,7.98,7.98,17.92,17.92,90.42,68.33,90.42,75.0,258.82,75.0,0.0,0.04,0.0,4.41,6.13,4.41,68.02,80.83,68.02,0.0,0.0,0.0,0.0,0.0,1018.36,1018.16,1018.36,0.41,0.41,0.22,0.22,0.06,0.06,5.55,5.55,0.0,0.0,271.9,242.41,251.42,308.74,15.07,308.74,0.29,0.38,0.37,0.23,0.07,0.23,3.52,3.54,2.81,4.2,4.88,4.2,24.14,24.14,20.12,16.75,20.12,204.27,242.48,254.4,274.3,260.65,204.27,0.29,0.58,0.4,0.39,0.69,0.43,0.58,3.6,3.45,2.85,2.95,3.87,3.6,248.4,249.74,248.4,269.98,269.98,269.98,269.98,269.95,269.95,269.98,269.98,269.98,269.98,269.98,269.98,269.96,269.96,269.98,269.98,269.98,269.98,269.98,269.98,2.72,4.74,2.72,6.08,6.08,6.21,6.21,25.24,25.24,4.66,4.66,4.85,4.85,5.05,5.05,12.23,12.23,5.24,5.24,6.07,6.07,6.04,6.04,180.0,201.19,268.73,271.7,264.23,271.7,0.0,0.06,0.04,0.63,0.42,0.63,1.0,1.32,0.79,3.09,3.85,3.09
2023-06-21T18:00:00+00:00,19.69,17.57,19.69,19.23,19.23,18.84,18.84,-56.67,-56.67,-14.63,-14.63,8.09,8.09,18.15,18.15,100.0,100.0,100.0,73.3,255.99,73.3,0.0,0.04,0.0,3.29,5.42,3.29,70.39,80.0,70.39,0.0,0.0,0.0,0.0,0.0,1018.4,1018.06,1018.4,0.41,0.41,1.06,1.06,0.06,0.06,5.49,5.49,0.0,0.0,271.87,242.44,251.59,307.68,14.13,307.68,0.26,0.37,0.35,0.23,0.07,0.23,3.58,3.49,2.78,4.15,4.91,4.15,24.14,24.14,20.11,16.75,20.11,204.28,242.44,254.7,272.1,260.64,204.28,0.26,0.54,0.37,0.37,0.69,0.42,0.54,3.59,3.49,2.85,2.96,3.93,3.59,251.11,248.75,251.11,269.98,269.98,269.98,269.98,269.95,269.95,269.98,269.98,269.98,269.98,269.98,269.98,269.96,269.96,269.98,269.98,269.98,269.98,269.98,269.98,2.01,4.54,2.01,5.48,5.48,5.7,5.7,26.15,26.15,4.43,4.43,4.6,4.6,4.79,4.79,12.33,12.33,4.97,4.97,5.52,5.52,5.7,5.7,180.0,180.0,273.78,268.96,264.31,268.96,0.0,0.0,0.02,0.64,0.41,0.64,1.0,1.0,0.44,3.12,3.91,3.12
2023-06-21T19:00:00+00:00,19.21,17.45,19.21,19.23,19.23,18.84,18.84,-56.55,-56.55,-14.44,-14.44,7.94,7.94,18.16,18.16,83.29,100.0,83.29,71.6,252.67,71.6,0.0,0.04,0.0,2.94,5.02,2.94,71.48,80.13,71.48,0.0,0.0,0.0,0.0,0.0,1018.38,1018.25,1018.38,0.41,0.41,5.02,5.02,0.06,0.06,5.36,5.36,0.0,0.0,271.81,242.65,251.27,306.62,10.85,306.62,0.25,0.35,0.34,0.23,0.07,0.23,3.6,3.5,2.78,4.11,5.0,4.11,24.14,24.14,20.09,16.6,20.09,204.71,242.65,254.2,269.9,260.63,204.71,0.24,0.51,0.35,0.36,0.7,0.4,0.51,3.6,3.5,2.86,2.98,3.93,3.6,246.55,250.15,246.55,269.98,269.98,269.98,269.98,269.95,269.95,269.98,269.98,269.98,269.98,269.98,269.98,269.96,269.96,269.98,269.98,269.97,269.97,269.98,269.98,1.7,4.33,1.7,5.11,5.11,5.32,5.32,26.84,26.84,4.24,4.24,4.39,4.39,4.57,4.57,11.45,11.45,4.75,4.75,4.5,4.5,5.33,5.33,180.0,180.0,276.86,266.21,264.34,266.21,0.0,0.0,0.01,0.65,0.39,0.65,1.0,1.0,0.29,3.14,3.91,3.14
2023-06-21T20:00:00+00:00,18.41,17.33,18.41,19.22,19.22,18.83,18.83,-56.42,-56.42,-14.26,-14.26,7.78,7.78,18.17,18.17,16.82,100.0,16.82,69.9,246.55,69.9,0.0,0.03,0.0,1.9,4.62,1.9,77.96,80.27,77.96,0.0,0.0,0.0,0.0,0.0,1018.56,1018.44,1018.56,0.41,0.41,8.98,8.98,0.06,0.06,5.23,5.23,0.0,0.0,271.73,242.87,250.95,305.55,7.57,305.55,0.23,0.32,0.34,0.24,0.06,0.24,3.58,3.52,2.79,4.07,5.1,4.07,24.14,24.14,20.06,16.44,20.06,205.45,242.87,253.69,267.7,260.63,205.45,0.22,0.49,0.32,0.35,0.71,0.38,0.49,3.65,3.52,2.87,2.99,3.94,3.65,241.99,251.56,241.99,269.98,269.98,269.98,269.98,269.96,269.96,269.98,269.98,269.98,269.98,269.98,269.98,269.95,269.95,269.98,269.98,269.97,269.97,269.98,269.98,1.38,4.11,1.38,4.73,4.73,4.95,4.95,27.53,27.53,4.05,4.05,4.18,4.18,4.35,4.35,10.58,10.58,4.54,4.54,3.48,3.48,4.96,4.96,180.0,180.0,279.94,263.47,264.38,263.47,0.0,0.0,0.01,0.66,0.37,0.66,1.0,1.0,0.15,3.17,3.92,3.17
2023-06-21T21:00:00+00:00,17.82,17.21,17.82,19.21,19.21,18.83,18.83,-56.3,-56.3,-14.07,-14.07,7.63,7.63,18.17,18.17,100.0,100.0,100.0,68.19,243.77,68.19,0.0,0.02,0.0,1.64,4.22,1.64,80.75,80.4,80.75,0.0,0.0,0.0,0.0,0.0,1018.39,1018.63,1018.39,0.41,0.41,12.94,12.94,0.06,0.06,5.1,5.1,0.0,0.0,271.65,243.08,250.63,304.49,4.29,304.49,0.21,0.3,0.33,0.24,0.06,0.24,3.55,3.53,2.79,4.02,5.19,4.02,24.13,24.13,20.03,16.29,20.03,206.11,243.08,253.19,265.5,260.62,206.11,0.2,0.47,0.3,0.34,0.72,0.36,0.47,3.68,3.53,2.88,3.0,3.94,3.68,237.43,252.96,237.43,269.98,269.98,269.98,269.98,269.96,269.96,269.98,269.98,269.98,269.98,269.98,269.98,269.95,269.95,269.98,269.98,269.96,269.96,269.98,269.98,1.07,3.9,1.07,4.36,4.36,4.57,4.57,28.22,28.22,3.86,3.86,3.97,3.97,4.13,4.13,9.7,9.7,4.32,4.32,2.46,2.46,4.59,4.59,180.0,180.0,283.02,260.73,264.41,260.73,0.0,0.0,0.0,0.67,0.35,0.67,1.0,1.0,0.0,3.19,3.92,3.19
2023-06-21T22:00:00+00:00,17.36,17.39,17.36,19.24,19.24,19.02,19.02,-57.68,-57.68,-14.5,-14.5,7.78,7.78,18.49,18.49,100.0,100.0,100.0,66.49,253.65,66.49,0.0,0.01,0.0,2.07,3.32,2.07,82.35,79.53,82.35,0.0,0.0,0.0,0.0,0.0,1018.69,1018.58,1018.69,0.41,0.41,12.57,12.57,0.06,0.06,5.07,5.07,0.0,0.0,271.58,243.62,250.35,303.43,9.68,303.43,0.2,0.28,0.32,0.24,0.05,0.24,3.51,3.52,2.79,3.98,4.2,3.98,24.13,24.13,20.01,16.41,20.01,206.72,243.62,252.86,263.3,259.9,206.72,0.19,0.44,0.28,0.33,0.73,0.32,0.44,3.67,3.52,2.89,3.01,3.84,3.67,208.31,274.01,208.31,270.0,270.0,270.0,270.0,269.96,269.96,270.01,270.01,270.0,270.0,270.0,270.0,269.94,269.94,270.0,270.0,269.94,269.94,270.0,270.0,1.03,3.09,1.03,3.36,3.36,3.49,3.49,30.99,30.99,2.93,2.93,3.01,3.01,3.13,3.13,9.28,9.28,3.27,3.27,2.55,2.55,3.49,3.49,180.0,180.0,341.98,257.99,262.43,257.99,0.0,0.0,0.0,0.68,0.39,0.68,1.0,1.0,0.0,3.22,3.7,3.22
2023-06-21T23:00:00+00:00,16.4,17.57,16.4,19.27,19.27,19.2,19.2,-59.05,-59.05,-14.92,-14.92,7.93,7.93,18.8,18.8,87.95,100.0,87.95,64.79,340.91,64.79,0.0,0.01,0.0,2.06,2.42,2.06,89.6,78.67,89.6,0.0,0.0,0.0,0.0,0.0,1018.91,1018.52,1018.91,0.41,0.41,12.21,12.21,0.05,0.05,5.05,5.05,0.0,0.0,271.43,244.16,250.07,302.36,15.07,302.36,0.18,0.26,0.31,0.24,0.04,0.24,3.46,3.52,2.79,3.93,3.22,3.93,24.13,24.13,19.99,16.53,19.99,207.1,244.16,252.52,261.1,259.19,207.1,0.17,0.41,0.26,0.32,0.74,0.27,0.41,3.64,3.52,2.89,3.03,3.75,3.64,179.19,295.05,179.19,270.01,270.01,270.02,270.02,269.96,269.96,270.03,270.03,270.03,270.03,270.03,270.03,269.94,269.94,270.03,270.03,269.92,269.92,270.02,270.02,0.99,2.28,0.99,2.37,2.37,2.42,2.42,33.76,33.76,2.0,2.0,2.06,2.06,2.13,2.13,8.85,8.85,2.22,2.22,2.65,2.65,2.4,2.4,180.0,180.0,40.95,255.24,260.46,255.24,0.0,0.0,0.0,0.69,0.44,0.69,1.0,1.0,0.0,3.24,3.49,3.24
2023-06-22T00:00:00+00:00,16.22,17.75,16.22,19.29,19.29,19.39,19.39,-60.43,-60.43,-15.34,-15.34,8.07,8.07,19.11,19.11,61.56,100.0,61.56,63.09,54.83,63.09,0.0,0.03,0.0,1.41,1.52,1.41,88.04,77.8,88.04,0.0,0.0,0.0,0.0,0.0,1018.75,1018.47,1018.75,0.41,0.41,11.84,11.84,0.05,0.05,5.02,5.02,0.0,0.0,271.39,244.7,249.79,301.3,20.46,301.3,0.17,0.24,0.3,0.24,0.03,0.24,3.41,3.51,2.79,3.89,2.23,3.89,24.14,24.14,21.26,16.65,21.26,207.26,244.7,252.19,258.9,258.47,207.26,0.16,0.39,0.24,0.31,0.75,0.23,0.39,3.6,3.51,2.9,3.04,3.65,3.6,150.07,316.1,150.07,270.03,270.03,270.04,270.04,269.96,269.96,270.06,270.06,270.05,270.05,270.05,270.05,269.93,269.93,270.05,270.05,269.9,269.9,270.04,270.04,0.95,1.47,0.95,1.37,1.37,1.34,1.34,36.53,36.53,1.07,1.07,1.1,1.1,1.13,1.13,8.43,8.43,1.17,1.17,2.74,2.74,1.3,1.3,180.0,180.0,99.91,252.5,258.48,252.5,0.0,0.0,0.0,0.7,0.48,0.7,1.0,1.0,0.0,3.27,3.27,3.27
2023-06-22T01:00:00+00:00,16.15,17.88,16.15,18.94,18.94,19.06,19.06,-59.71,-59.71,-14.95,-14.95,7.72,7.72,18.87,18.87,66.29,100.0,66.29,61.39,58.7,61.39,0.0,0.04,0.0,1.92,1.72,1.92,86.75,76.83,86.75,0.0,0.0,0.0,0.0,0.0,1018.66,1018.61,1018.66,0.41,0.41,14.37,14.37,0.04,0.04,4.09,4.09,0.0,0.0,271.4,245.78,249.67,298.8,340.63,298.8,0.15,0.22,0.28,0.26,0.07,0.26,3.36,3.5,2.79,3.97,2.62,3.97,24.14,24.14,21.23,16.65,21.23,207.35,245.78,252.25,258.2,257.91,207.35,0.15,0.37,0.22,0.29,0.75,0.21,0.37,3.55,3.5,2.9,3.07,3.57,3.55,94.16,261.52,94.16,210.05,210.05,210.06,210.06,269.96,269.96,210.08,210.08,210.07,210.07,210.07,210.07,269.93,269.93,210.07,210.07,269.91,269.91,210.06,210.06,1.02,1.66,1.02,1.25,1.25,1.23,1.23,31.68,31.68,1.03,1.03,1.05,1.05,1.07,1.07,8.35,8.35,1.1,1.1,2.69,2.69,1.2,1.2,180.0,180.0,151.08,251.4,306.77,251.4,0.0,0.0,0.0,0.69,0.4,0.69,1.0,1.0,0.0,3.3,2.89,3.3
2023-06-22T02:00:00+00:00,15.89,18.01,15.89,18.59,18.59,18.74,18.74,-58.98,-58.98,-14.55,-14.55,7.37,7.37,18.63,18.63,100.0,100.0,100.0,59.69,60.08,59.69,0.0,0.05,0.0,1.88,1.92,1.88,88.12,75.87,88.12,0.0,0.0,0.0,0.0,0.0,1018.77,1018.76,1018.77,1.44,1.44,16.89,16.89,0.04,0.04,3.15,3.15,0.0,0.0,271.45,246.85,249.56,294.1,300.81,294.1,0.14,0.21,0.25,0.26,0.12,0.26,3.32,3.5,2.8,3.95,3.01,3.95,24.13,24.13,21.16,16.64,21.16,207.43,246.85,252.31,256.0,257.36,207.43,0.14,0.34,0.21,0.26,0.73,0.19,0.34,3.48,3.5,2.89,3.1,3.49,3.48,38.26,206.93,38.26,150.07,150.07,150.08,150.08,269.95,269.95,150.09,150.09,150.09,150.09,150.09,150.09,269.94,269.94,150.09,150.09,269.92,269.92,150.08,150.08,1.08,1.84,1.08,1.14,1.14,1.11,1.11,26.84,26.84,1.0,1.0,1.01,1.01,1.02,1.02,8.27,8.27,1.04,1.04,2.65,2.65,1.09,1.09,180.0,180.0,202.25,248.9,355.07,248.9,0.0,0.0,0.0,0.67,0.31,0.67,1.0,1.0,0.0,3.33,2.51,3.33
2023-06-22T03:00:00+00:00,15.94,18.14,15.94,18.24,18.24,18.41,18.41,-58.26,-58.26,-14.16,-14.16,7.02,7.02,18.38,18.38,100.0,100.0,100.0,57.98,57.34,57.98,0.0,0.06,0.0,1.75,2.13,1.75,86.77,74.9,86.77,0.0,0.0,0.0,0.0,0.0,1018.62,1018.9,1018.62,1.68,1.68,19.42,19.42,0.03,0.03,2.22,2.22,0.0,0.0,271.61,247.93,249.44,294.2,260.98,294.2,0.13,0.19,0.23,0.25,0.16,0.25,3.28,3.49,2.8,3.86,3.4,3.86,24.13,24.13,21.11,16.64,21.11,207.47,247.93,252.37,257.4,256.8,207.47,0.13,0.31,0.19,0.24,0.68,0.17,0.31,3.41,3.49,2.89,3.08,3.41,3.41,342.35,152.35,342.35,90.09,90.09,90.1,90.1,269.95,269.95,90.11,90.11,90.11,90.11,90.11,90.11,269.94,269.94,90.11,90.11,269.93,269.93,90.1,90.1,1.15,2.03,1.15,1.02,1.02,1.0,1.0,21.99,21.99,0.96,0.96,0.96,0.96,0.96,0.96,8.19,8.19,0.97,0.97,2.6,2.6,0.99,0.99,180.0,180.0,253.42,250.4,43.36,250.4,0.0,0.0,0.0,0.63,0.23,0.63,1.0,1.0,0.0,3.31,2.13,3.31
2023-06-22T04:00:00+00:00,16.35,18.08,16.35,18.25,18.25,18.39,18.39,-58.27,-58.27,-14.17,-14.17,7.24,7.24,18.33,18.33,100.0,100.0,100.0,56.28,56.85,56.28,0.0,0.07,0.0,2.03,2.39,2.03,88.14,74.47,88.14,0.0,0.0,0.0,0.0,0.0,1018.38,1018.55,1018.38,1.37,1.37,11.41,11.41,0.07,0.07,3.73,3.73,0.0,0.0,272.03,249.73,249.53,309.0,260.54,309.0,0.13,0.18,0.21,0.17,0.14,0.17,3.24,3.49,2.76,3.46,3.31,3.46,24.13,24.13,21.13,16.65,21.13,207.39,249.73,253.0,260.8,256.38,207.39,0.12,0.28,0.18,0.22,0.64,0.16,0.28,3.32,3.49,2.85,2.96,3.33,3.32,5.43,117.0,5.43,90.04,90.04,90.05,90.05,269.95,269.95,90.06,90.06,90.06,90.06,90.06,90.06,269.93,269.93,90.06,90.06,269.88,269.88,90.05,90.05,1.33,2.33,1.33,1.43,1.43,1.41,1.41,21.71,21.71,1.36,1.36,1.36,1.36,1.37,1.37,7.58,7.58,1.38,1.38,1.9,1.9,1.39,1.39,180.0,180.0,288.74,255.8,39.18,255.8,0.0,0.0,0.0,0.6,0.27,0.6,1.0,1.0,0.0,3.23,2.31,3.23
2023-06-22T05:00:00+00:00,17.17,18.02,17.17,18.26,18.26,18.37,18.37,-58.28,-58.28,-14.18,-14.18,7.46,7.46,18.28,18.28,100.0,100.0,100.0,54.58,61.14,54.58,0.0,0.08,0.0,3.08,2.65,3.08,89.27,74.03,89.27,0.0,0.0,0.0,0.0,0.0,1018.36,1018.19,1018.36,0.75,0.75,3.41,3.41,0.11,0.11,5.24,5.24,0.0,0.0,272.55,251.54,249.61,320.4,260.09,320.4,0.11,0.17,0.19,0.12,0.13,0.12,3.22,3.49,2.71,3.0,3.23,3.0,24.14,24.14,21.14,16.67,21.14,207.1,251.54,253.63,263.0,255.95,207.1,0.11,0.25,0.17,0.2,0.61,0.14,0.25,3.26,3.49,2.81,2.84,3.25,3.26,28.52,81.64,28.52,90.0,90.0,90.0,90.0,269.95,269.95,90.0,90.0,90.0,90.0,90.0,90.0,269.93,269.93,90.0,90.0,269.83,269.83,90.0,90.0,1.51,2.63,1.51,1.84,1.84,1.81,1.81,21.42,21.42,1.75,1.75,1.77,1.77,1.77,1.77,6.97,6.97,1.78,1.78,1.2,1.2,1.8,1.8,180.0,180.0,324.06,259.4,35.01,259.4,0.0,0.0,0.0,0.59,0.32,0.59,1.0,1.0,0.0,3.11,2.5,3.11
2023-06-22T06:00:00+00:00,18.0,17.96,18.0,18.27,18.27,18.35,18.35,-58.28,-58.28,-14.2,-14.2,7.67,7.67,18.23,18.23,100.0,100.0,100.0,52.88,67.68,52.88,0.0,0.09,0.0,3.51,2.91,3.51,85.36,73.6,85.36,0.0,0.0,0.0,0.0,0.0,1018.35,1017.84,1018.35,-0.08,-0.08,355.4,355.4,0.15,0.15,6.75,6.75,0.0,0.0,273.2,253.34,249.7,8.5,259.65,8.5,0.11,0.16,0.17,0.1,0.11,0.1,3.2,3.49,2.67,4.72,3.14,4.72,24.14,24.14,21.17,16.68,21.17,206.84,253.34,254.26,264.6,255.53,206.84,0.11,0.23,0.16,0.18,0.61,0.13,0.23,3.22,3.49,2.77,2.76,3.17,3.22,51.6,46.29,51.6,89.95,89.95,89.95,89.95,269.95,269.95,89.95,89.95,89.95,89.95,89.95,89.95,269.92,269.92,89.95,89.95,269.78,269.78,89.95,89.95,1.7,2.93,1.7,2.25,2.25,2.22,2.22,21.14,21.14,2.15,2.15,2.17,2.17,2.18,2.18,6.36,6.36,2.19,2.19,0.5,0.5,2.2,2.2,180.0,180.0,359.38,261.9,30.83,261.9,0.0,0.0,0.0,0.59,0.36,0.59,1.0,1.0,0.0,3.01,2.68,3.01
2023-06-22T07:00:00+00:00,18.58,17.87,18.58,18.31,18.31,18.28,18.28,-57.38,-57.38,-14.42,-14.42,7.72,7.72,18.1,18.1,100.0,100.0,100.0,51.18,73.37,51.18,0.0,0.1,0.0,4.25,3.28,4.25,80.58,75.97,80.58,0.0,0.0,0.0,0.0,0.0,1018.08,1017.74,1018.08,-0.93,-0.93,355.42,355.42,0.16,0.16,6.7,6.7,0.0,0.0,274.03,256.21,249.81,14.6,259.36,14.6,0.1,0.15,0.15,0.09,0.1,0.09,3.19,3.51,2.63,4.45,3.07,4.45,24.14,24.14,21.21,16.77,21.21,206.64,256.21,255.41,266.6,303.49,206.64,0.1,0.2,0.15,0.17,0.62,0.14,0.2,3.19,3.51,2.75,2.74,2.69,3.19,41.1,43.32,41.1,89.95,89.95,89.95,89.95,269.95,269.95,89.94,89.94,89.94,89.94,89.94,89.94,269.92,269.92,89.94,89.94,209.86,209.86,89.94,89.94,1.86,3.2,1.86,2.47,2.47,2.43,2.43,20.12,20.12,2.22,2.22,2.26,2.26,2.29,2.29,5.5,5.5,2.32,2.32,0.71,0.71,2.38,2.38,180.0,180.0,5.5,264.3,33.81,264.3,0.0,0.0,0.0,0.61,0.28,0.61,1.0,1.0,0.33,2.97,2.37,2.97
2023-06-22T08:00:00+00:00,19.01,17.78,19.01,18.36,18.36,18.22,18.22,-56.48,-56.48,-14.63,-14.63,7.77,7.77,17.97,17.97,100.0,100.0,100.0,49.48,75.52,49.48,0.0,0.11,0.0,4.45,3.64,4.45,78.06,78.33,78.06,0.0,0.0,0.0,0.0,0.0,1018.0,1017.64,1018.0,-1.55,-1.55,355.43,355.43,0.18,0.18,6.64,6.64,0.0,0.0,275.02,259.08,249.93,350.4,259.08,350.4,0.09,0.14,0.14,0.12,0.09,0.12,3.2,3.52,2.59,3.64,3.01,3.64,24.14,24.14,21.26,16.86,21.26,206.29,259.08,256.57,268.6,351.44,206.29,0.09,0.18,0.14,0.15,0.64,0.15,0.18,3.17,3.52,2.72,2.74,2.22,3.17,30.6,40.34,30.6,89.94,89.94,89.94,89.94,269.94,269.94,89.94,89.94,89.94,89.94,89.94,89.94,269.92,269.92,89.94,89.94,149.94,149.94,89.94,89.94,2.02,3.47,2.02,2.7,2.7,2.63,2.63,19.1,19.1,2.29,2.29,2.35,2.35,2.4,2.4,4.64,4.64,2.44,2.44,0.93,0.93,2.57,2.57,40.1,180.0,11.61,266.5,36.78,266.5,0.01,0.0,0.01,0.62,0.21,0.62,1.25,1.0,0.65,2.97,2.05,2.97
2023-06-22T09:00:00+00:00,19.42,17.69,19.42,18.4,18.4,18.16,18.16,-55.58,-55.58,-14.85,-14.85,7.82,7.82,17.84,17.84,100.0,100.0,100.0,47.77,75.8,47.77,0.0,0.12,0.0,5.35,4.01,5.35,76.84,80.7,76.84,0.0,0.0,0.0,0.0,0.0,1017.86,1017.54,1017.86,-1.74,-1.74,355.45,355.45,0.19,0.19,6.59,6.59,0.0,0.0,276.21,261.95,250.04,349.4,258.79,349.4,0.09,0.13,0.12,0.12,0.08,0.12,3.22,3.54,2.55,3.6,2.94,3.6,24.14,24.14,21.31,16.95,21.31,205.37,261.95,257.72,267.4,39.4,205.37,0.09,0.16,0.13,0.14,0.62,0.16,0.16,3.15,3.54,2.7,2.73,1.74,3.15,20.1,37.37,20.1,89.94,89.94,89.94,89.94,269.94,269.94,89.93,89.93,89.93,89.93,89.93,89.93,269.92,269.92,89.93,89.93,90.02,90.02,89.93,89.93,2.18,3.74,2.18,2.92,2.92,2.84,2.84,18.08,18.08,2.36,2.36,2.44,2.44,2.51,2.51,3.78,3.78,2.57,2.57,1.14,1.14,2.75,2.75,22.27,180.0,17.73,265.4,39.76,265.4,0.01,0.0,0.01,0.61,0.13,0.61,1.25,1.0,0.98,2.96,1.74,2.96
2023-06-22T10:00:00+00:00,19.47,17.65,19.47,18.44,18.44,18.22,18.22,-56.76,-56.76,-14.2,-14.2,7.59,7.59,17.86,17.86,100.0,100.0,100.0,46.07,74.85,46.07,0.0,0.13,0.0,6.67,5.03,6.67,78.07,81.23,78.07,0.0,0.0,0.0,0.0,0.0,1017.7,1017.32,1017.7,-1.44,-1.44,355.64,355.64,0.16,0.16,6.82,6.82,0.0,0.0,277.02,267.59,250.02,331.3,257.22,331.3,0.08,0.13,0.11,0.08,0.07,0.08,3.28,3.53,2.59,3.14,3.27,3.14,24.14,24.14,21.37,16.99,21.37,201.55,273.25,260.79,265.1,35.71,201.55,0.09,0.15,0.13,0.13,0.59,0.19,0.15,3.04,3.39,2.54,2.7,1.9,3.04,12.24,30.3,12.24,89.92,89.92,89.92,89.92,269.93,269.93,89.89,89.89,89.89,89.89,89.89,89.89,269.92,269.92,89.9,89.9,89.99,89.99,89.9,89.9,2.69,4.43,2.69,2.99,2.99,2.87,2.87,16.94,16.94,2.16,2.16,2.24,2.24,2.33,2.33,4.88,4.88,2.41,2.41,1.32,1.32,2.7,2.7,12.79,123.81,15.17,263.2,35.51,263.2,0.03,0.02,0.02,0.58,0.17,0.58,1.3,1.16,1.13,2.93,1.9,2.93
2023-06-22T11:00:00+00:00,19.43,17.61,19.43,18.47,18.47,18.29,18.29,-57.94,-57.94,-13.54,-13.54,7.36,7.36,17.89,17.89,100.0,100.0,100.0,44.37,72.68,44.37,0.0,0.15,0.0,7.25,6.05,7.25,77.88,81.77,77.88,0.0,0.0,0.0,0.0,0.0,1017.65,1017.09,1017.65,-1.02,-1.02,355.82,355.82,0.14,0.14,7.06,7.06,0.0,0.0,278.22,273.24,250.0,346.5,255.65,346.5,0.08,0.12,0.1,0.08,0.07,0.08,3.36,3.53,2.62,4.16,3.61,4.16,24.14,24.14,21.42,17.03,21.42,153.35,284.56,263.85,263.3,32.01,153.35,0.1,0.17,0.13,0.13,0.56,0.23,0.17,2.32,3.25,2.38,2.66,2.06,2.32,4.38,23.23,4.38,89.9,89.9,89.89,89.89,269.93,269.93,89.85,89.85,89.86,89.86,89.86,89.86,269.93,269.93,89.86,89.86,89.97,89.97,89.88,89.88,3.2,5.13,3.2,3.07,3.07,2.9,2.9,15.79,15.79,1.95,1.95,2.05,2.05,2.16,2.16,5.97,5.97,2.25,2.25,1.49,1.49,2.66,2.66,10.52,67.62,12.61,261.7,31.25,261.7,0.07,0.04,0.04,0.55,0.21,0.55,1.29,1.31,1.29,2.89,2.06,2.89
2023-06-22T12:00:00+00:00,19.38,17.57,19.38,18.5,18.5,18.35,18.35,-59.12,-59.12,-12.89,-12.89,7.13,7.13,17.92,17.92,100.0,100.0,100.0,42.67,71.02,42.67,0.0,0.16,0.0,7.85,7.06,7.85,77.22,82.3,77.22,0.0,0.0,0.0,0.0,0.0,1017.54,1016.87,1017.54,-0.58,-0.58,356.01,356.01,0.11,0.11,7.29,7.29,0.0,0.0,297.25,278.88,249.98,263.8,254.08,263.8,0.07,0.12,0.09,0.1,0.06,0.1,3.33,3.52,2.66,2.8,3.94,2.8,24.14,24.14,21.45,17.08,21.45,87.38,295.86,266.92,263.3,28.32,87.38,0.25,0.24,0.13,0.12,0.53,0.26,0.24,1.95,3.1,2.22,2.62,2.22,1.95,356.52,16.16,356.52,89.88,89.88,89.87,89.87,269.92,269.92,89.81,89.81,89.82,89.82,89.82,89.82,269.93,269.93,89.83,89.83,89.94,89.94,89.85,89.85,3.71,5.82,3.71,3.14,3.14,2.93,2.93,14.65,14.65,1.75,1.75,1.85,1.85,1.98,1.98,7.07,7.07,2.09,2.09,1.67,1.67,2.61,2.61,6.75,11.43,10.05,261.9,27.0,261.9,0.25,0.06,0.05,0.51,0.25,0.51,1.6,1.47,1.44,2.84,2.22,2.84
2023-06-22T13:00:00+00:00,18.97,17.58,18.97,18.47,18.47,18.33,18.33,-58.77,-58.77,-12.96,-12.96,7.06,7.06,17.92,17.92,100.0,100.0,100.0,40.97,70.29,40.97,0.0,0.17,0.0,8.61,6.83,8.61,78.33,82.17,78.33,0.0,0.0,0.0,0.0,0.0,1017.18,1016.89,1017.18,0.06,0.06,323.83,323.83,0.1,0.1,5.74,5.74,0.0,0.0,6.49,315.65,306.52,239.3,291.07,239.3,0.09,0.13,0.09,0.11,0.06,0.11,3.05,3.35,2.52,2.86,4.44,2.86,24.14,24.14,21.48,17.06,21.48,81.29,323.43,299.88,264.4,27.27,81.29,0.31,0.29,0.16,0.19,0.49,0.27,0.29,2.05,2.88,2.16,2.57,2.35,2.05,358.54,9.88,358.54,89.86,89.86,89.84,89.84,269.88,269.88,150.58,150.58,151.1,151.1,87.67,87.67,269.94,269.94,89.33,89.33,150.0,150.0,89.78,89.78,3.77,5.57,3.77,2.78,2.78,2.51,2.51,11.91,11.91,1.21,1.21,1.26,1.26,1.34,1.34,6.94,6.94,1.46,1.46,2.01,2.01,2.09,2.09,3.61,10.75,7.59,263.7,24.19,263.7,0.3,0.09,0.14,0.48,0.26,0.48,2.1,1.57,1.65,2.78,2.35,2.78
2023-06-22T14:00:00+00:00,18.71,17.58,18.71,18.43,18.43,18.31,18.31,-58.42,-58.42,-13.03,-13.03,7.0,7.0,17.92,17.92,100.0,100.0,100.0,39.27,69.39,39.27,0.0,0.19,0.0,8.6,6.59,8.6,79.77,82.03,79.77,0.0,0.0,0.0,0.0,0.0,1017.09,1016.91,1017.09,1.08,1.08,291.64,291.64,0.1,0.1,4.18,4.18,0.0,0.0,33.19,352.41,3.07,225.4,328.06,225.4,0.09,0.15,0.09,0.15,0.06,0.15,3.21,3.19,2.37,2.95,4.93,2.95,24.14,24.14,21.5,17.03,21.5,83.07,351.0,332.85,264.7,26.21,83.07,0.38,0.35,0.18,0.26,0.47,0.27,0.35,2.15,2.67,2.11,2.54,2.48,2.15,0.55,3.59,0.55,89.84,89.84,89.81,89.81,269.84,269.84,211.35,211.35,212.37,212.37,85.53,85.53,269.95,269.95,88.84,88.84,210.07,210.07,89.72,89.72,3.84,5.32,3.84,2.43,2.43,2.1,2.1,9.17,9.17,0.68,0.68,0.68,0.68,0.69,0.69,6.8,6.8,0.83,0.83,2.36,2.36,1.56,1.56,0.63,10.07,5.13,266.4,21.39,266.4,0.37,0.12,0.22,0.43,0.26,0.43,2.33,1.68,1.87,2.73,2.48,2.73
2023-06-22T15:00:00+00:00,18.46,17.58,18.46,18.39,18.39,18.28,18.28,-58.06,-58.06,-13.11,-13.11,6.93,6.93,17.92,17.92,100.0,100.0,100.0,37.57,69.14,37.57,0.0,0.19,0.0,8.17,6.35,8.17,80.81,81.9,80.81,0.0,0.0,0.0,0.0,0.0,1017.17,1016.93,1017.17,1.52,1.52,259.46,259.46,0.09,0.09,2.63,2.63,0.0,0.0,11.58,29.18,59.61,228.7,5.05,228.7,0.11,0.16,0.09,0.22,0.06,0.22,3.38,3.02,2.23,3.18,5.43,3.18,24.14,24.14,21.51,17.01,21.51,82.9,18.57,5.81,264.2,25.16,82.9,0.42,0.45,0.21,0.33,0.44,0.28,0.45,2.34,2.45,2.05,2.54,2.61,2.34,2.57,357.31,2.57,89.82,89.82,89.78,89.78,269.8,269.8,272.12,272.12,273.65,273.65,83.38,83.38,269.96,269.96,88.34,88.34,270.13,270.13,89.65,89.65,3.9,5.07,3.9,2.07,2.07,1.68,1.68,6.43,6.43,0.14,0.14,0.09,0.09,0.05,0.05,6.67,6.67,0.2,0.2,2.7,2.7,1.04,1.04,0.99,9.39,2.67,272.7,18.58,272.7,0.41,0.15,0.31,0.38,0.27,0.38,2.5,1.78,2.08,2.62,2.61,2.62
2023-06-22T16:00:00+00:00,18.37,17.46,18.37,18.21,18.21,17.88,17.88,-56.11,-56.11,-13.6,-13.6,6.83,6.83,17.61,17.61,100.0,100.0,100.0,35.86,69.31,35.86,0.0,0.19,0.0,7.88,6.68,7.88,82.41,82.63,82.41,0.0,0.0,0.0,0.0,0.0,1017.39,1017.15,1017.39,1.28,1.28,291.19,291.19,0.12,0.12,3.03,3.03,0.0,0.0,12.25,29.45,55.01,239.5,10.97,239.5,0.12,0.18,0.12,0.19,0.09,0.19,3.43,2.99,2.38,3.32,4.12,3.32,24.14,24.14,21.51,17.0,21.51,79.56,20.27,4.71,265.7,22.19,79.56,0.43,0.52,0.22,0.37,0.42,0.29,0.52,2.59,2.51,2.17,2.56,2.65,2.59,0.26,356.82,0.26,89.81,89.81,89.7,89.7,269.83,269.83,271.77,271.77,272.89,272.89,146.31,146.31,269.97,269.97,150.78,150.78,270.15,270.15,89.42,89.42,3.8,5.36,3.8,2.05,2.05,1.43,1.43,7.35,7.35,0.2,0.2,0.15,0.15,0.09,0.09,7.48,7.48,0.16,0.16,2.63,2.63,0.82,0.82,2.41,5.98,0.24,269.5,14.44,269.5,0.42,0.14,0.34,0.37,0.28,0.37,2.58,1.75,2.21,2.66,2.65,2.66
2023-06-22T17:00:00+00:00,18.24,17.34,18.24,18.03,18.03,17.48,17.48,-54.16,-54.16,-14.1,-14.1,6.72,6.72,17.29,17.29,100.0,100.0,100.0,34.16,70.39,34.16,0.0,0.19,0.0,7.76,7.01,7.76,81.86,83.37,81.86,0.0,0.0,0.0,0.0,0.0,1017.36,1017.38,1017.36,0.72,0.72,322.93,322.93,0.15,0.15,3.42,3.42,0.0,0.0,26.02,29.73,50.42,260.0,16.9,260.0,0.16,0.19,0.14,0.18,0.13,0.18,3.39,2.95,2.52,3.58,2.81,3.58,24.14,24.14,21.5,17.0,21.5,77.57,21.98,3.6,267.4,19.22,77.57,0.44,0.57,0.23,0.4,0.41,0.3,0.57,2.75,2.57,2.28,2.64,2.69,2.75,357.94,356.33,357.94,89.81,89.81,89.63,89.63,269.86,269.86,271.43,271.43,272.13,272.13,209.24,209.24,269.99,269.99,213.23,213.23,270.17,270.17,89.18,89.18,3.71,5.66,3.71,2.02,2.02,1.19,1.19,8.28,8.28,0.27,0.27,0.21,0.21,0.14,0.14,8.28,8.28,0.11,0.11,2.55,2.55,0.61,0.61,0.55,2.58,357.82,266.6,10.31,266.6,0.42,0.13,0.37,0.36,0.3,0.36,2.62,1.71,2.34,2.72,2.69,2.72
2023-06-22T18:00:00+00:00,18.1,17.22,18.1,17.84,17.84,17.07,17.07,-52.21,-52.21,-14.6,-14.6,6.61,6.61,16.97,16.97,100.0,100.0,100.0,32.46,72.27,32.46,0.0,0.18,0.0,8.05,7.33,8.05,81.88,84.1,81.88,0.0,0.0,0.0,0.0,0.0,1017.45,1017.61,1017.45,-0.05,-0.05,354.66,354.66,0.18,0.18,3.82,3.82,0.0,0.0,29.93,30.0,45.82,273.1,22.82,273.1,0.17,0.21,0.17,0.21,0.16,0.21,3.48,2.92,2.67,3.81,1.5,3.81,24.14,24.14,21.48,16.99,21.48,76.25,23.68,2.5,268.6,16.25,76.25,0.46,0.63,0.24,0.44,0.41,0.31,0.63,2.94,2.63,2.4,2.73,2.73,2.94,355.63,355.84,355.63,89.8,89.8,89.55,89.55,269.89,269.89,271.08,271.08,271.37,271.37,272.17,272.17,270.0,270.0,275.67,275.67,270.19,270.19,88.95,88.95,3.61,5.95,3.61,2.0,2.0,0.94,0.94,9.2,9.2,0.33,0.33,0.27,0.27,0.18,0.18,9.09,9.09,0.07,0.07,2.48,2.48,0.39,0.39,359.18,359.17,355.39,264.8,6.17,264.8,0.43,0.12,0.4,0.34,0.31,0.34,2.68,1.68,2.47,2.74,2.73,2.74
2023-06-22T19:00:00+00:00,17.88,17.2,17.88,17.91,17.91,17.23,17.23,-51.58,-51.58,-14.94,-14.94,6.5,6.5,17.03,17.03,100.0,68.33,100.0,30.76,74.25,30.76,0.0,0.17,0.0,8.11,7.11,8.11,80.74,83.6,80.74,0.0,0.0,0.0,0.0,0.0,1017.79,1018.19,1017.79,-0.94,-0.94,354.88,354.88,0.17,0.17,3.58,3.58,0.0,0.0,34.13,29.56,43.61,272.8,16.88,272.8,0.17,0.22,0.21,0.19,0.24,0.19,3.56,2.93,2.83,3.98,2.32,3.98,24.14,24.14,21.45,16.93,21.45,74.98,25.02,3.96,269.9,17.2,74.98,0.5,0.68,0.24,0.47,0.39,0.32,0.68,3.1,2.7,2.48,2.74,2.85,3.1,351.61,353.08,351.61,89.71,89.71,89.2,89.2,269.91,269.91,270.82,270.82,271.01,271.01,271.56,271.56,270.01,270.01,273.91,273.91,270.18,270.18,149.66,149.66,3.38,5.74,3.38,1.63,1.63,0.71,0.71,9.47,9.47,0.57,0.57,0.53,0.53,0.44,0.44,10.25,10.25,0.34,0.34,2.72,2.72,0.38,0.38,357.93,354.16,355.58,266.8,6.86,266.8,0.47,0.1,0.42,0.33,0.32,0.33,2.78,1.56,2.52,2.78,2.85,2.78
2023-06-22T20:00:00+00:00,17.59,17.17,17.59,17.98,17.98,17.38,17.38,-50.95,-50.95,-15.27,-15.27,6.38,6.38,17.08,17.08,100.0,36.67,100.0,29.06,76.6,29.06,0.0,0.17,0.0,7.14,6.89,7.14,80.75,83.1,80.75,0.0,0.0,0.0,0.0,0.0,1018.4,1018.76,1018.4,-1.66,-1.66,355.11,355.11,0.17,0.17,3.34,3.34,0.0,0.0,23.91,29.12,41.41,279.4,10.93,279.4,0.27,0.22,0.24,0.16,0.32,0.16,3.57,2.94,2.98,3.99,3.15,3.99,24.13,24.13,21.42,16.87,21.42,73.96,26.36,5.42,272.4,18.16,73.96,0.51,0.69,0.23,0.5,0.37,0.34,0.69,3.18,2.78,2.57,2.7,2.96,3.18,347.6,350.32,347.6,89.63,89.63,88.84,88.84,269.93,269.93,270.55,270.55,270.66,270.66,270.95,270.95,270.01,270.01,272.14,272.14,270.16,270.16,210.36,210.36,3.15,5.52,3.15,1.25,1.25,0.49,0.49,9.74,9.74,0.82,0.82,0.79,0.79,0.71,0.71,11.41,11.41,0.62,0.62,2.96,2.96,0.36,0.36,353.09,349.14,355.76,269.0,7.56,269.0,0.44,0.08,0.43,0.33,0.33,0.33,2.75,1.45,2.57,2.78,2.96,2.78
2023-06-22T21:00:00+00:00,17.49,17.14,17.49,18.05,18.05,17.54,17.54,-50.32,-50.32,-15.61,-15.61,6.26,6.26,17.13,17.13,100.0,5.0,100.0,27.36,78.73,27.36,0.0,0.17,0.0,6.95,6.66,6.95,80.98,82.6,80.98,0.0,0.0,0.0,0.0,0.0,1018.96,1019.34,1018.96,-2.08,-2.08,355.33,355.33,0.16,0.16,3.1,3.1,0.0,0.0,20.21,28.68,39.2,274.2,4.99,274.2,0.32,0.23,0.28,0.18,0.4,0.18,3.55,2.95,3.14,3.96,3.97,3.96,24.13,24.13,21.38,16.81,21.38,72.14,27.7,6.88,272.5,19.11,72.14,0.5,0.69,0.23,0.53,0.35,0.35,0.69,3.22,2.85,2.65,2.69,3.08,3.22,343.58,347.56,343.58,89.54,89.54,88.49,88.49,269.95,269.95,270.29,270.29,270.3,270.3,270.34,270.34,270.02,270.02,270.38,270.38,270.15,270.15,271.07,271.07,2.92,5.31,2.92,0.88,0.88,0.26,0.26,10.01,10.01,1.06,1.06,1.05,1.05,0.97,0.97,12.57,12.57,0.89,0.89,3.2,3.2,0.35,0.35,345.53,344.13,355.95,269.2,8.25,269.2,0.39,0.06,0.45,0.3,0.34,0.3,2.66,1.33,2.62,2.69,3.08,2.69
2023-06-22T22:00:00+00:00,17.29,17.12,17.29,17.78,17.78,17.47,17.47,-50.36,-50.36,-15.39,-15.39,6.06,6.06,17.13,17.13,100.0,4.27,100.0,25.65,80.67,25.65,0.0,0.17,0.0,6.68,5.85,6.68,82.91,82.5,82.91,0.0,0.0,0.0,0.0,0.0,1019.74,1019.85,1019.74,-2.04,-2.04,354.58,354.58,0.15,0.15,3.07,3.07,0.0,0.0,16.0,27.22,33.57,271.7,8.92,271.7,0.33,0.25,0.34,0.18,0.33,0.18,3.54,3.08,3.12,3.91,3.28,3.91,24.13,24.13,21.34,16.77,21.34,69.91,24.79,8.76,270.1,21.15,69.91,0.48,0.66,0.26,0.53,0.32,0.36,0.66,3.25,2.95,2.71,2.68,3.3,3.25,336.13,348.8,336.13,89.38,89.38,88.36,88.36,269.96,269.96,270.34,270.34,270.36,270.36,270.41,270.41,270.02,270.02,270.47,270.47,270.16,270.16,192.85,192.85,3.14,4.74,3.14,0.68,0.68,0.22,0.22,9.92,9.92,0.87,0.87,0.85,0.85,0.78,0.78,12.82,12.82,0.71,0.71,2.93,2.93,0.24,0.24,339.01,337.64,348.66,266.5,8.73,266.5,0.35,0.08,0.38,0.27,0.35,0.27,2.56,1.45,2.44,2.61,3.3,2.61
2023-06-22T23:00:00+00:00,17.22,17.09,17.22,17.51,17.51,17.4,17.4,-50.39,-50.39,-15.18,-15.18,5.86,5.86,17.13,17.13,7.73,3.53,7.73,23.95,81.99,23.95,0.0,0.16,0.0,5.75,5.03,5.75,83.68,82.4,83.68,0.0,0.0,0.0,0.0,0.0,1020.2,1020.36,1020.2,-1.62,-1.62,353.83,353.83,0.13,0.13,3.05,3.05,0.0,0.0,6.2,25.76,27.95,268.9,12.85,268.9,0.37,0.28,0.4,0.17,0.27,0.17,3.41,3.22,3.1,3.83,2.59,3.83,24.13,24.13,21.3,16.74,21.3,67.9,21.89,10.63,266.4,23.18,67.9,0.45,0.63,0.29,0.53,0.3,0.37,0.63,3.35,3.05,2.77,2.67,3.53,3.35,328.67,350.04,328.67,89.21,89.21,88.23,88.23,269.98,269.98,270.38,270.38,270.41,270.41,270.48,270.48,270.03,270.03,270.56,270.56,270.17,270.17,114.62,114.62,3.37,4.18,3.37,0.49,0.49,0.18,0.18,9.84,9.84,0.68,0.68,0.66,0.66,0.6,0.6,13.07,13.07,0.53,0.53,2.65,2.65,0.12,0.12,332.68,331.14,341.36,261.8,9.22,261.8,0.26,0.09,0.31,0.24,0.36,0.24,2.25,1.56,2.27,2.57,3.51,2.57
2023-06-23T00:00:00+00:00,17.13,17.07,17.13,17.24,17.24,17.33,17.33,-50.42,-50.42,-14.96,-14.96,5.66,5.66,17.13,17.13,0.0,2.8,0.0,22.25,79.7,22.25,0.21,0.16,0.21,5.5,4.22,5.5,84.75,82.3,84.75,0.0,0.0,0.0,0.0,0.0,1020.5,1020.87,1020.5,-1.11,-1.11,353.08,353.08,0.12,0.12,3.02,3.02,0.0,0.0,3.37,24.3,22.32,12.9,16.78,12.9,0.35,0.3,0.46,0.22,0.2,0.22,3.36,3.35,3.08,3.02,1.9,3.02,24.14,24.14,21.22,16.7,21.22,66.38,18.98,12.51,341.1,25.22,66.38,0.41,0.6,0.32,0.53,0.39,0.38,0.6,3.43,3.15,2.83,2.51,3.75,3.43,321.22,351.28,321.22,89.05,89.05,88.1,88.1,269.99,269.99,270.43,270.43,270.47,270.47,270.55,270.55,270.03,270.03,270.65,270.65,270.18,270.18,36.4,36.4,3.59,3.61,3.59,0.29,0.29,0.14,0.14,9.75,9.75,0.49,0.49,0.46,0.46,0.41,0.41,13.32,13.32,0.35,0.35,2.38,2.38,0.01,0.01,326.18,324.65,334.07,330.2,9.7,330.2,0.21,0.11,0.24,0.33,0.37,0.33,2.03,1.68,2.09,2.61,3.73,2.61
2023-06-23T01:00:00+00:00,16.96,17.09,16.96,17.12,17.12,17.28,17.28,-50.82,-50.82,-14.93,-14.93,5.75,5.75,17.18,17.18,1.71,2.53,1.71,299.05,80.08,299.05,0.32,0.16,0.32,5.49,3.55,5.49,84.09,82.0,84.09,0.0,0.0,0.0,0.0,0.0,1020.61,1021.08,1020.61,-0.35,-0.35,352.1,352.1,0.13,0.13,5.03,5.03,0.0,0.0,6.31,23.82,21.95,2.1,16.13,2.1,0.32,0.3,0.44,0.24,0.24,0.24,3.4,3.35,3.06,3.15,2.54,3.15,24.14,24.14,21.18,16.69,21.18,67.54,20.27,13.27,341.4,25.47,67.54,0.38,0.55,0.31,0.5,0.39,0.36,0.55,3.46,3.21,2.82,2.57,3.78,3.46,317.42,1.07,317.42,89.3,89.3,88.68,88.68,270.0,270.0,210.24,210.24,210.26,210.26,210.31,210.31,270.04,270.04,210.38,210.38,270.15,270.15,54.21,54.21,3.24,3.13,3.24,0.43,0.43,0.35,0.35,11.5,11.5,0.59,0.59,0.57,0.57,0.54,0.54,12.94,12.94,0.5,0.5,2.69,2.69,0.27,0.27,319.55,276.43,329.01,331.6,16.42,331.6,0.22,0.07,0.21,0.31,0.28,0.31,2.09,1.45,2.0,2.6,3.36,2.6
2023-06-23T02:00:00+00:00,16.63,17.11,16.63,17.01,17.01,17.23,17.23,-51.21,-51.21,-14.9,-14.9,5.83,5.83,17.22,17.22,0.0,2.27,0.0,301.65,78.9,301.65,0.32,0.16,0.32,4.73,2.88,4.73,86.01,81.7,86.01,0.0,0.0,0.0,0.0,0.0,1021.09,1021.3,1021.09,0.83,0.83,351.11,351.11,0.13,0.13,7.03,7.03,0.0,0.0,359.4,23.34,21.58,348.7,15.49,348.7,0.33,0.29,0.42,0.25,0.28,0.25,3.26,3.34,3.03,3.32,3.19,3.32,24.14,24.14,21.14,16.68,21.14,72.02,21.57,14.03,341.0,25.73,72.02,0.36,0.52,0.3,0.47,0.38,0.34,0.52,3.41,3.28,2.82,2.61,3.8,3.41,313.61,10.87,313.61,89.55,89.55,89.25,89.25,270.01,270.01,150.04,150.04,150.06,150.06,150.08,150.08,270.04,270.04,150.11,150.11,270.12,270.12,72.02,72.02,2.89,2.64,2.89,0.58,0.58,0.56,0.56,13.24,13.24,0.68,0.68,0.67,0.67,0.66,0.66,12.55,12.55,0.64,0.64,3.01,3.01,0.53,0.53,314.28,228.22,323.96,335.8,23.13,335.8,0.17,0.04,0.18,0.28,0.2,0.28,1.86,1.23,1.92,2.53,2.99,2.53
2023-06-23T03:00:00+00:00,16.51,17.13,16.51,16.89,16.89,17.18,17.18,-51.6,-51.6,-14.87,-14.87,5.92,5.92,17.27,17.27,4.01,2.0,4.01,304.26,77.61,304.26,0.31,0.15,0.31,4.41,2.21,4.41,86.23,81.4,86.23,0.0,0.0,0.0,0.0,0.0,1021.49,1021.52,1021.49,1.5,1.5,350.13,350.13,0.14,0.14,9.04,9.04,0.0,0.0,356.11,22.86,21.21,342.3,14.84,342.3,0.31,0.29,0.4,0.24,0.32,0.24,3.19,3.34,3.01,3.34,3.83,3.34,24.14,24.14,21.11,16.67,21.11,72.07,22.86,14.79,342.4,25.98,72.07,0.33,0.49,0.29,0.44,0.37,0.32,0.49,3.4,3.34,2.81,2.64,3.83,3.4,309.81,20.66,309.81,89.8,89.8,89.83,89.83,270.02,270.02,89.85,89.85,89.85,89.85,89.84,89.84,270.05,270.05,89.84,89.84,270.09,270.09,89.83,89.83,2.54,2.16,2.54,0.72,0.72,0.77,0.77,14.99,14.99,0.78,0.78,0.78,0.78,0.79,0.79,12.17,12.17,0.79,0.79,3.32,3.32,0.79,0.79,310.7,180.0,318.9,342.9,29.85,342.9,0.13,0.0,0.15,0.27,0.11,0.27,1.67,1.0,1.83,2.56,2.62,2.56
2023-06-23T04:00:00+00:00,16.5,17.18,16.5,16.78,16.78,17.13,17.13,-52.8,-52.8,-14.51,-14.51,6.1,6.1,17.24,17.24,4.63,29.87,4.63,306.86,78.62,306.86,0.3,0.13,0.3,3.85,1.79,3.85,88.23,81.17,88.23,0.0,0.0,0.0,0.0,0.0,1022.01,1021.86,1022.01,1.5,1.5,346.06,346.06,0.13,0.13,7.71,7.71,0.0,0.0,355.02,23.26,20.09,352.7,15.91,352.7,0.29,0.28,0.37,0.24,0.3,0.24,3.14,3.38,2.94,3.31,3.81,3.31,24.14,24.14,21.08,16.71,21.08,72.17,23.26,14.8,345.8,26.38,72.17,0.3,0.45,0.28,0.41,0.35,0.3,0.45,3.39,3.38,2.81,2.66,3.81,3.39,305.15,327.23,305.15,149.86,149.86,149.87,149.87,270.03,270.03,149.88,149.88,149.88,149.88,149.87,149.87,270.05,270.05,149.87,149.87,270.07,270.07,149.87,149.87,2.27,1.75,2.27,0.77,0.77,0.76,0.76,15.1,15.1,0.73,0.73,0.73,0.73,0.74,0.74,11.45,11.45,0.75,0.75,3.91,3.91,0.76,0.76,304.64,180.0,309.78,340.6,19.36,340.6,0.1,0.0,0.11,0.25,0.34,0.25,1.52,1.0,1.7,2.53,3.16,2.53
2023-06-23T05:00:00+00:00,16.89,17.22,16.89,16.67,16.67,17.09,17.09,-53.99,-53.99,-14.15,-14.15,6.28,6.28,17.22,17.22,0.0,57.73,0.0,309.46,80.01,309.46,0.3,0.12,0.3,4.12,1.38,4.12,89.43,80.93,89.43,0.0,0.0,0.0,0.0,0.0,1022.34,1022.19,1022.34,1.05,1.05,341.98,341.98,0.11,0.11,6.37,6.37,0.0,0.0,354.16,23.65,18.97,4.6,16.98,4.6,0.27,0.27,0.35,0.24,0.27,0.24,3.08,3.43,2.88,3.23,3.8,3.23,24.14,24.14,21.06,16.76,21.06,71.9,23.65,14.81,348.9,26.78,71.9,0.28,0.41,0.27,0.37,0.33,0.27,0.41,3.38,3.43,2.82,2.65,3.8,3.38,300.48,273.81,300.48,209.91,209.91,209.91,209.91,270.04,270.04,209.9,209.9,209.91,209.91,209.91,209.91,270.05,270.05,209.91,209.91,270.05,270.05,209.91,209.91,1.99,1.35,1.99,0.81,0.81,0.75,0.75,15.22,15.22,0.68,0.68,0.68,0.68,0.7,0.7,10.72,10.72,0.7,0.7,4.49,4.49,0.73,0.73,294.53,180.0,300.67,334.5,8.86,334.5,0.06,0.0,0.08,0.22,0.58,0.22,1.33,1.0,1.57,2.53,3.7,2.53
2023-06-23T06:00:00+00:00,17.85,17.27,17.85,16.56,16.56,17.05,17.05,-55.18,-55.18,-13.79,-13.79,6.45,6.45,17.2,17.2,24.78,85.6,24.78,312.06,81.47,312.06,0.29,0.1,0.29,4.32,0.96,4.32,84.16,80.7,84.16,0.0,0.0,0.0,0.0,0.0,1022.97,1022.53,1022.97,0.36,0.36,337.91,337.91,0.1,0.1,5.04,5.04,0.0,0.0,355.04,24.05,17.85,9.5,18.05,9.5,0.25,0.26,0.32,0.23,0.25,0.23,3.08,3.47,2.81,3.18,3.78,3.18,24.13,24.13,21.06,16.8,21.06,72.23,24.05,14.82,350.4,27.18,72.23,0.25,0.37,0.26,0.34,0.31,0.25,0.37,3.36,3.47,2.82,2.63,3.78,3.36,295.82,220.38,295.82,269.97,269.97,269.95,269.95,270.05,270.05,269.93,269.93,269.94,269.94,269.94,269.94,270.05,270.05,269.94,269.94,270.03,270.03,269.95,269.95,1.72,0.94,1.72,0.86,0.86,0.74,0.74,15.33,15.33,0.63,0.63,0.63,0.63,0.65,0.65,10.0,10.0,0.66,0.66,5.08,5.08,0.7,0.7,282.41,180.0,291.55,328.2,358.37,328.2,0.04,0.0,0.04,0.2,0.81,0.2,1.25,1.0,1.44,2.46,4.24,2.46
2023-06-23T07:00:00+00:00,18.66,17.38,18.66,16.57,16.57,17.07,17.07,-55.81,-55.81,-13.77,-13.77,6.34,6.34,17.19,17.19,7.85,90.4,7.85,314.67,84.68,314.67,0.28,0.08,0.28,5.91,2.04,5.91,80.84,80.1,80.84,0.0,0.0,0.0,0.0,0.0,1023.37,1023.0,1023.37,-0.48,-0.48,311.13,311.13,0.09,0.09,5.2,5.2,0.0,0.0,356.09,23.52,18.24,3.8,18.46,3.8,0.23,0.25,0.29,0.23,0.23,0.23,3.12,3.49,2.78,3.16,3.74,3.16,24.13,24.13,21.08,16.93,21.08,75.23,23.4,12.99,351.2,27.24,75.23,0.23,0.34,0.25,0.32,0.28,0.24,0.34,3.36,3.49,2.83,2.62,3.74,3.36,280.98,224.38,280.98,269.97,269.97,269.95,269.95,270.05,270.05,269.94,269.94,269.95,269.95,269.95,269.95,270.04,270.04,269.95,269.95,270.02,270.02,269.95,269.95,2.26,1.92,2.26,1.71,1.71,1.63,1.63,18.34,18.34,1.46,1.46,1.49,1.49,1.52,1.52,10.39,10.39,1.54,1.54,5.02,5.02,1.6,1.6,281.86,204.1,281.18,324.0,319.96,324.0,0.03,0.01,0.03,0.15,0.57,0.15,1.25,1.17,1.44,2.2,3.46,2.2
2023-06-23T08:00:00+00:00,19.3,17.5,19.3,16.59,16.59,17.09,17.09,-56.44,-56.44,-13.74,-13.74,6.23,6.23,17.19,17.19,38.7,95.2,38.7,317.27,91.41,317.27,0.27,0.05,0.27,6.1,3.12,6.1,77.23,79.5,77.23,0.0,0.0,0.0,0.0,0.0,1023.68,1023.48,1023.68,-1.22,-1.22,284.34,284.34,0.07,0.07,5.37,5.37,0.0,0.0,359.63,23.0,18.64,0.4,18.88,0.4,0.21,0.25,0.27,0.23,0.22,0.23,3.25,3.52,2.74,3.11,3.7,3.11,24.14,24.14,21.13,17.05,21.13,83.16,22.76,11.17,351.1,27.29,83.16,0.22,0.32,0.25,0.29,0.26,0.22,0.32,3.4,3.5,2.85,2.63,3.71,3.4,266.13,228.38,266.13,269.96,269.96,269.96,269.96,270.04,270.04,269.95,269.95,269.95,269.95,269.95,269.95,270.03,270.03,269.95,269.95,270.01,270.01,269.96,269.96,2.81,2.89,2.81,2.55,2.55,2.51,2.51,21.36,21.36,2.3,2.3,2.34,2.34,2.39,2.39,10.78,10.78,2.42,2.42,4.97,4.97,2.49,2.49,283.39,228.21,270.8,319.1,281.56,319.1,0.08,0.02,0.03,0.11,0.34,0.11,1.57,1.34,1.45,1.98,2.68,1.98
2023-06-23T09:00:00+00:00,19.82,17.61,19.82,16.61,16.61,17.11,17.11,-57.08,-57.08,-13.72,-13.72,6.11,6.11,17.19,17.19,44.01,100.0,44.01,319.87,95.88,319.87,0.27,0.04,0.27,6.72,4.2,6.72,74.01,78.9,74.01,0.0,0.0,0.0,0.0,0.0,1024.0,1023.96,1024.0,-1.66,-1.66,257.56,257.56,0.06,0.06,5.53,5.53,0.0,0.0,358.34,22.47,19.03,358.5,19.29,358.5,0.2,0.24,0.24,0.22,0.2,0.22,3.28,3.54,2.71,3.03,3.66,3.03,24.14,24.14,21.21,17.17,21.21,98.53,22.11,9.34,351.2,27.35,98.53,0.22,0.31,0.24,0.27,0.24,0.21,0.31,3.5,3.52,2.86,2.65,3.67,3.5,251.29,232.38,251.29,269.96,269.96,269.96,269.96,270.04,270.04,269.96,269.96,269.96,269.96,269.96,269.96,270.02,270.02,269.96,269.96,270.0,270.0,269.96,269.96,3.35,3.87,3.35,3.4,3.4,3.4,3.4,24.37,24.37,3.13,3.13,3.2,3.2,3.26,3.26,11.17,11.17,3.3,3.3,4.91,4.91,3.39,3.39,278.94,252.31,260.43,314.4,243.15,314.4,0.11,0.03,0.02,0.08,0.1,0.08,1.54,1.51,1.45,1.78,1.9,1.78
2023-06-23T10:00:00+00:00,20.2,17.75,20.2,17.02,17.02,17.41,17.41,-57.38,-57.38,-13.8,-13.8,6.3,6.3,17.4,17.4,100.0,91.87,100.0,322.47,93.07,322.47,0.26,0.04,0.26,7.19,4.2,7.19,69.35,77.3,69.35,0.0,0.0,0.0,0.0,0.0,1024.15,1024.06,1024.15,-1.64,-1.64,256.78,256.78,0.07,0.07,5.33,5.33,0.0,0.0,355.86,21.12,19.1,357.0,19.34,357.0,0.19,0.23,0.22,0.22,0.19,0.22,3.29,3.54,2.67,2.98,3.6,2.98,24.14,24.14,21.31,17.31,21.31,124.69,20.88,3.91,348.6,26.36,124.69,0.24,0.31,0.23,0.25,0.24,0.2,0.31,3.63,3.52,2.89,2.68,3.61,3.63,251.59,237.78,251.59,269.96,269.96,269.97,269.97,270.04,270.04,269.97,269.97,269.97,269.97,269.97,269.97,270.02,270.02,269.97,269.97,269.99,269.99,269.97,269.97,2.48,3.77,2.48,3.87,3.87,3.74,3.74,25.68,25.68,3.25,3.25,3.33,3.33,3.41,3.41,12.84,12.84,3.48,3.48,5.48,5.48,3.67,3.67,272.64,228.21,256.52,314.9,248.99,314.9,0.15,0.02,0.01,0.07,0.1,0.07,1.67,1.34,0.97,1.73,1.84,1.73
2023-06-23T11:00:00+00:00,20.87,17.89,20.87,17.44,17.44,17.71,17.71,-57.68,-57.68,-13.87,-13.87,6.49,6.49,17.62,17.62,39.05,83.73,39.05,325.08,77.91,325.08,0.25,0.04,0.25,6.7,4.2,6.7,66.07,75.7,66.07,0.0,0.0,0.0,0.0,0.0,1024.37,1024.16,1024.37,-1.28,-1.28,256.01,256.01,0.08,0.08,5.14,5.14,0.0,0.0,342.37,19.76,19.18,355.3,19.39,355.3,0.19,0.23,0.21,0.21,0.17,0.21,3.15,3.53,2.64,2.91,3.54,2.91,24.14,24.14,21.44,17.45,21.44,149.17,19.64,358.48,344.5,25.36,149.17,0.24,0.31,0.23,0.24,0.23,0.2,0.31,3.77,3.53,2.91,2.69,3.56,3.77,251.88,243.18,251.88,269.97,269.97,269.97,269.97,270.04,270.04,269.97,269.97,269.97,269.97,269.97,269.97,270.01,270.01,269.97,269.97,269.99,269.99,269.97,269.97,1.6,3.68,1.6,4.35,4.35,4.07,4.07,26.98,26.98,3.37,3.37,3.46,3.46,3.56,3.56,14.52,14.52,3.66,3.66,6.05,6.05,3.96,3.96,266.49,204.1,252.61,317.7,254.83,317.7,0.15,0.01,0.01,0.06,0.11,0.06,1.8,1.17,0.48,1.67,1.79,1.67
2023-06-23T12:00:00+00:00,21.88,18.03,21.88,17.86,17.86,18.01,18.01,-57.98,-57.98,-13.95,-13.95,6.68,6.68,17.83,17.83,100.0,75.6,100.0,327.68,67.75,327.68,0.25,0.06,0.25,4.46,4.21,4.46,69.22,74.1,69.22,0.0,0.0,0.0,0.0,0.0,1024.83,1024.26,1024.83,-0.89,-0.89,255.23,255.23,0.09,0.09,4.94,4.94,0.0,0.0,357.1,18.41,19.25,355.5,19.44,355.5,0.18,0.22,0.19,0.19,0.16,0.19,3.01,3.53,2.6,2.89,3.48,2.89,24.14,24.14,21.57,17.59,21.57,162.56,18.41,353.05,341.7,24.37,162.56,0.18,0.31,0.22,0.22,0.22,0.19,0.31,3.86,3.53,2.94,2.72,3.5,3.86,252.18,248.58,252.18,269.97,269.97,269.98,269.98,270.04,270.04,269.98,269.98,269.98,269.98,269.98,269.98,270.01,270.01,269.98,269.98,269.98,269.98,269.98,269.98,0.73,3.58,0.73,4.82,4.82,4.41,4.41,28.29,28.29,3.49,3.49,3.59,3.59,3.71,3.71,16.19,16.19,3.84,3.84,6.62,6.62,4.24,4.24,180.0,180.0,248.7,331.3,260.67,331.3,0.0,0.0,0.0,0.05,0.11,0.05,1.0,1.0,0.0,1.31,1.73,1.31
2023-06-23T13:00:00+00:00,21.78,18.02,21.78,18.06,18.06,18.09,18.09,-58.39,-58.39,-13.64,-13.64,6.83,6.83,17.84,17.84,100.0,73.27,100.0,330.28,68.92,330.28,0.24,0.09,0.24,4.52,4.92,4.52,69.33,78.1,69.33,0.0,0.0,0.0,0.0,0.0,1024.4,1024.17,1024.4,-0.42,-0.42,254.91,254.91,0.09,0.09,4.91,4.91,0.0,0.0,352.6,16.86,18.99,355.0,19.51,355.0,0.18,0.21,0.18,0.18,0.15,0.18,2.99,3.52,2.58,2.89,3.42,2.89,24.14,24.14,21.71,17.67,21.71,167.54,16.86,344.89,340.3,23.87,167.54,0.17,0.3,0.21,0.21,0.21,0.18,0.3,3.91,3.52,2.97,2.76,3.45,3.91,203.68,252.23,203.68,269.98,269.98,269.98,269.98,270.04,270.04,269.98,269.98,269.98,269.98,269.98,269.98,270.01,270.01,269.98,269.98,269.98,269.98,269.98,269.98,0.57,3.9,0.57,5.46,5.46,5.04,5.04,29.31,29.31,3.88,3.88,4.01,4.01,4.14,4.14,16.92,16.92,4.28,4.28,6.66,6.66,4.74,4.74,180.0,180.0,241.48,339.4,262.79,339.4,0.0,0.0,0.0,0.04,0.08,0.04,1.0,1.0,0.16,1.22,1.34,1.22
2023-06-23T14:00:00+00:00,21.72,18.02,21.72,18.26,18.26,18.17,18.17,-58.79,-58.79,-13.34,-13.34,6.98,6.98,17.86,17.86,95.57,70.93,95.57,332.88,71.53,332.88,0.23,0.09,0.23,4.43,5.64,4.43,65.12,82.1,65.12,0.0,0.0,0.0,0.0,0.0,1023.86,1024.08,1023.86,0.35,0.35,254.59,254.59,0.09,0.09,4.89,4.89,0.0,0.0,351.97,15.32,18.72,353.7,19.58,353.7,0.16,0.21,0.16,0.17,0.14,0.17,3.05,3.52,2.56,2.92,3.37,2.92,24.14,24.14,21.83,17.76,21.83,167.43,15.32,336.72,339.3,23.37,167.43,0.16,0.29,0.21,0.21,0.2,0.18,0.29,3.92,3.52,2.99,2.79,3.39,3.92,155.19,255.87,155.19,269.98,269.98,269.99,269.99,270.04,270.04,269.99,269.99,269.99,269.99,269.99,269.99,270.02,270.02,269.99,269.99,269.99,269.99,269.99,269.99,0.42,4.23,0.42,6.09,6.09,5.67,5.67,30.33,30.33,4.27,4.27,4.43,4.43,4.58,4.58,17.66,17.66,4.73,4.73,6.69,6.69,5.24,5.24,180.0,180.0,234.25,0.0,264.91,0.0,0.0,0.0,0.01,0.0,0.06,0.0,1.0,1.0,0.31,0.0,0.95,0.0
2023-06-23T15:00:00+00:00,22.06,18.01,22.06,18.46,18.46,18.25,18.25,-59.2,-59.2,-13.03,-13.03,7.13,7.13,17.87,17.87,21.67,68.6,21.67,335.49,78.51,335.49,0.23,0.08,0.23,4.56,6.36,4.56,63.52,86.1,63.52,0.0,0.0,0.0,0.0,0.0,1024.28,1023.98,1024.28,1.17,1.17,254.27,254.27,0.09,0.09,4.86,4.86,0.0,0.0,353.15,13.77,18.46,354.1,19.65,354.1,0.15,0.2,0.15,0.16,0.13,0.16,3.1,3.51,2.54,2.95,3.31,2.95,24.14,24.14,21.91,17.85,21.91,163.57,13.77,328.56,340.0,22.87,163.57,0.15,0.29,0.2,0.2,0.19,0.17,0.29,3.91,3.51,3.02,2.83,3.34,3.91,106.69,259.52,106.69,269.99,269.99,269.99,269.99,270.04,270.04,269.99,269.99,269.99,269.99,269.99,269.99,270.02,270.02,269.99,269.99,269.99,269.99,269.99,269.99,0.26,4.55,0.26,6.73,6.73,6.3,6.3,31.35,31.35,4.66,4.66,4.85,4.85,5.01,5.01,18.39,18.39,5.17,5.17,6.73,6.73,5.74,5.74,180.0,180.0,227.03,0.0,267.03,0.0,0.0,0.0,0.01,0.0,0.03,0.0,1.0,1.0,0.47,0.0,0.56,0.0
2023-06-23T16:00:00+00:00,21.75,18.06,21.75,18.97,18.97,18.49,18.49,-59.32,-59.32,-12.8,-12.8,7.16,7.16,18.1,18.1,7.58,57.93,7.58,338.09,99.82,338.09,0.22,0.05,0.22,5.54,7.87,5.54,67.67,83.43,67.67,0.0,0.0,0.0,0.0,0.0,1024.36,1023.84,1024.36,1.28,1.28,253.47,253.47,0.08,0.08,4.7,4.7,0.0,0.0,354.5,9.39,20.1,357.7,20.32,357.7,0.14,0.2,0.14,0.15,0.12,0.15,3.14,3.47,2.57,2.92,3.27,2.92,24.13,24.13,21.91,17.71,21.91,159.0,8.69,302.6,344.1,342.6,159.0,0.14,0.28,0.2,0.25,0.18,0.22,0.28,3.9,3.44,2.71,2.85,3.06,3.9,146.57,253.88,146.57,269.98,269.98,269.98,269.98,270.04,270.04,269.98,269.98,269.98,269.98,269.98,269.98,270.02,270.02,269.98,269.98,270.0,270.0,269.98,269.98,1.19,5.47,1.19,7.44,7.44,7.47,7.47,30.18,30.18,5.4,5.4,5.67,5.67,5.91,5.91,18.56,18.56,6.13,6.13,6.66,6.66,6.9,6.9,180.0,196.03,231.89,0.0,264.2,0.0,0.0,0.01,0.12,0.0,0.12,0.0,1.0,1.14,1.03,0.0,1.2,0.0
2023-06-23T17:00:00+00:00,20.78,18.1,20.78,19.48,19.48,18.73,18.73,-59.44,-59.44,-12.58,-12.58,7.2,7.2,18.34,18.34,17.25,47.27,17.25,340.69,201.76,340.69,0.21,0.03,0.21,5.58,9.39,5.58,69.72,80.77,69.72,0.0,0.0,0.0,0.0,0.0,1024.47,1023.7,1024.47,0.89,0.89,252.67,252.67,0.08,0.08,4.53,4.53,0.0,0.0,357.36,5.01,21.75,2.0,20.98,2.0,0.13,0.19,0.12,0.15,0.11,0.15,3.26,3.43,2.59,2.8,3.24,2.8,24.13,24.13,21.8,17.57,21.8,155.92,3.62,276.64,349.0,302.32,155.92,0.14,0.27,0.2,0.31,0.17,0.27,0.27,3.88,3.36,2.39,2.86,2.78,3.88,186.45,248.23,186.45,269.98,269.98,269.98,269.98,270.05,270.05,269.98,269.98,269.98,269.98,269.98,269.98,270.03,270.03,269.98,269.98,270.01,270.01,269.98,269.98,2.11,6.4,2.11,8.14,8.14,8.63,8.63,29.0,29.0,6.15,6.15,6.5,6.5,6.8,6.8,18.73,18.73,7.1,7.1,6.58,6.58,8.05,8.05,280.28,212.07,236.75,0.0,261.36,0.0,0.04,0.03,0.22,0.0,0.21,0.0,1.36,1.27,1.59,0.0,1.84,0.0
2023-06-23T18:00:00+00:00,20.24,18.15,20.24,20.0,20.0,18.97,18.97,-59.57,-59.57,-12.35,-12.35,7.23,7.23,18.57,18.57,14.38,36.6,14.38,343.29,236.82,343.29,0.2,0.08,0.2,5.36,10.9,5.36,67.84,78.1,67.84,0.0,0.0,0.0,0.0,0.0,1024.21,1023.56,1024.21,0.28,0.28,251.87,251.87,0.07,0.07,4.37,4.37,0.0,0.0,355.33,0.63,23.39,3.5,21.65,3.5,0.14,0.19,0.11,0.14,0.1,0.14,3.21,3.39,2.62,2.8,3.2,2.8,24.13,24.13,21.67,17.43,21.67,155.05,358.54,250.68,350.8,262.05,155.05,0.15,0.27,0.2,0.36,0.16,0.32,0.27,3.86,3.29,2.08,2.87,2.5,3.86,226.33,242.59,226.33,269.97,269.97,269.97,269.97,270.05,270.05,269.97,269.97,269.97,269.97,269.97,269.97,270.03,270.03,269.97,269.97,270.02,270.02,269.97,269.97,3.04,7.32,3.04,8.85,8.85,9.8,9.8,27.83,27.83,6.89,6.89,7.32,7.32,7.7,7.7,18.9,18.9,8.06,8.06,6.51,6.51,9.21,9.21,268.56,228.1,241.61,0.0,258.53,0.0,0.07,0.04,0.33,0.0,0.3,0.0,1.33,1.41,2.15,0.0,2.48,0.0
2023-06-23T19:00:00+00:00,19.81,18.06,19.81,19.88,19.88,18.57,18.57,-59.39,-59.39,-11.9,-11.9,6.85,6.85,18.3,18.3,1.43,26.07,1.43,345.9,244.93,345.9,0.2,0.11,0.2,5.02,11.21,5.02,67.79,78.0,67.79,0.0,0.0,0.0,0.0,0.0,1024.33,1023.75,1024.33,-0.54,-0.54,281.12,281.12,0.06,0.06,3.56,3.56,0.0,0.0,320.64,349.83,347.55,3.6,22.18,3.6,0.15,0.19,0.11,0.13,0.09,0.13,3.12,3.5,3.15,2.81,3.17,2.81,24.13,24.13,21.6,17.26,21.6,179.24,318.91,247.61,349.8,260.68,179.24,0.22,0.25,0.28,0.49,0.15,0.42,0.25,3.85,3.16,2.38,2.93,3.01,3.85,227.67,239.82,227.67,269.97,269.97,269.97,269.97,270.05,270.05,269.97,269.97,269.97,269.97,269.97,269.97,270.03,270.03,269.97,269.97,270.02,270.02,269.97,269.97,3.99,7.65,3.99,9.17,9.17,9.65,9.65,25.53,25.53,6.98,6.98,7.41,7.41,7.76,7.76,18.43,18.43,8.08,8.08,5.9,5.9,9.06,9.06,255.25,229.88,240.73,0.0,256.93,0.0,0.16,0.16,0.46,0.0,0.4,0.0,1.72,1.84,2.5,0.0,3.0,0.0
2023-06-23T20:00:00+00:00,18.96,17.97,18.96,19.75,19.75,18.16,18.16,-59.22,-59.22,-11.46,-11.46,6.48,6.48,18.03,18.03,0.31,15.53,0.31,348.5,248.28,348.5,0.19,0.14,0.19,4.59,11.52,4.59,73.53,77.9,73.53,0.0,0.0,0.0,0.0,0.0,1024.66,1023.94,1024.66,-1.34,-1.34,310.37,310.37,0.04,0.04,2.75,2.75,0.0,0.0,272.03,339.03,311.7,3.9,22.71,3.9,0.25,0.19,0.1,0.12,0.08,0.12,3.33,3.62,3.69,2.85,3.15,2.85,24.14,24.14,21.55,17.09,21.55,206.1,279.29,244.53,345.0,259.32,206.1,0.33,0.35,0.36,0.61,0.15,0.51,0.35,3.32,3.02,2.68,3.02,3.53,3.32,229.01,237.06,229.01,269.97,269.97,269.96,269.96,270.06,270.06,269.96,269.96,269.96,269.96,269.96,269.96,270.04,270.04,269.96,269.96,270.02,270.02,269.96,269.96,4.93,7.99,4.93,9.48,9.48,9.5,9.5,23.23,23.23,7.07,7.07,7.49,7.49,7.81,7.81,17.97,17.97,8.1,8.1,5.29,5.29,8.92,8.92,251.23,231.67,239.84,0.0,255.33,0.0,0.22,0.27,0.58,0.0,0.5,0.0,2.13,2.27,2.84,0.0,3.53,0.0
2023-06-23T21:00:00+00:00,17.97,17.87,17.97,19.63,19.63,17.76,17.76,-59.05,-59.05,-11.01,-11.01,6.1,6.1,17.76,17.76,85.41,5.0,85.41,351.1,250.48,351.1,0.18,0.16,0.18,4.82,11.82,4.82,78.32,77.8,78.32,0.0,0.0,0.0,0.0,0.0,1024.54,1024.14,1024.54,-1.92,-1.92,339.62,339.62,0.03,0.03,1.94,1.94,0.0,0.0,267.48,328.23,275.86,5.6,23.24,5.6,0.38,0.19,0.1,0.12,0.07,0.12,3.45,3.73,4.22,2.89,3.12,2.89,24.14,24.14,21.51,16.92,21.51,213.89,239.66,241.46,334.4,257.95,213.89,0.42,0.58,0.44,0.74,0.15,0.61,0.58,3.16,2.89,2.98,3.13,4.04,3.16,230.35,234.29,230.35,269.97,269.97,269.96,269.96,270.06,270.06,269.96,269.96,269.96,269.96,269.96,269.96,270.04,270.04,269.96,269.96,270.02,270.02,269.96,269.96,5.88,8.32,5.88,9.8,9.8,9.35,9.35,20.93,20.93,7.16,7.16,7.58,7.58,7.87,7.87,17.5,17.5,8.12,8.12,4.68,4.68,8.77,8.77,240.57,233.45,238.96,0.0,253.73,0.0,0.18,0.39,0.71,0.0,0.6,0.0,2.0,2.7,3.19,0.0,4.05,0.0
2023-06-23T22:00:00+00:00,16.94,17.64,16.94,19.65,19.65,17.7,17.7,-58.82,-58.82,-10.73,-10.73,6.36,6.36,17.57,17.57,30.54,5.0,30.54,353.7,251.34,353.7,0.18,0.17,0.18,4.82,9.92,4.82,78.73,81.33,78.73,0.0,0.0,0.0,0.0,0.0,1024.63,1024.13,1024.63,-2.19,-2.19,354.66,354.66,0.04,0.04,2.33,2.33,0.0,0.0,270.07,306.49,276.12,4.5,23.64,4.5,0.4,0.24,0.11,0.11,0.06,0.11,3.61,3.97,4.25,2.91,3.13,2.91,24.14,24.14,21.47,16.91,21.47,215.63,239.87,242.13,317.8,259.12,215.63,0.44,0.78,0.52,0.77,0.17,0.6,0.78,3.51,3.13,3.06,3.2,4.1,3.51,232.26,240.76,232.26,269.99,269.99,269.97,269.97,270.06,270.06,269.97,269.97,269.97,269.97,269.97,269.97,270.04,270.04,269.97,269.97,270.02,270.02,269.97,269.97,6.1,7.33,6.1,8.12,8.12,8.24,8.24,19.4,19.4,6.55,6.55,6.9,6.9,7.14,7.14,16.46,16.46,7.36,7.36,4.89,4.89,7.89,7.89,235.16,234.35,239.66,0.0,254.19,0.0,0.19,0.46,0.74,0.0,0.6,0.0,2.09,2.92,3.27,0.0,4.11,0.0
2023-06-23T23:00:00+00:00,15.94,17.4,15.94,19.68,19.68,17.63,17.63,-58.59,-58.59,-10.45,-10.45,6.61,6.61,17.37,17.37,100.0,5.0,100.0,356.31,251.32,356.31,0.17,0.17,0.17,5.04,8.01,5.04,80.83,84.87,80.83,0.0,0.0,0.0,0.0,0.0,1024.66,1024.13,1024.66,-2.03,-2.03,9.71,9.71,0.05,0.05,2.72,2.72,0.0,0.0,270.21,284.74,276.37,1.7,24.03,1.7,0.4,0.28,0.13,0.11,0.06,0.11,3.67,4.21,4.28,2.91,3.13,2.91,24.14,24.14,21.43,16.89,21.43,213.34,240.08,242.8,303.8,260.28,213.34,0.44,0.88,0.61,0.81,0.18,0.6,0.88,3.67,3.36,3.15,3.23,4.15,3.67,234.16,247.24,234.16,270.0,270.0,269.99,269.99,270.06,270.06,269.97,269.97,269.97,269.97,269.98,269.98,270.04,270.04,269.98,269.98,270.01,270.01,269.98,269.98,6.32,6.33,6.32,6.43,6.43,7.13,7.13,17.87,17.87,5.93,5.93,6.22,6.22,6.42,6.42,15.42,15.42,6.59,6.59,5.11,5.11,7.0,7.0,233.59,235.26,240.36,0.0,254.64,0.0,0.2,0.54,0.78,0.0,0.59,0.0,2.1,3.13,3.36,0.0,4.16,0.0
2023-06-24T00:00:00+00:00,15.57,17.16,15.57,19.7,19.7,17.56,17.56,-58.36,-58.36,-10.16,-10.16,6.87,6.87,17.17,17.17,8.2,5.0,8.2,358.91,251.9,358.91,0.16,0.17,0.16,5.31,6.1,5.31,84.58,88.4,84.58,0.0,0.0,0.0,0.0,0.0,1024.85,1024.13,1024.85,-1.59,-1.59,24.75,24.75,0.06,0.06,3.11,3.11,0.0,0.0,271.68,263.0,276.63,310.7,24.43,310.7,0.42,0.33,0.14,0.18,0.05,0.18,3.91,4.45,4.31,3.79,3.14,3.79,24.14,24.14,21.43,16.87,21.43,210.71,240.29,243.47,261.9,261.45,210.71,0.5,0.9,0.69,0.84,0.92,0.59,0.9,3.74,3.6,3.23,3.27,4.21,3.74,236.07,253.71,236.07,270.02,270.02,270.0,270.0,270.06,270.06,269.98,269.98,269.98,269.98,269.99,269.99,270.04,270.04,269.99,269.99,270.01,270.01,269.99,269.99,6.54,5.34,6.54,4.75,4.75,6.02,6.02,16.34,16.34,5.32,5.32,5.54,5.54,5.69,5.69,14.38,14.38,5.83,5.83,5.32,5.32,6.12,6.12,240.23,236.16,241.06,258.5,255.1,258.5,0.27,0.61,0.81,0.89,0.59,0.89,2.38,3.35,3.44,3.58,4.22,3.58
2023-06-24T01:00:00+00:00,15.19,17.23,15.19,19.49,19.49,17.55,17.55,-58.2,-58.2,-10.19,-10.19,7.03,7.03,17.21,17.21,1.84,5.0,1.84,1.51,253.64,1.51,0.16,0.16,0.16,5.35,4.54,5.35,87.25,87.7,87.25,0.0,0.0,0.0,0.0,0.0,1024.76,1024.01,1024.76,-0.95,-0.95,24.87,24.87,0.05,0.05,2.63,2.63,0.0,0.0,271.1,258.16,272.98,312.6,10.85,312.6,0.44,0.34,0.17,0.18,0.05,0.18,3.93,4.4,4.35,3.62,3.29,3.62,24.14,24.14,21.39,16.85,21.39,210.19,241.26,244.41,260.1,261.3,210.19,0.51,0.87,0.67,0.82,0.9,0.57,0.87,3.76,3.58,3.21,3.27,4.11,3.76,237.85,247.65,237.85,270.05,270.05,270.0,270.0,270.05,270.05,269.97,269.97,269.97,269.97,269.98,269.98,270.04,270.04,269.98,269.98,270.01,270.01,269.99,269.99,6.36,3.96,6.36,3.51,3.51,4.35,4.35,15.22,15.22,3.88,3.88,4.03,4.03,4.13,4.13,13.12,13.12,4.22,4.22,5.33,5.33,4.42,4.42,240.31,237.89,242.49,256.7,256.38,256.7,0.27,0.58,0.77,0.87,0.56,0.87,2.38,3.28,3.38,3.59,4.12,3.59
2023-06-24T02:00:00+00:00,14.88,17.3,14.88,19.28,19.28,17.54,17.54,-58.04,-58.04,-10.21,-10.21,7.19,7.19,17.25,17.25,7.73,5.0,7.73,4.11,255.02,4.11,0.15,0.16,0.15,5.33,2.98,5.33,89.44,87.0,89.44,0.0,0.0,0.0,0.0,0.0,1024.5,1023.89,1024.5,0.02,0.02,24.99,24.99,0.04,0.04,2.16,2.16,0.0,0.0,270.8,253.33,269.32,310.4,357.27,310.4,0.46,0.36,0.19,0.19,0.06,0.19,3.95,4.36,4.4,3.57,3.43,3.57,24.14,24.14,21.36,16.82,21.36,210.33,242.22,245.36,258.5,261.15,210.33,0.53,0.83,0.65,0.8,0.85,0.54,0.83,3.78,3.56,3.2,3.25,4.01,3.78,239.63,241.58,239.63,270.09,270.09,270.01,270.01,270.05,270.05,269.97,269.97,269.97,269.97,269.98,269.98,270.05,270.05,269.98,269.98,270.02,270.02,269.99,269.99,6.19,2.59,6.19,2.26,2.26,2.69,2.69,14.1,14.1,2.44,2.44,2.51,2.51,2.56,2.56,11.85,11.85,2.61,2.61,5.33,5.33,2.71,2.71,240.85,239.61,243.91,254.7,257.66,254.7,0.27,0.54,0.73,0.82,0.54,0.82,2.37,3.2,3.33,3.57,4.02,3.57
2023-06-24T03:00:00+00:00,14.69,17.37,14.69,19.08,19.08,17.52,17.52,-57.88,-57.88,-10.24,-10.24,7.34,7.34,17.29,17.29,2.36,5.0,2.36,6.72,254.67,6.72,0.14,0.16,0.14,5.3,1.42,5.3,92.31,86.3,92.31,0.0,0.0,0.0,0.0,0.0,1024.5,1023.77,1024.5,0.99,0.99,25.11,25.11,0.03,0.03,1.68,1.68,0.0,0.0,270.88,248.49,265.67,300.2,343.69,300.2,0.47,0.37,0.22,0.21,0.06,0.21,3.96,4.31,4.44,3.56,3.58,3.56,24.14,24.14,21.33,16.8,21.33,210.6,243.19,246.3,255.8,261.0,210.6,0.53,0.83,0.63,0.78,0.79,0.52,0.83,3.8,3.54,3.18,3.22,3.91,3.8,241.41,235.52,241.41,270.12,270.12,270.01,270.01,270.04,270.04,269.96,269.96,269.96,269.96,269.97,269.97,270.05,270.05,269.97,269.97,270.02,270.02,269.99,269.99,6.01,1.21,6.01,1.02,1.02,1.02,1.02,12.98,12.98,1.0,1.0,1.0,1.0,1.0,1.0,10.59,10.59,1.0,1.0,5.34,5.34,1.01,1.01,241.48,241.34,245.34,251.7,258.94,251.7,0.27,0.51,0.69,0.75,0.51,0.75,2.37,3.13,3.27,3.53,3.92,3.53
2023-06-24T04:00:00+00:00,14.58,17.38,14.58,18.82,18.82,17.4,17.4,-57.54,-57.54,-10.14,-10.14,7.37,7.37,17.24,17.24,6.61,5.0,6.61,9.32,253.24,9.32,0.13,0.14,0.13,5.65,1.99,5.65,93.83,85.97,93.83,0.0,0.0,0.0,0.0,0.0,1024.57,1024.0,1024.57,1.35,1.35,22.83,22.83,0.04,0.04,2.33,2.33,0.0,0.0,270.09,249.28,257.3,299.3,344.17,299.3,0.47,0.38,0.31,0.18,0.06,0.18,3.92,4.23,4.17,3.29,3.55,3.29,24.14,24.14,21.3,16.84,21.3,210.95,243.96,247.1,256.0,261.94,210.95,0.52,0.82,0.6,0.74,0.72,0.48,0.82,3.76,3.5,3.13,3.14,3.8,3.76,241.65,235.96,241.65,270.1,270.1,270.0,270.0,270.03,270.03,269.96,269.96,269.96,269.96,269.97,269.97,270.05,270.05,269.97,269.97,270.03,270.03,269.98,269.98,5.81,1.84,5.81,1.09,1.09,1.5,1.5,12.67,12.67,1.54,1.54,1.55,1.55,1.55,1.55,9.57,9.57,1.55,1.55,4.73,4.73,1.52,1.52,241.7,241.26,246.95,252.3,259.39,252.3,0.24,0.46,0.6,0.69,0.47,0.69,2.24,2.98,3.04,3.46,3.81,3.46
2023-06-24T05:00:00+00:00,15.15,17.39,15.15,18.56,18.56,17.27,17.27,-57.19,-57.19,-10.05,-10.05,7.4,7.4,17.19,17.19,0.0,5.0,0.0,11.92,252.13,11.92,0.13,0.14,0.13,6.43,2.55,6.43,92.09,85.63,92.09,0.0,0.0,0.0,0.0,0.0,1024.74,1024.23,1024.74,1.2,1.2,20.54,20.54,0.05,0.05,2.98,2.98,0.0,0.0,271.18,250.08,248.92,323.3,344.65,323.3,0.44,0.38,0.39,0.15,0.06,0.15,3.9,4.15,3.89,3.08,3.51,3.08,24.14,24.14,21.28,16.88,21.28,211.09,244.73,247.89,259.4,262.88,211.09,0.5,0.8,0.56,0.69,0.66,0.45,0.8,3.69,3.46,3.08,3.0,3.68,3.69,241.89,236.41,241.89,270.07,270.07,269.98,269.98,270.02,270.02,269.96,269.96,269.96,269.96,269.97,269.97,270.06,270.06,269.97,269.97,270.03,270.03,269.98,269.98,5.6,2.47,5.6,1.17,1.17,1.98,1.98,12.37,12.37,2.08,2.08,2.09,2.09,2.09,2.09,8.56,8.56,2.09,2.09,4.13,4.13,2.04,2.04,241.12,241.19,248.57,255.1,259.85,255.1,0.24,0.42,0.5,0.63,0.44,0.63,2.29,2.84,2.82,3.3,3.69,3.3
2023-06-24T06:00:00+00:00,16.38,17.4,16.38,18.3,18.3,17.15,17.15,-56.85,-56.85,-9.95,-9.95,7.42,7.42,17.13,17.13,8.59,5.0,8.59,14.52,250.81,14.52,0.12,0.13,0.12,7.44,3.12,7.44,88.88,85.3,88.88,0.0,0.0,0.0,0.0,0.0,1024.82,1024.45,1024.82,0.7,0.7,18.26,18.26,0.06,0.06,3.63,3.63,0.0,0.0,272.59,250.87,240.55,333.0,345.13,333.0,0.39,0.39,0.48,0.13,0.06,0.13,3.91,4.07,3.62,2.81,3.48,2.81,24.14,24.14,21.27,16.92,21.27,210.55,245.5,248.69,263.1,263.82,210.55,0.48,0.78,0.53,0.65,0.62,0.41,0.78,3.63,3.42,3.03,2.87,3.57,3.63,242.13,236.85,242.13,270.05,270.05,269.97,269.97,270.01,270.01,269.96,269.96,269.96,269.96,269.97,269.97,270.06,270.06,269.97,269.97,270.04,270.04,269.97,269.97,5.4,3.1,5.4,1.24,1.24,2.46,2.46,12.06,12.06,2.62,2.62,2.64,2.64,2.64,2.64,7.54,7.54,2.64,2.64,3.52,3.52,2.55,2.55,244.61,241.11,250.18,258.7,260.3,258.7,0.28,0.37,0.41,0.6,0.4,0.6,2.41,2.69,2.59,3.15,3.58,3.15
2023-06-24T07:00:00+00:00,17.78,17.56,17.78,18.31,18.31,17.24,17.24,-56.69,-56.69,-9.96,-9.96,7.6,7.6,17.23,17.23,24.06,3.33,24.06,17.13,250.89,17.13,0.11,0.13,0.11,7.83,2.72,7.83,84.66,84.33,84.66,0.0,0.0,0.0,0.0,0.0,1025.13,1024.51,1025.13,0.0,0.0,7.8,7.8,0.06,0.06,4.0,4.0,0.0,0.0,276.16,251.49,244.41,335.9,345.06,335.9,0.34,0.38,0.46,0.12,0.06,0.12,3.96,4.0,3.51,2.95,3.45,2.95,24.14,24.14,21.29,17.12,21.29,209.85,246.48,249.71,265.8,265.22,209.85,0.47,0.76,0.51,0.61,0.6,0.39,0.76,3.56,3.37,2.96,2.8,3.45,3.56,243.04,240.24,243.04,270.05,270.05,269.97,269.97,270.0,270.0,269.97,269.97,269.97,269.97,269.97,269.97,270.05,270.05,269.97,269.97,270.04,270.04,269.97,269.97,5.25,2.72,5.25,0.97,0.97,2.17,2.17,11.68,11.68,2.35,2.35,2.36,2.36,2.35,2.35,7.29,7.29,2.34,2.34,3.17,3.17,2.26,2.26,248.91,241.97,248.06,261.5,260.48,261.5,0.33,0.34,0.38,0.58,0.38,0.58,2.62,2.6,2.49,3.04,3.45,3.04
2023-06-24T08:00:00+00:00,18.8,17.71,18.8,18.31,18.31,17.32,17.32,-56.53,-56.53,-9.96,-9.96,7.77,7.77,17.32,17.32,38.83,1.67,38.83,19.73,250.65,19.73,0.11,0.12,0.11,7.81,2.32,7.81,81.22,83.37,81.22,0.0,0.0,0.0,0.0,0.0,1024.97,1024.56,1024.97,-0.76,-0.76,357.33,357.33,0.05,0.05,4.36,4.36,0.0,0.0,277.02,252.1,248.27,347.5,344.98,347.5,0.3,0.37,0.45,0.13,0.05,0.13,3.99,3.92,3.39,3.21,3.42,3.21,24.14,24.14,21.32,17.32,21.32,209.3,247.46,250.74,268.4,266.61,209.3,0.47,0.74,0.48,0.58,0.6,0.37,0.74,3.51,3.33,2.9,2.75,3.34,3.51,243.95,243.62,243.95,270.05,270.05,269.98,269.98,270.0,270.0,269.97,269.97,269.97,269.97,269.98,269.98,270.05,270.05,269.98,269.98,270.03,270.03,269.98,269.98,5.09,2.33,5.09,0.7,0.7,1.88,1.88,11.31,11.31,2.07,2.07,2.07,2.07,2.06,2.06,7.03,7.03,2.05,2.05,2.82,2.82,1.97,1.97,254.11,242.84,245.93,264.2,260.66,264.2,0.36,0.32,0.34,0.58,0.36,0.58,2.7,2.5,2.4,2.97,3.33,2.97
2023-06-24T09:00:00+00:00,19.47,17.87,19.47,18.31,18.31,17.41,17.41,-56.37,-56.37,-9.97,-9.97,7.94,7.94,17.41,17.41,33.53,0.0,33.53,22.33,249.97,22.33,0.1,0.11,0.1,7.68,1.92,7.68,79.9,82.4,79.9,0.0,0.0,0.0,0.0,0.0,1024.96,1024.61,1024.96,-1.36,-1.36,346.87,346.87,0.05,0.05,4.73,4.73,0.0,0.0,274.88,252.72,252.13,351.5,344.91,351.5,0.3,0.36,0.43,0.13,0.05,0.13,3.88,3.85,3.28,3.22,3.39,3.22,24.14,24.14,21.37,17.52,21.37,208.89,248.44,251.76,271.0,268.01,208.89,0.45,0.72,0.46,0.54,0.61,0.35,0.72,3.45,3.28,2.83,2.73,3.22,3.45,244.86,247.01,244.86,270.05,270.05,269.98,269.98,269.99,269.99,269.98,269.98,269.98,269.98,269.98,269.98,270.04,270.04,269.98,269.98,270.03,270.03,269.98,269.98,4.94,1.95,4.94,0.43,0.43,1.59,1.59,10.93,10.93,1.8,1.8,1.79,1.79,1.77,1.77,6.78,6.78,1.75,1.75,2.47,2.47,1.68,1.68,256.67,243.7,243.81,266.9,260.84,266.9,0.35,0.29,0.31,0.59,0.34,0.59,2.62,2.41,2.3,2.95,3.2,2.95
2023-06-24T10:00:00+00:00,19.87,18.1,19.87,18.42,18.42,17.65,17.65,-55.95,-55.95,-10.03,-10.03,8.2,8.2,17.66,17.66,18.65,0.0,18.65,24.93,250.47,24.93,0.09,0.1,0.09,7.33,1.85,7.33,77.17,80.4,77.17,0.0,0.0,0.0,0.0,0.0,1025.04,1024.56,1025.04,-1.61,-1.61,319.44,319.44,0.06,0.06,4.19,4.19,0.0,0.0,271.36,254.03,251.77,10.6,315.41,10.6,0.31,0.36,0.42,0.11,0.07,0.11,3.7,3.73,3.15,6.64,3.45,6.64,24.13,24.13,21.43,17.85,21.43,208.27,250.76,253.19,271.5,268.59,208.27,0.43,0.69,0.43,0.5,0.61,0.28,0.69,3.4,3.3,2.8,2.73,3.3,3.4,243.33,279.32,243.33,209.93,209.93,270.1,270.1,269.99,269.99,270.06,270.06,270.06,270.06,270.06,270.06,270.03,270.03,270.06,270.06,270.02,270.02,270.08,270.08,4.44,1.87,4.44,0.36,0.36,1.14,1.14,10.7,10.7,1.35,1.35,1.34,1.34,1.32,1.32,6.78,6.78,1.3,1.3,2.17,2.17,1.23,1.23,259.39,242.61,247.13,267.5,260.68,267.5,0.29,0.23,0.25,0.59,0.3,0.59,2.44,2.13,2.13,2.93,3.07,2.93
2023-06-24T11:00:00+00:00,20.27,18.33,20.27,18.53,18.53,17.89,17.89,-55.53,-55.53,-10.09,-10.09,8.47,8.47,17.9,17.9,8.59,0.0,8.59,27.54,252.46,27.54,0.08,0.08,0.08,6.74,1.77,6.74,74.79,78.4,74.79,0.0,0.0,0.0,0.0,0.0,1025.0,1024.5,1025.0,-1.42,-1.42,292.0,292.0,0.07,0.07,3.66,3.66,0.0,0.0,269.27,255.34,251.42,9.7,285.92,9.7,0.32,0.35,0.4,0.12,0.1,0.12,3.49,3.62,3.02,6.58,3.51,6.58,24.13,24.13,21.5,18.18,21.5,207.64,253.07,254.61,270.8,269.17,207.64,0.38,0.63,0.39,0.47,0.6,0.21,0.63,3.35,3.32,2.78,2.73,3.39,3.35,241.79,311.62,241.79,149.8,149.8,270.23,270.23,269.99,269.99,270.13,270.13,270.13,270.13,270.14,270.14,270.03,270.03,270.15,270.15,270.02,270.02,270.18,270.18,3.93,1.78,3.93,0.28,0.28,0.7,0.7,10.48,10.48,0.9,0.9,0.89,0.89,0.87,0.87,6.79,6.79,0.85,0.85,1.86,1.86,0.78,0.78,263.16,241.52,250.44,266.7,260.51,266.7,0.21,0.16,0.2,0.57,0.27,0.57,2.08,1.85,1.95,2.92,2.93,2.92
2023-06-24T12:00:00+00:00,20.71,18.55,20.71,18.63,18.63,18.13,18.13,-55.11,-55.11,-10.16,-10.16,8.73,8.73,18.15,18.15,5.64,0.0,5.64,30.14,256.68,30.14,0.08,0.07,0.08,5.97,1.7,5.97,75.46,76.4,75.46,0.0,0.0,0.0,0.0,0.0,1024.14,1024.45,1024.14,-1.05,-1.05,264.57,264.57,0.08,0.08,3.12,3.12,0.0,0.0,269.7,256.65,251.06,8.9,256.42,8.9,0.28,0.35,0.39,0.13,0.12,0.13,3.36,3.5,2.89,6.5,3.57,6.5,24.13,24.13,21.58,18.51,21.58,206.86,255.39,256.04,270.6,269.75,206.86,0.31,0.57,0.36,0.43,0.57,0.14,0.57,3.3,3.34,2.75,2.72,3.47,3.3,240.26,343.93,240.26,89.68,89.68,270.35,270.35,269.99,269.99,270.21,270.21,270.21,270.21,270.22,270.22,270.02,270.02,270.23,270.23,270.01,270.01,270.28,270.28,3.43,1.7,3.43,0.21,0.21,0.25,0.25,10.25,10.25,0.45,0.45,0.44,0.44,0.42,0.42,6.79,6.79,0.4,0.4,1.56,1.56,0.33,0.33,270.1,240.43,253.76,266.1,260.35,266.1,0.14,0.1,0.14,0.55,0.23,0.55,1.8,1.57,1.78,2.89,2.8,2.89
2023-06-24T13:00:00+00:00,20.82,18.84,20.82,18.88,18.88,18.46,18.46,-54.86,-54.86,-10.13,-10.13,8.86,8.86,18.44,18.44,0.0,0.0,0.0,32.74,267.44,32.74,0.07,0.05,0.07,5.59,2.21,5.59,72.82,75.27,72.82,0.0,0.0,0.0,0.0,0.0,1023.68,1024.07,1023.68,-0.65,-0.65,304.36,304.36,0.07,0.07,3.05,3.05,0.0,0.0,273.86,261.54,252.2,8.8,259.34,8.8,0.27,0.33,0.36,0.15,0.14,0.15,3.26,3.52,2.81,6.41,3.31,6.41,24.14,24.14,21.66,18.73,21.66,205.7,260.7,257.72,271.6,268.88,205.7,0.28,0.51,0.34,0.4,0.55,0.15,0.51,3.25,3.41,2.73,2.71,3.26,3.25,237.65,359.07,237.65,89.76,89.76,210.2,210.2,269.99,269.99,210.11,210.11,210.11,210.11,210.11,210.11,270.02,270.02,210.12,210.12,270.01,270.01,210.15,210.15,2.7,2.18,2.7,0.67,0.67,0.72,0.72,11.14,11.14,0.82,0.82,0.83,0.83,0.82,0.82,6.53,6.53,0.81,0.81,1.41,1.41,0.77,0.77,286.32,220.29,243.68,265.8,265.45,265.8,0.08,0.07,0.1,0.51,0.18,0.51,1.46,1.38,1.35,2.85,2.32,2.85
2023-06-24T14:00:00+00:00,20.88,19.13,20.88,19.13,19.13,18.79,18.79,-54.62,-54.62,-10.1,-10.1,9.0,9.0,18.74,18.74,0.0,0.0,0.0,35.34,286.44,35.34,0.06,0.04,0.06,5.29,2.73,5.29,72.42,74.13,72.42,0.0,0.0,0.0,0.0,0.0,1023.33,1023.68,1023.33,-0.09,-0.09,344.16,344.16,0.06,0.06,2.99,2.99,0.0,0.0,279.69,266.43,253.34,8.4,262.26,8.4,0.25,0.31,0.34,0.17,0.15,0.17,3.3,3.54,2.74,6.27,3.06,6.27,24.14,24.14,21.74,18.95,21.74,204.33,266.01,259.39,273.7,268.02,204.33,0.26,0.46,0.31,0.36,0.52,0.17,0.46,3.21,3.49,2.72,2.73,3.04,3.21,235.04,14.21,235.04,89.84,89.84,150.06,150.06,270.0,270.0,150.0,150.0,150.0,150.0,150.01,150.01,270.02,270.02,150.01,150.01,270.0,270.0,150.03,150.03,1.96,2.66,1.96,1.14,1.14,1.18,1.18,12.02,12.02,1.19,1.19,1.21,1.21,1.22,1.22,6.27,6.27,1.22,1.22,1.26,1.26,1.21,1.21,302.66,200.14,233.6,266.0,270.55,266.0,0.05,0.03,0.06,0.47,0.13,0.47,1.34,1.19,0.92,2.81,1.84,2.81
2023-06-24T15:00:00+00:00,20.9,19.42,20.9,19.38,19.38,19.12,19.12,-54.38,-54.38,-10.08,-10.08,9.13,9.13,19.03,19.03,0.0,0.0,0.0,37.95,318.04,37.95,0.06,0.04,0.06,5.03,3.24,5.03,70.1,73.0,70.1,0.0,0.0,0.0,0.0,0.0,1023.12,1023.3,1023.12,0.75,0.75,23.95,23.95,0.05,0.05,2.92,2.92,0.0,0.0,285.21,271.32,254.48,248.1,265.18,248.1,0.24,0.29,0.31,0.2,0.17,0.2,3.34,3.56,2.66,3.4,2.8,3.4,24.14,24.14,21.83,19.17,21.83,203.12,271.32,261.07,275.1,267.15,203.12,0.24,0.42,0.29,0.33,0.52,0.18,0.42,3.18,3.56,2.7,2.8,2.83,3.18,232.43,29.35,232.43,89.92,89.92,89.91,89.91,270.0,270.0,89.9,89.9,89.9,89.9,89.9,89.9,270.02,270.02,89.9,89.9,270.0,270.0,89.9,89.9,1.23,3.14,1.23,1.6,1.6,1.65,1.65,12.91,12.91,1.56,1.56,1.6,1.6,1.62,1.62,6.01,6.01,1.63,1.63,1.11,1.11,1.65,1.65,180.0,180.0,223.52,266.6,275.65,266.6,0.0,0.0,0.02,0.43,0.08,0.43,1.0,1.0,0.49,2.78,1.36,2.78
2023-06-24T16:00:00+00:00,20.9,19.46,20.9,19.6,19.6,19.28,19.28,-54.18,-54.18,-10.18,-10.18,9.28,9.28,19.18,19.18,0.0,0.0,0.0,40.55,353.94,40.55,0.05,0.04,0.05,4.28,3.56,4.28,70.11,73.47,70.11,0.0,0.0,0.0,0.0,0.0,1022.61,1022.93,1022.61,1.25,1.25,22.64,22.64,0.05,0.05,3.35,3.35,0.0,0.0,289.35,278.75,254.15,247.9,268.09,247.9,0.22,0.28,0.29,0.33,0.15,0.33,3.4,3.64,2.64,3.57,2.73,3.57,24.14,24.14,21.91,18.91,21.91,202.35,278.75,261.35,274.2,269.45,202.35,0.22,0.37,0.28,0.31,0.52,0.17,0.37,3.15,3.64,2.71,2.92,2.75,3.15,226.96,39.49,226.96,89.94,89.94,89.93,89.93,270.0,270.0,89.92,89.92,89.92,89.92,89.92,89.92,270.02,270.02,89.92,89.92,210.01,210.01,89.92,89.92,0.93,3.44,0.93,2.25,2.25,2.37,2.37,12.55,12.55,2.23,2.23,2.29,2.29,2.32,2.32,5.64,5.64,2.34,2.34,0.82,0.82,2.38,2.38,180.0,180.0,234.56,271.3,317.88,271.3,0.0,0.0,0.01,0.35,0.11,0.35,1.0,1.0,0.33,2.58,1.53,2.58
2023-06-24T17:00:00+00:00,20.84,19.51,20.84,19.82,19.82,19.45,19.45,-53.97,-53.97,-10.27,-10.27,9.43,9.43,19.34,19.34,0.0,0.0,0.0,43.15,23.83,43.15,0.04,0.05,0.04,3.6,3.88,3.6,69.47,73.93,69.47,0.0,0.0,0.0,0.0,0.0,1021.89,1022.56,1021.89,1.14,1.14,21.32,21.32,0.06,0.06,3.79,3.79,0.0,0.0,292.31,286.19,253.82,255.7,270.99,255.7,0.2,0.26,0.28,0.39,0.14,0.39,3.42,3.73,2.63,3.61,2.65,3.61,24.13,24.13,21.95,18.66,21.95,201.89,286.19,261.62,276.6,271.76,201.89,0.2,0.34,0.26,0.3,0.52,0.15,0.34,3.12,3.73,2.72,3.04,2.68,3.12,221.5,49.64,221.5,89.95,89.95,89.95,89.95,270.01,270.01,89.95,89.95,89.95,89.95,89.95,89.95,270.02,270.02,89.95,89.95,150.01,150.01,89.95,89.95,0.64,3.75,0.64,2.91,2.91,3.1,3.1,12.18,12.18,2.91,2.91,2.98,2.98,3.02,3.02,5.26,5.26,3.06,3.06,0.52,0.52,3.1,3.1,180.0,180.0,245.61,272.7,0.1,272.7,0.0,0.0,0.01,0.27,0.13,0.27,1.0,1.0,0.16,2.32,1.71,2.32
2023-06-24T18:00:00+00:00,20.68,19.55,20.68,20.05,20.05,19.61,19.61,-53.76,-53.76,-10.37,-10.37,9.58,9.58,19.5,19.5,0.0,0.0,0.0,45.75,45.55,45.75,0.04,0.06,0.04,3.11,4.2,3.11,69.89,74.4,69.89,0.0,0.0,0.0,0.0,0.0,1021.42,1022.2,1021.42,0.67,0.67,20.01,20.01,0.06,0.06,4.22,4.22,0.0,0.0,294.41,293.62,253.49,261.4,273.9,261.4,0.19,0.25,0.26,0.39,0.12,0.39,3.41,3.81,2.61,3.66,2.58,3.66,24.13,24.13,21.94,18.41,21.94,201.62,293.62,261.9,282.4,274.06,201.62,0.19,0.3,0.25,0.28,0.51,0.14,0.3,3.12,3.81,2.73,3.15,2.6,3.12,216.03,59.78,216.03,89.97,89.97,89.97,89.97,270.01,270.01,89.97,89.97,89.97,89.97,89.97,89.97,270.02,270.02,89.97,89.97,90.02,90.02,89.97,89.97,0.34,4.05,0.34,3.56,3.56,3.82,3.82,11.82,11.82,3.58,3.58,3.67,3.67,3.72,3.72,4.89,4.89,3.77,3.77,0.23,0.23,3.83,3.83,180.0,180.0,256.65,272.1,42.33,272.1,0.0,0.0,0.0,0.23,0.16,0.23,1.0,1.0,0.0,2.22,1.88,2.22
2023-06-24T19:00:00+00:00,20.26,19.3,20.26,20.26,20.26,19.88,19.88,-54.07,-54.07,-10.46,-10.46,9.43,9.43,19.6,19.6,0.0,0.0,0.0,48.36,63.28,48.36,0.03,0.08,0.03,2.7,4.41,2.7,77.58,75.9,77.58,0.0,0.0,0.0,0.0,0.0,1021.29,1022.13,1021.29,0.01,0.01,15.54,15.54,0.06,0.06,4.89,4.89,0.0,0.0,296.09,300.21,252.79,267.1,273.05,267.1,0.18,0.24,0.26,0.39,0.12,0.39,3.42,3.9,2.64,3.66,2.59,3.66,24.13,24.13,21.89,18.01,21.89,201.65,300.21,261.13,288.4,273.17,201.65,0.18,0.27,0.24,0.28,0.5,0.13,0.27,3.13,3.9,2.78,3.25,2.62,3.13,175.68,65.2,175.68,89.98,89.98,89.98,89.98,270.01,270.01,89.98,89.98,89.98,89.98,89.98,89.98,270.01,270.01,89.98,89.98,90.06,90.06,89.98,89.98,0.61,4.2,0.61,3.96,3.96,4.23,4.23,12.2,12.2,3.89,3.89,3.99,3.99,4.07,4.07,4.77,4.77,4.14,4.14,0.48,0.48,4.24,4.24,180.0,180.0,293.74,266.6,46.21,266.6,0.0,0.0,0.0,0.19,0.17,0.19,1.0,1.0,0.0,2.08,1.98,2.08
2023-06-24T20:00:00+00:00,19.65,19.04,19.65,20.48,20.48,20.14,20.14,-54.39,-54.39,-10.54,-10.54,9.27,9.27,19.7,19.7,0.0,0.0,0.0,50.96,73.63,50.96,0.02,0.09,0.02,2.08,4.62,2.08,78.77,77.4,78.77,0.0,0.0,0.0,0.0,0.0,1021.4,1022.07,1021.4,-0.78,-0.78,11.08,11.08,0.06,0.06,5.56,5.56,0.0,0.0,297.82,306.81,252.09,270.9,272.21,270.9,0.17,0.24,0.25,0.37,0.11,0.37,3.43,4.0,2.67,3.63,2.61,3.63,24.13,24.13,21.84,17.62,21.84,201.71,306.81,260.36,294.5,272.27,201.71,0.17,0.24,0.24,0.27,0.49,0.13,0.24,3.12,4.0,2.82,3.32,2.65,3.12,135.32,70.62,135.32,89.98,89.98,89.98,89.98,270.01,270.01,89.98,89.98,89.98,89.98,89.98,89.98,270.01,270.01,89.98,89.98,90.1,90.1,89.98,89.98,0.88,4.34,0.88,4.35,4.35,4.63,4.63,12.58,12.58,4.19,4.19,4.32,4.32,4.41,4.41,4.64,4.64,4.5,4.5,0.74,0.74,4.64,4.64,180.0,180.0,330.83,262.3,50.08,262.3,0.0,0.0,0.0,0.17,0.19,0.17,1.0,1.0,0.0,2.07,2.07,2.07
2023-06-24T21:00:00+00:00,19.18,18.79,19.18,20.69,20.69,20.4,20.4,-54.7,-54.7,-10.62,-10.62,9.12,9.12,19.8,19.8,0.0,0.0,0.0,53.56,78.78,53.56,0.01,0.11,0.01,1.94,4.83,1.94,78.02,78.9,78.02,0.0,0.0,0.0,0.0,0.0,1021.11,1022.01,1021.11,-1.48,-1.48,6.61,6.61,0.06,0.06,6.23,6.23,0.0,0.0,300.01,313.4,251.39,274.2,271.36,274.2,0.17,0.23,0.25,0.36,0.11,0.36,3.47,4.09,2.7,3.57,2.62,3.57,24.14,24.14,21.79,17.23,21.79,201.56,313.4,259.59,299.8,271.38,201.56,0.16,0.22,0.23,0.27,0.47,0.12,0.22,3.12,4.09,2.87,3.35,2.67,3.12,94.97,76.04,94.97,89.99,89.99,89.99,89.99,270.01,270.01,89.99,89.99,89.99,89.99,89.99,89.99,270.0,270.0,89.99,89.99,90.14,90.14,89.99,89.99,1.15,4.49,1.15,4.75,4.75,5.04,5.04,12.96,12.96,4.5,4.5,4.64,4.64,4.76,4.76,4.52,4.52,4.87,4.87,0.99,0.99,5.05,5.05,180.0,180.0,7.92,262.2,53.96,262.2,0.0,0.0,0.0,0.14,0.2,0.14,1.0,1.0,0.0,2.03,2.17,2.03
2023-06-24T22:00:00+00:00,18.73,18.91,18.73,20.61,20.61,20.34,20.34,-53.85,-53.85,-10.92,-10.92,9.86,9.86,19.84,19.84,0.0,0.0,0.0,56.16,80.45,56.16,0.01,0.13,0.01,2.21,4.46,2.21,80.26,76.57,80.26,0.0,0.0,0.0,0.0,0.0,1020.57,1021.38,1020.57,-1.93,-1.93,6.91,6.91,0.06,0.06,6.11,6.11,0.0,0.0,302.92,317.74,250.97,276.6,269.92,276.6,0.17,0.22,0.25,0.34,0.12,0.34,3.54,4.19,2.72,3.49,2.77,3.49,24.13,24.13,21.75,17.16,21.75,201.11,317.74,259.53,302.4,269.51,201.11,0.16,0.2,0.22,0.27,0.44,0.14,0.2,3.14,4.19,2.92,3.36,2.81,3.14,96.56,86.87,96.56,90.0,90.0,90.0,90.0,270.0,270.0,90.0,90.0,90.0,90.0,90.0,90.0,269.99,269.99,90.0,90.0,150.06,150.06,90.0,90.0,1.31,4.21,1.31,4.3,4.3,4.56,4.56,11.71,11.71,4.18,4.18,4.29,4.29,4.38,4.38,4.63,4.63,4.46,4.46,1.69,1.69,4.58,4.58,180.0,180.0,39.98,256.3,68.08,256.3,0.0,0.0,0.0,0.13,0.16,0.13,1.0,1.0,0.0,2.08,1.94,2.08
2023-06-24T23:00:00+00:00,18.21,19.03,18.21,20.52,20.52,20.28,20.28,-53.01,-53.01,-11.21,-11.21,10.6,10.6,19.88,19.88,0.0,0.0,0.0,58.77,82.02,58.77,0.0,0.14,0.0,2.71,4.08,2.71,80.57,74.23,80.57,0.0,0.0,0.0,0.0,0.0,1020.05,1020.75,1020.05,-2.04,-2.04,7.21,7.21,0.07,0.07,5.98,5.98,0.0,0.0,306.53,322.09,250.55,274.5,268.49,274.5,0.16,0.22,0.24,0.33,0.12,0.33,3.63,4.3,2.74,3.36,2.93,3.36,24.13,24.13,21.72,17.09,21.72,200.31,322.09,259.47,303.9,267.65,200.31,0.15,0.19,0.22,0.26,0.42,0.15,0.19,3.17,4.3,2.96,3.35,2.94,3.17,98.16,97.7,98.16,90.02,90.02,90.01,90.01,269.99,269.99,90.01,90.01,90.01,90.01,90.01,90.01,269.98,269.98,90.01,90.01,209.99,209.99,90.01,90.01,1.46,3.94,1.46,3.86,3.86,4.09,4.09,10.45,10.45,3.86,3.86,3.94,3.94,3.99,3.99,4.75,4.75,4.05,4.05,2.4,2.4,4.11,4.11,180.0,180.0,72.03,247.0,82.2,247.0,0.0,0.0,0.0,0.09,0.13,0.09,1.0,1.0,0.0,1.9,1.7,1.9
2023-06-25T00:00:00+00:00,17.68,19.15,17.68,20.43,20.43,20.22,20.22,-52.16,-52.16,-11.5,-11.5,11.35,11.35,19.92,19.92,0.0,0.0,0.0,61.37,82.03,61.37,0.35,0.16,0.35,2.89,3.71,2.89,84.38,71.9,84.38,0.0,0.0,0.0,0.0,0.0,1019.74,1020.11,1019.74,-1.77,-1.77,7.51,7.51,0.07,0.07,5.86,5.86,0.0,0.0,310.63,326.43,250.13,274.5,267.05,274.5,0.16,0.21,0.24,0.33,0.13,0.33,3.74,4.4,2.76,3.36,3.08,3.36,24.13,24.13,21.63,17.03,21.63,199.41,326.43,259.41,303.9,265.78,199.41,0.15,0.17,0.21,0.26,0.42,0.17,0.17,3.23,4.4,3.01,3.35,3.08,3.23,99.75,108.53,99.75,90.03,90.03,90.02,90.02,269.98,269.98,90.02,90.02,90.02,90.02,90.02,90.02,269.97,269.97,90.02,90.02,269.91,269.91,90.02,90.02,1.62,3.66,1.62,3.41,3.41,3.61,3.61,9.2,9.2,3.54,3.54,3.59,3.59,3.61,3.61,4.86,4.86,3.64,3.64,3.1,3.1,3.64,3.64,180.0,180.0,104.09,247.0,96.32,247.0,0.0,0.0,0.0,0.09,0.09,0.09,1.0,1.0,0.0,1.9,1.47,1.9
2023-06-25T01:00:00+00:00,17.32,18.86,17.32,20.39,20.39,19.92,19.92,-52.23,-52.23,-11.63,-11.63,11.43,11.43,19.55,19.55,0.0,0.0,0.0,38.16,81.28,38.16,0.22,0.16,0.22,3.04,3.78,3.04,87.14,74.17,87.14,0.0,0.0,0.0,0.0,0.0,1019.47,1019.44,1019.47,-0.42,-0.42,7.64,7.64,0.07,0.07,5.74,5.74,0.0,0.0,314.89,329.27,284.03,,267.57,284.03,0.16,0.21,0.2,,0.12,0.2,3.84,4.5,4.16,,3.01,4.16,24.13,24.13,21.6,17.06,21.6,198.73,329.27,275.87,,267.12,198.73,0.15,0.17,0.21,0.24,,0.16,0.17,3.29,4.5,3.22,,2.93,3.29,108.92,114.93,108.92,90.04,90.04,90.03,90.03,269.98,269.98,90.03,90.03,90.03,90.03,90.03,90.03,269.97,269.97,90.03,90.03,269.92,269.92,90.03,90.03,1.82,3.63,1.82,3.58,3.58,3.62,3.62,9.97,9.97,3.35,3.35,3.43,3.43,3.47,3.47,4.79,4.79,3.51,3.51,3.7,3.7,3.58,3.58,180.0,180.0,112.38,,97.18,112.38,0.0,0.0,0.01,,0.1,0.01,1.0,1.0,0.48,,1.54,0.48
2023-06-25T02:00:00+00:00,17.1,18.57,17.1,20.34,20.34,19.62,19.62,-52.29,-52.29,-11.76,-11.76,11.52,11.52,19.18,19.18,0.0,0.0,0.0,322.02,80.86,322.02,0.19,0.15,0.19,3.06,3.85,3.06,87.5,76.43,87.5,0.0,0.0,0.0,0.0,0.0,1019.05,1018.78,1019.05,-0.42,-0.42,7.77,7.77,0.06,0.06,5.63,5.63,0.0,0.0,318.99,332.11,317.94,,268.08,317.94,0.15,0.2,0.15,,0.1,0.15,3.94,4.59,5.57,,2.95,5.57,24.13,24.13,21.57,17.09,21.57,198.36,332.11,292.34,,268.47,198.36,0.14,0.16,0.2,0.22,,0.16,0.16,3.34,4.59,3.44,,2.77,3.34,118.09,121.34,118.09,90.04,90.04,90.03,90.03,269.97,269.97,90.03,90.03,90.03,90.03,90.03,90.03,269.97,269.97,90.03,90.03,269.93,269.93,90.03,90.03,2.03,3.6,2.03,3.74,3.74,3.64,3.64,10.74,10.74,3.17,3.17,3.26,3.26,3.33,3.33,4.72,4.72,3.37,3.37,4.3,4.3,3.52,3.52,180.0,180.0,120.68,,98.05,120.68,0.0,0.0,0.01,,0.1,0.01,1.0,1.0,0.96,,1.62,0.96
2023-06-25T03:00:00+00:00,16.84,18.28,16.84,20.29,20.29,19.32,19.32,-52.36,-52.36,-11.88,-11.88,11.61,11.61,18.81,18.81,0.0,0.0,0.0,275.99,81.27,275.99,0.57,0.14,0.57,3.08,3.92,3.08,87.65,78.7,87.65,0.0,0.0,0.0,0.0,0.0,1018.31,1018.11,1018.31,-0.41,-0.41,7.9,7.9,0.06,0.06,5.51,5.51,0.0,0.0,322.72,334.95,351.84,,268.6,351.84,0.15,0.2,0.11,,0.09,0.11,4.04,4.69,6.97,,2.88,6.97,24.13,24.13,21.53,17.12,21.53,198.7,334.95,308.8,,269.81,198.7,0.14,0.16,0.2,0.2,,0.15,0.16,3.38,4.69,3.65,,2.62,3.38,127.26,127.74,127.26,90.05,90.05,90.04,90.04,269.97,269.97,90.04,90.04,90.04,90.04,90.04,90.04,269.97,269.97,90.04,90.04,269.94,269.94,90.04,90.04,2.23,3.57,2.23,3.91,3.91,3.65,3.65,11.51,11.51,2.98,2.98,3.1,3.1,3.19,3.19,4.65,4.65,3.24,3.24,4.9,4.9,3.46,3.46,180.0,180.0,128.97,,98.91,128.97,0.0,0.0,0.02,,0.11,0.02,1.0,1.0,1.44,,1.69,1.44
2023-06-25T04:00:00+00:00,16.6,18.18,16.6,20.0,20.0,19.06,19.06,-52.59,-52.59,-11.98,-11.98,11.58,11.58,18.57,18.57,0.0,1.87,0.0,262.42,82.79,262.42,0.81,0.13,0.81,3.01,3.75,3.01,87.3,79.67,87.3,0.0,0.0,0.0,0.0,0.0,1018.2,1017.99,1018.2,-0.39,-0.39,8.15,8.15,0.06,0.06,5.41,5.41,0.0,0.0,326.0,336.77,352.09,,269.06,352.09,0.15,0.2,0.12,,0.08,0.12,4.13,4.79,7.1,,2.81,7.1,24.13,24.13,21.49,17.12,21.49,207.88,336.77,316.63,,292.29,207.88,0.14,0.16,0.2,0.2,,0.14,0.16,3.21,4.79,3.92,,4.53,3.21,129.31,132.88,129.31,90.07,90.07,90.06,90.06,269.97,269.97,90.05,90.05,90.05,90.05,90.05,90.05,269.96,269.96,90.05,90.05,269.94,269.94,90.05,90.05,2.13,3.45,2.13,3.28,3.28,3.14,3.14,12.09,12.09,2.64,2.64,2.74,2.74,2.8,2.8,4.59,4.59,2.85,2.85,4.59,4.59,3.01,3.01,180.0,180.0,134.66,,94.43,134.66,0.0,0.0,0.02,,0.1,0.02,1.0,1.0,1.44,,1.73,1.44
2023-06-25T05:00:00+00:00,16.99,18.08,16.99,19.71,19.71,18.8,18.8,-52.83,-52.83,-12.08,-12.08,11.55,11.55,18.33,18.33,0.0,3.73,0.0,252.45,84.47,252.45,0.6,0.12,0.6,2.79,3.58,2.79,85.27,80.63,85.27,0.0,0.0,0.0,0.0,0.0,1018.0,1017.88,1018.0,-0.37,-0.37,8.41,8.41,0.06,0.06,5.32,5.32,0.0,0.0,328.78,338.6,352.33,,269.51,352.33,0.15,0.19,0.14,,0.07,0.14,4.22,4.88,7.23,,2.75,7.23,24.14,24.14,21.47,17.12,21.47,235.72,338.6,324.45,,314.78,235.72,0.14,0.18,0.19,0.21,,0.12,0.18,2.94,4.88,4.18,,6.45,2.94,131.37,138.02,131.37,90.09,90.09,90.07,90.07,269.98,269.98,90.07,90.07,90.07,90.07,90.07,90.07,269.95,269.95,90.07,90.07,269.93,269.93,90.07,90.07,2.03,3.33,2.03,2.64,2.64,2.64,2.64,12.68,12.68,2.31,2.31,2.37,2.37,2.42,2.42,4.52,4.52,2.45,2.45,4.27,4.27,2.56,2.56,180.0,180.0,140.35,,89.96,140.35,0.0,0.0,0.02,,0.08,0.02,1.0,1.0,1.44,,1.76,1.44
2023-06-25T06:00:00+00:00,18.47,17.97,18.47,19.42,19.42,18.54,18.54,-53.06,-53.06,-12.18,-12.18,11.53,11.53,18.09,18.09,0.0,5.6,0.0,237.32,88.12,237.32,0.44,0.1,0.44,3.13,3.41,3.13,79.69,81.6,79.69,0.0,0.0,0.0,0.0,0.0,1017.64,1017.76,1017.64,-0.34,-0.34,8.66,8.66,0.06,0.06,5.22,5.22,0.0,0.0,331.15,340.42,352.58,,269.97,352.58,0.13,0.19,0.15,,0.06,0.15,4.32,4.98,7.36,,2.68,7.36,24.14,24.14,21.48,17.12,21.48,253.27,340.42,332.28,,337.26,253.27,0.13,0.18,0.19,0.21,,0.11,0.18,2.87,4.98,4.45,,8.36,2.87,133.42,143.16,133.42,90.11,90.11,90.09,90.09,269.98,269.98,90.08,90.08,90.08,90.08,90.08,90.08,269.94,269.94,90.08,90.08,269.93,269.93,90.08,90.08,1.93,3.21,1.93,2.01,2.01,2.13,2.13,13.26,13.26,1.97,1.97,2.01,2.01,2.03,2.03,4.46,4.46,2.06,2.06,3.96,3.96,2.11,2.11,180.0,180.0,146.04,,85.48,146.04,0.0,0.0,0.02,,0.07,0.02,1.0,1.0,1.44,,1.8,1.44
2023-06-25T07:00:00+00:00,20.36,18.65,20.36,19.94,19.94,19.41,19.41,-52.9,-52.9,-12.23,-12.23,11.7,11.7,19.12,19.12,0.0,5.4,0.0,215.55,96.29,215.55,0.3,0.09,0.3,3.73,3.28,3.73,72.89,78.47,72.89,0.0,0.0,0.0,0.0,0.0,1017.43,1017.46,1017.43,-0.32,-0.32,2.93,2.93,0.05,0.05,4.83,4.83,0.0,0.0,333.15,341.56,352.91,,329.17,352.91,0.13,0.19,0.15,,0.05,0.15,4.41,5.06,7.19,,2.07,7.19,24.14,24.14,21.53,17.29,21.53,257.59,341.56,334.34,,339.2,257.59,0.13,0.17,0.19,0.21,,0.11,0.17,2.94,5.06,4.57,,8.27,2.94,133.52,148.08,133.52,90.14,90.14,90.12,90.12,269.97,269.97,90.1,90.1,90.1,90.1,90.1,90.1,269.95,269.95,90.11,90.11,269.92,269.92,90.11,90.11,2.07,3.14,2.07,1.79,1.79,1.86,1.86,13.81,13.81,1.7,1.7,1.73,1.73,1.76,1.76,5.68,5.68,1.78,1.78,3.9,3.9,1.83,1.83,180.0,180.0,140.97,,107.85,140.97,0.0,0.0,0.01,,0.07,0.01,1.0,1.0,0.96,,1.64,0.96
2023-06-25T08:00:00+00:00,22.45,19.34,22.45,20.47,20.47,20.28,20.28,-52.73,-52.73,-12.28,-12.28,11.88,11.88,20.15,20.15,0.0,5.2,0.0,152.89,107.42,152.89,0.23,0.08,0.23,4.2,3.14,4.2,63.2,75.33,63.2,0.0,0.0,0.0,0.0,0.0,1017.13,1017.17,1017.13,-0.3,-0.3,357.2,357.2,0.04,0.04,4.43,4.43,0.0,0.0,334.86,342.69,353.23,,28.36,353.23,0.13,0.18,0.15,,0.04,0.15,4.52,5.15,7.02,,1.46,7.02,24.13,24.13,21.63,17.47,21.63,257.52,342.69,336.39,,341.15,257.52,0.13,0.16,0.18,0.2,,0.1,0.16,3.1,5.15,4.69,,8.18,3.1,133.61,153.0,133.61,90.17,90.17,90.15,90.15,269.97,269.97,90.13,90.13,90.13,90.13,90.13,90.13,269.95,269.95,90.13,90.13,269.91,269.91,90.15,90.15,2.21,3.06,2.21,1.56,1.56,1.59,1.59,14.37,14.37,1.43,1.43,1.46,1.46,1.48,1.48,6.89,6.89,1.51,1.51,3.83,3.83,1.56,1.56,180.0,180.0,135.91,,130.22,135.91,0.0,0.0,0.01,,0.06,0.01,1.0,1.0,0.48,,1.48,0.48
2023-06-25T09:00:00+00:00,24.23,20.02,24.23,20.99,20.99,21.15,21.15,-52.56,-52.56,-12.33,-12.33,12.05,12.05,21.18,21.18,2.4,5.0,2.4,106.44,121.43,106.44,0.47,0.07,0.47,4.23,3.01,4.23,56.5,72.2,56.5,0.0,0.0,0.0,0.0,0.0,1016.93,1016.87,1016.93,-0.29,-0.29,351.47,351.47,0.03,0.03,4.04,4.04,0.0,0.0,336.26,343.83,353.56,,87.56,353.56,0.13,0.18,0.15,,0.03,0.15,4.63,5.23,6.85,,0.85,6.85,24.13,24.13,21.77,17.65,21.77,246.22,343.83,338.45,,343.09,246.22,0.13,0.14,0.18,0.2,,0.1,0.14,3.43,5.23,4.81,,8.09,3.43,133.71,157.92,133.71,90.2,90.2,90.18,90.18,269.96,269.96,90.15,90.15,90.15,90.15,90.15,90.15,269.96,269.96,90.16,90.16,269.9,269.9,90.18,90.18,2.35,2.99,2.35,1.34,1.34,1.32,1.32,14.92,14.92,1.16,1.16,1.18,1.18,1.21,1.21,8.11,8.11,1.23,1.23,3.77,3.77,1.28,1.28,180.0,180.0,130.84,,152.59,130.84,0.0,0.0,0.0,,0.06,0.0,1.0,1.0,0.0,,1.32,0.0
2023-06-25T10:00:00+00:00,25.73,20.35,25.73,21.86,21.86,22.0,22.0,-52.72,-52.72,-12.35,-12.35,12.08,12.08,21.98,21.98,0.0,3.33,0.0,97.09,139.99,97.09,0.73,0.05,0.73,4.35,2.48,4.35,49.37,71.87,49.37,0.0,0.0,0.0,0.0,0.0,1016.61,1016.42,1016.61,-0.28,-0.28,20.99,20.99,0.03,0.03,3.29,3.29,0.0,0.0,337.42,344.52,353.46,,55.15,353.46,0.12,0.18,0.14,,0.04,0.14,4.74,5.3,6.77,,3.19,6.77,24.13,24.13,21.99,18.08,21.99,207.39,344.52,340.3,,343.67,207.39,0.12,0.13,0.18,0.19,,0.1,0.13,3.98,5.3,4.83,,8.02,3.98,121.85,198.85,121.85,150.11,150.11,150.1,150.1,269.95,269.95,150.1,150.1,150.1,150.1,150.1,150.1,269.96,269.96,150.1,150.1,269.89,269.89,150.1,150.1,1.8,2.41,1.8,1.56,1.56,1.51,1.51,14.58,14.58,1.21,1.21,1.25,1.25,1.3,1.3,8.21,8.21,1.35,1.35,4.01,4.01,1.46,1.46,180.0,180.0,115.74,,163.73,115.74,0.0,0.0,0.0,,0.06,0.0,1.0,1.0,0.15,,1.4,0.15
2023-06-25T11:00:00+00:00,27.01,20.69,27.01,22.74,22.74,22.84,22.84,-52.87,-52.87,-12.36,-12.36,12.11,12.11,22.79,22.79,0.0,1.67,0.0,89.86,162.46,89.86,0.7,0.04,0.7,4.11,1.94,4.11,42.23,71.53,42.23,0.0,0.0,0.0,0.0,0.0,1016.04,1015.96,1016.04,-0.29,-0.29,50.51,50.51,0.03,0.03,2.54,2.54,0.0,0.0,338.42,345.21,353.37,,22.74,353.37,0.12,0.18,0.14,,0.05,0.14,4.86,5.38,6.69,,5.53,6.69,24.14,24.14,22.27,18.52,22.27,161.63,345.21,342.16,,344.25,161.63,0.12,0.11,0.18,0.19,,0.09,0.11,4.59,5.38,4.86,,7.96,4.59,109.99,239.78,109.99,210.02,210.02,210.02,210.02,269.95,269.95,210.05,210.05,210.05,210.05,210.04,210.04,269.97,269.97,210.04,210.04,269.89,269.89,210.03,210.03,1.26,1.82,1.26,1.77,1.77,1.71,1.71,14.24,14.24,1.27,1.27,1.32,1.32,1.38,1.38,8.31,8.31,1.46,1.46,4.25,4.25,1.64,1.64,180.0,180.0,100.65,,174.88,100.65,0.0,0.0,0.0,,0.07,0.0,1.0,1.0,0.29,,1.47,0.29
2023-06-25T12:00:00+00:00,27.95,21.02,27.95,23.61,23.61,23.69,23.69,-53.03,-53.03,-12.38,-12.38,12.14,12.14,23.59,23.59,0.0,0.0,0.0,75.23,193.56,75.23,0.51,0.02,0.51,3.65,1.41,3.65,40.01,71.2,40.01,0.0,0.0,0.0,0.0,0.0,1015.71,1015.51,1015.71,-0.29,-0.29,80.03,80.03,0.03,0.03,1.79,1.79,0.0,0.0,339.33,345.9,353.27,,350.33,353.27,0.12,0.18,0.13,,0.06,0.13,4.98,5.45,6.61,,7.87,6.61,24.14,24.14,22.55,18.95,22.55,138.74,345.9,344.01,,344.83,138.74,0.12,0.11,0.18,0.18,,0.09,0.11,5.16,5.45,4.88,,7.89,5.16,98.13,280.71,98.13,269.93,269.93,269.94,269.94,269.94,269.94,270.0,270.0,270.0,270.0,269.99,269.99,269.97,269.97,269.98,269.98,269.88,269.88,269.95,269.95,0.71,1.24,0.71,1.99,1.99,1.9,1.9,13.9,13.9,1.32,1.32,1.39,1.39,1.47,1.47,8.41,8.41,1.58,1.58,4.49,4.49,1.82,1.82,180.0,180.0,85.55,,186.02,85.55,0.0,0.0,0.0,,0.07,0.0,1.0,1.0,0.44,,1.55,0.44
2023-06-25T13:00:00+00:00,28.26,21.54,28.26,24.01,24.01,24.05,24.05,-53.26,-53.26,-12.25,-12.25,11.74,11.74,23.94,23.94,0.0,1.63,0.0,62.27,257.88,62.27,0.36,0.01,0.36,3.89,1.51,3.89,40.81,70.4,40.81,0.0,0.0,0.0,0.0,0.0,1014.97,1015.04,1014.97,-0.3,-0.3,56.38,56.38,0.04,0.04,2.78,2.78,0.0,0.0,340.08,346.31,353.36,,350.34,353.36,0.12,0.18,0.13,,0.06,0.13,5.1,5.5,6.5,,7.8,6.5,24.14,24.14,22.81,19.71,22.81,125.53,346.31,345.19,,345.14,125.53,0.12,0.1,0.18,0.18,,0.09,0.1,5.6,5.5,4.75,,7.82,5.6,84.69,330.95,84.69,269.87,269.87,210.27,210.27,269.94,269.94,209.99,209.99,209.99,209.99,209.99,209.99,269.97,269.97,209.98,209.98,269.83,269.83,209.99,209.99,1.01,1.4,1.01,1.43,1.43,1.28,1.28,13.3,13.3,1.39,1.39,1.4,1.4,1.41,1.41,9.06,9.06,1.44,1.44,3.83,3.83,1.36,1.36,180.0,180.0,77.71,,199.33,77.71,0.0,0.0,0.01,,0.06,0.01,1.0,1.0,0.78,,1.33,0.78
2023-06-25T14:00:00+00:00,28.7,22.05,28.7,24.41,24.41,24.41,24.41,-53.49,-53.49,-12.13,-12.13,11.34,11.34,24.29,24.29,27.27,3.27,27.27,40.08,8.6,40.08,0.2,0.02,0.2,4.56,1.62,4.56,42.35,69.6,42.35,0.0,0.0,0.0,0.0,0.0,1014.14,1014.57,1014.14,-0.32,-0.32,32.72,32.72,0.06,0.06,3.78,3.78,0.0,0.0,340.7,346.73,353.46,,350.34,353.46,0.12,0.17,0.12,,0.07,0.12,5.21,5.55,6.4,,7.72,6.4,24.13,24.13,23.04,20.46,23.04,112.93,346.73,346.37,,345.46,112.93,0.12,0.1,0.17,0.18,,0.09,0.1,5.78,5.55,4.61,,7.74,5.78,71.24,21.18,71.24,269.82,269.82,150.61,150.61,269.94,269.94,149.99,149.99,149.99,149.99,149.99,149.99,269.96,269.96,149.99,149.99,269.77,269.77,150.02,150.02,1.3,1.55,1.3,0.87,0.87,0.67,0.67,12.7,12.7,1.45,1.45,1.41,1.41,1.35,1.35,9.72,9.72,1.29,1.29,3.18,3.18,0.91,0.91,180.0,180.0,69.87,,212.64,69.87,0.0,0.0,0.02,,0.05,0.02,1.0,1.0,1.12,,1.1,1.12
2023-06-25T15:00:00+00:00,29.11,22.56,29.11,24.82,24.82,24.78,24.78,-53.73,-53.73,-12.0,-12.0,10.93,10.93,24.64,24.64,31.79,4.9,31.79,290.49,45.83,290.49,0.25,0.04,0.25,5.29,1.72,5.29,40.79,68.8,40.79,0.0,0.0,0.0,0.0,0.0,1013.6,1014.1,1013.6,-0.34,-0.34,9.07,9.07,0.07,0.07,4.77,4.77,0.0,0.0,341.21,347.14,353.55,,350.35,353.55,0.12,0.17,0.12,,0.07,0.12,5.31,5.6,6.29,,7.65,6.29,24.13,24.13,23.2,21.21,23.2,86.11,347.14,347.55,,345.77,86.11,0.12,0.11,0.17,0.18,,0.09,0.11,5.07,5.6,4.48,,7.67,5.07,57.8,71.42,57.8,269.76,269.76,90.94,90.94,269.94,269.94,89.98,89.98,89.98,89.98,89.99,89.99,269.96,269.96,89.99,89.99,269.72,269.72,90.06,90.06,1.6,1.71,1.6,0.31,0.31,0.05,0.05,12.1,12.1,1.52,1.52,1.42,1.42,1.29,1.29,10.37,10.37,1.15,1.15,2.52,2.52,0.45,0.45,180.0,180.0,62.03,,225.95,62.03,0.0,0.0,0.03,,0.04,0.03,1.0,1.0,1.46,,0.88,1.46
2023-06-25T16:00:00+00:00,29.57,22.27,29.57,24.44,24.44,24.38,24.38,-54.13,-54.13,-11.96,-11.96,10.83,10.83,24.19,24.19,28.58,16.8,28.58,264.12,65.71,264.12,0.77,0.04,0.77,6.11,1.72,6.11,38.66,70.23,38.66,0.0,0.0,0.0,0.02,0.0,1013.01,1013.88,1013.01,-0.35,-0.35,5.79,5.79,0.06,0.06,3.89,3.89,0.0,0.0,341.65,347.33,353.67,,350.44,353.67,0.11,0.17,0.12,,0.07,0.12,5.39,5.63,6.19,,7.56,6.19,24.13,24.13,23.3,20.93,23.3,38.88,347.33,347.68,,346.19,38.88,0.11,0.16,0.17,0.18,,0.09,0.16,3.06,5.63,4.36,,7.57,3.06,11.69,17.48,11.69,269.84,269.84,150.62,150.62,269.95,269.95,149.99,149.99,149.99,149.99,149.99,149.99,269.96,269.96,149.99,149.99,269.79,269.79,150.04,150.04,1.22,1.7,1.22,1.13,1.13,0.91,0.91,13.43,13.43,1.61,1.61,1.56,1.56,1.51,1.51,10.86,10.86,1.44,1.44,4.04,4.04,1.11,1.11,180.0,180.0,119.42,,239.95,119.42,0.0,0.0,0.02,,0.07,0.02,1.0,1.0,1.31,,1.24,1.31
2023-06-25T17:00:00+00:00,27.15,21.98,27.15,24.07,24.07,23.98,23.98,-54.54,-54.54,-11.91,-11.91,10.73,10.73,23.74,23.74,47.18,28.7,47.18,256.2,95.99,256.2,0.73,0.02,0.73,5.22,1.72,5.22,53.49,71.67,53.49,0.0,0.0,0.0,0.03,0.0,1012.82,1013.65,1012.82,-0.36,-0.36,2.51,2.51,0.04,0.04,3.02,3.02,0.0,0.0,342.02,347.53,353.8,,350.53,353.8,0.11,0.16,0.12,,0.08,0.12,5.45,5.66,6.08,,7.46,6.08,24.14,24.14,23.32,20.66,23.32,21.88,347.53,347.81,,346.61,21.88,0.11,0.22,0.16,0.17,,0.1,0.22,2.5,5.66,4.25,,7.48,2.5,325.57,323.55,325.57,269.91,269.91,210.31,210.31,269.95,269.95,209.99,209.99,209.99,209.99,210.0,210.0,269.96,269.96,210.0,210.0,269.86,269.86,210.01,210.01,0.84,1.68,0.84,1.96,1.96,1.78,1.78,14.76,14.76,1.7,1.7,1.71,1.71,1.72,1.72,11.35,11.35,1.74,1.74,5.57,5.57,1.76,1.76,180.0,180.0,176.82,,253.95,176.82,0.0,0.0,0.02,,0.1,0.02,1.0,1.0,1.16,,1.6,1.16
2023-06-25T18:00:00+00:00,24.63,21.69,24.63,23.7,23.7,23.58,23.58,-54.94,-54.94,-11.87,-11.87,10.63,10.63,23.3,23.3,54.19,40.6,54.19,246.51,253.0,246.51,0.55,0.02,0.55,3.59,1.72,3.59,62.51,73.1,62.51,0.0,0.0,0.0,0.05,0.0,1012.63,1013.43,1012.63,-0.35,-0.35,359.23,359.23,0.03,0.03,2.14,2.14,0.0,0.0,342.32,347.72,353.92,,350.62,353.92,0.11,0.16,0.12,,0.08,0.12,5.51,5.69,5.98,,7.37,5.98,24.14,24.14,23.25,20.38,23.25,28.96,347.72,347.94,,347.03,28.96,0.11,0.18,0.16,0.17,,0.1,0.18,3.04,5.69,4.13,,7.38,3.04,279.46,269.61,279.46,269.99,269.99,269.99,269.99,269.96,269.96,270.0,270.0,270.0,270.0,270.0,270.0,269.96,269.96,270.0,270.0,269.93,269.93,269.99,269.99,0.46,1.67,0.46,2.78,2.78,2.64,2.64,16.09,16.09,1.79,1.79,1.85,1.85,1.94,1.94,11.84,11.84,2.03,2.03,7.09,7.09,2.42,2.42,180.0,180.0,234.21,,267.95,234.21,0.0,0.0,0.01,,0.13,0.01,1.0,1.0,1.01,,1.96,1.01
2023-06-25T19:00:00+00:00,23.47,20.9,23.47,22.92,22.92,22.6,22.6,-55.28,-55.28,-11.77,-11.77,10.59,10.59,22.28,22.28,44.28,34.4,44.28,236.1,255.75,236.1,0.41,0.06,0.41,2.12,5.08,2.12,66.17,76.53,66.17,0.0,0.0,0.0,0.16,0.0,1012.39,1013.69,1012.39,-0.32,-0.32,3.32,3.32,0.04,0.04,2.96,2.96,0.0,0.0,342.6,347.3,353.87,,350.55,353.87,0.12,0.16,0.12,,0.08,0.12,5.56,5.68,5.92,,7.27,5.92,24.14,24.14,22.9,19.56,22.9,42.55,347.09,319.55,,316.09,42.55,0.11,0.14,0.16,0.22,,0.17,0.14,3.73,5.64,3.36,,5.65,3.73,260.52,259.89,260.52,269.99,269.99,269.99,269.99,269.96,269.96,269.99,269.99,269.99,269.99,269.99,269.99,269.96,269.96,269.99,269.99,269.93,269.93,269.98,269.98,1.3,3.52,1.3,5.76,5.76,5.42,5.42,17.36,17.36,3.5,3.5,3.76,3.76,4.0,4.0,12.82,12.82,4.22,4.22,8.04,8.04,4.96,4.96,180.0,195.08,235.8,,263.2,235.8,0.0,0.01,0.1,,0.19,0.1,1.0,1.11,1.26,,2.04,1.26
2023-06-25T20:00:00+00:00,22.28,20.11,22.28,22.14,22.14,21.63,21.63,-55.61,-55.61,-11.67,-11.67,10.56,10.56,21.26,21.26,76.92,28.2,76.92,203.41,244.41,203.41,0.24,0.11,0.24,5.16,8.44,5.16,71.18,79.97,71.18,0.0,0.0,0.0,0.26,0.0,1012.19,1013.95,1012.19,-0.29,-0.29,7.4,7.4,0.06,0.06,3.77,3.77,0.0,0.0,342.92,346.89,353.82,,350.48,353.82,0.12,0.15,0.11,,0.08,0.11,5.59,5.66,5.86,,7.18,5.86,24.14,24.14,22.45,18.75,22.45,43.01,346.47,291.15,,285.15,43.01,0.11,0.13,0.16,0.27,,0.24,0.13,4.24,5.58,2.59,,3.92,4.24,241.57,250.16,241.57,269.98,269.98,269.98,269.98,269.96,269.96,269.98,269.98,269.98,269.98,269.98,269.98,269.95,269.95,269.98,269.98,269.94,269.94,269.98,269.98,2.15,5.36,2.15,8.75,8.75,8.2,8.2,18.63,18.63,5.22,5.22,5.67,5.67,6.05,6.05,13.81,13.81,6.4,6.4,9.0,9.0,7.49,7.49,180.0,210.16,237.4,,258.45,237.4,0.0,0.02,0.19,,0.24,0.19,1.0,1.23,1.52,,2.11,1.52
2023-06-25T21:00:00+00:00,21.08,19.32,21.08,21.35,21.35,20.66,20.66,-55.94,-55.94,-11.58,-11.58,10.52,10.52,20.24,20.24,54.55,22.0,54.55,131.47,246.12,131.47,0.28,0.15,0.28,7.09,11.8,7.09,79.17,83.4,79.17,0.0,0.0,0.0,0.36,0.0,1012.74,1014.21,1012.74,-0.26,-0.26,11.49,11.49,0.07,0.07,4.59,4.59,0.0,0.0,343.79,346.47,353.77,,350.41,353.77,0.12,0.15,0.11,,0.08,0.11,5.7,5.65,5.8,,7.08,5.8,24.14,24.14,22.19,17.94,22.19,239.62,345.84,262.76,,254.21,239.62,0.11,0.17,0.16,0.32,,0.31,0.17,3.0,5.53,1.82,,2.19,3.0,222.63,240.44,222.63,269.98,269.98,269.98,269.98,269.96,269.96,269.97,269.97,269.97,269.97,269.97,269.97,269.95,269.95,269.97,269.97,269.94,269.94,269.97,269.97,2.99,7.21,2.99,11.73,11.73,10.98,10.98,19.9,19.9,6.93,6.93,7.58,7.58,8.11,8.11,14.79,14.79,8.59,8.59,9.95,9.95,10.03,10.03,261.77,225.24,238.99,,253.7,238.99,0.02,0.03,0.28,,0.3,0.28,1.41,1.34,1.77,,2.19,1.77
2023-06-25T22:00:00+00:00,20.8,18.79,20.8,20.08,20.08,19.6,19.6,-55.41,-55.41,-11.8,-11.8,10.54,10.54,19.31,19.31,73.33,36.3,73.33,145.02,248.54,145.02,0.25,0.18,0.25,9.86,12.52,9.86,73.03,86.23,73.03,0.0,0.0,0.0,0.24,0.0,1013.07,1014.07,1013.07,-0.24,-0.24,11.05,11.05,0.07,0.07,4.57,4.57,0.0,0.0,346.23,333.68,354.05,,351.03,354.05,0.11,0.15,0.11,,0.08,0.11,5.85,5.43,5.72,,7.01,5.72,24.14,24.14,22.09,17.69,22.09,221.09,312.35,257.19,,257.0,221.09,0.12,0.39,0.45,0.5,,0.53,0.39,2.27,4.92,2.27,,3.0,2.27,230.04,244.61,230.04,269.98,269.98,269.98,269.98,269.96,269.96,269.97,269.97,269.97,269.97,269.97,269.97,269.95,269.95,269.98,269.98,269.94,269.94,269.98,269.98,5.27,7.99,5.27,12.03,12.03,11.37,11.37,22.2,22.2,7.83,7.83,8.45,8.45,8.92,8.92,16.36,16.36,9.34,9.34,10.62,10.62,10.56,10.56,256.17,231.85,241.01,,255.94,241.01,0.07,0.36,0.47,,0.52,0.47,1.54,2.12,2.3,,3.0,2.3
2023-06-25T23:00:00+00:00,19.52,18.26,19.52,18.82,18.82,18.54,18.54,-54.88,-54.88,-12.02,-12.02,10.56,10.56,18.39,18.39,100.0,50.6,100.0,158.57,246.69,158.57,0.21,0.17,0.21,12.46,13.24,12.46,81.39,89.07,81.39,0.0,0.0,0.0,0.12,0.0,1013.23,1013.93,1013.23,-0.22,-0.22,10.6,10.6,0.06,0.06,4.54,4.54,0.0,0.0,348.33,320.9,354.33,,351.64,354.33,0.11,0.15,0.11,,0.09,0.11,5.92,5.2,5.65,,6.95,5.65,24.14,24.14,22.04,17.45,22.04,216.29,278.85,251.63,,259.8,216.29,0.31,0.68,0.75,0.67,,0.75,0.68,2.71,4.31,2.71,,3.81,2.71,237.46,248.77,237.46,269.99,269.99,269.99,269.99,269.96,269.96,269.98,269.98,269.98,269.98,269.98,269.98,269.95,269.95,269.98,269.98,269.94,269.94,269.98,269.98,7.55,8.76,7.55,12.33,12.33,11.77,11.77,24.5,24.5,8.73,8.73,9.33,9.33,9.74,9.74,17.92,17.92,10.1,10.1,11.3,11.3,11.08,11.08,258.13,238.45,243.04,,258.18,243.04,0.3,0.7,0.65,,0.74,0.65,1.89,2.89,2.84,,3.81,2.84
