timestamp [UTC],airTemperature__dwd [°C],airTemperature__noaa [°C],airTemperature__sg [°C],airTemperature1000hpa__noaa [°C],airTemperature1000hpa__sg [°C],airTemperature100m__noaa [°C],airTemperature100m__sg [°C],airTemperature200hpa__noaa [°C],airTemperature200hpa__sg [°C],airTemperature500hpa__noaa [°C],airTemperature500hpa__sg [°C],airTemperature800hpa__noaa [°C],airTemperature800hpa__sg [°C],airTemperature80m__noaa [°C],airTemperature80m__sg [°C],cloudCover__dwd [%],cloudCover__noaa [%],cloudCover__sg [%],currentDirection__fcoo [°],currentDirection__meto [°],currentDirection__sg [°],currentSpeed__fcoo [m/s],currentSpeed__meto [m/s],currentSpeed__sg [m/s],gust__dwd [m/s],gust__noaa [m/s],gust__sg [m/s],humidity__dwd [%],humidity__noaa [%],humidity__sg [%],iceCover__noaa [%],iceCover__sg [%],precipitation__dwd [mm/h],precipitation__noaa [mm/h],precipitation__sg [mm/h],pressure__dwd [hPa],pressure__noaa [hPa],pressure__sg [hPa],seaLevel__meto [m],seaLevel__sg [m],secondarySwellDirection__noaa [°],secondarySwellDirection__sg [°],secondarySwellHeight__noaa [m],secondarySwellHeight__sg [m],secondarySwellPeriod__noaa [s],secondarySwellPeriod__sg [s],snowDepth__noaa [m],snowDepth__sg [m],swellDirection__dwd [°],swellDirection__icon [°],swellDirection__meteo [°],swellDirection__meto [°],swellDirection__noaa [°],swellDirection__sg [°],swellHeight__dwd [m],swellHeight__icon [m],swellHeight__meteo [m],swellHeight__meto [m],swellHeight__noaa [m],swellHeight__sg [m],swellPeriod__dwd [s],swellPeriod__icon [s],swellPeriod__meteo [s],swellPeriod__meto [s],swellPeriod__noaa [s],swellPeriod__sg [s],visibility__noaa [km],visibility__sg [km],waterTemperature__meto [°C],waterTemperature__noaa [°C],waterTemperature__sg [°C],waveDirection__fcoo [°],waveDirection__icon [°],waveDirection__meteo [°],waveDirection__meto [°],waveDirection__noaa [°],waveDirection__sg [°],waveHeight__dwd [m],waveHeight__fcoo [m],waveHeight__icon [m],waveHeight__meteo [m],waveHeight__meto [m],waveHeight__noaa [m],waveHeight__sg [m],wavePeriod__fcoo [s],wavePeriod__icon [s],wavePeriod__meteo [s],wavePeriod__meto [s],wavePeriod__noaa [s],wavePeriod__sg [s],windDirection__icon [°],windDirection__noaa [°],windDirection__sg [°],windDirection1000hpa__noaa [°],windDirection1000hpa__sg [°],windDirection100m__noaa [°],windDirection100m__sg [°],windDirection200hpa__noaa [°],windDirection200hpa__sg [°],windDirection20m__noaa [°],windDirection20m__sg [°],windDirection30m__noaa [°],windDirection30m__sg [°],windDirection40m__noaa [°],windDirection40m__sg [°],windDirection500hpa__noaa [°],windDirection500hpa__sg [°],windDirection50m__noaa [°],windDirection50m__sg [°],windDirection800hpa__noaa [°],windDirection800hpa__sg [°],windDirection80m__noaa [°],windDirection80m__sg [°],windSpeed__icon [m/s],windSpeed__noaa [m/s],windSpeed__sg [m/s],windSpeed1000hpa__noaa [m/s],windSpeed1000hpa__sg [m/s],windSpeed100m__noaa [m/s],windSpeed100m__sg [m/s],windSpeed200hpa__noaa [m/s],windSpeed200hpa__sg [m/s],windSpeed20m__noaa [m/s],windSpeed20m__sg [m/s],windSpeed30m__noaa [m/s],windSpeed30m__sg [m/s],windSpeed40m__noaa [m/s],windSpeed40m__sg [m/s],windSpeed500hpa__noaa [m/s],windSpeed500hpa__sg [m/s],windSpeed50m__noaa [m/s],windSpeed50m__sg [m/s],windSpeed800hpa__noaa [m/s],windSpeed800hpa__sg [m/s],windSpeed80m__noaa [m/s],windSpeed80m__sg [m/s],windWaveDirection__dwd [°],windWaveDirection__icon [°],windWaveDirection__meteo [°],windWaveDirection__meto [°],windWaveDirection__noaa [°],windWaveDirection__sg [°],windWaveHeight__dwd [m],windWaveHeight__icon [m],windWaveHeight__meteo [m],windWaveHeight__meto [m],windWaveHeight__noaa [m],windWaveHeight__sg [m],windWavePeriod__dwd [s],windWavePeriod__icon [s],windWavePeriod__meteo [s],windWavePeriod__meto [s],windWavePeriod__noaa [s],windWavePeriod__sg [s]
2023-06-16T01:00:00+00:00,16.04,16.89,16.04,17.32,17.32,16.84,16.84,-52.06,-52.06,-17.67,-17.67,4.78,4.78,16.78,16.78,23.45,92.6,23.45,219.55,93.44,219.55,0.62,0.08,0.62,6.02,6.84,6.02,88.8,81.73,88.8,0.0,0.0,0.0,0.0,0.0,1019.64,1019.36,1019.64,0.31,0.31,339.1,339.1,0.14,0.14,4.86,4.86,0.0,0.0,33.26,30.22,24.62,31.8,345.98,31.8,0.34,0.4,0.46,0.17,0.21,0.17,3.67,3.86,3.18,3.17,5.57,3.17,24.13,24.13,17.17,16.09,17.17,65.4,29.45,22.43,25.2,21.75,65.4,0.4,0.54,0.46,0.51,0.52,0.53,0.54,3.17,3.46,2.93,2.72,4.06,3.17,25.71,51.34,25.71,89.98,89.98,89.97,89.97,270.05,270.05,89.95,89.95,89.95,89.95,89.95,89.95,270.07,270.07,89.96,89.96,270.0,270.0,89.96,89.96,4.54,5.71,4.54,6.81,6.81,6.12,6.12,11.78,11.78,4.65,4.65,4.87,4.87,5.06,5.06,5.29,5.29,5.24,5.24,2.89,2.89,5.74,5.74,24.09,26.65,13.52,25.3,20.56,25.3,0.22,0.23,0.21,0.49,0.53,0.49,2.17,2.15,2.01,2.94,4.06,2.94
2023-06-16T02:00:00+00:00,16.03,16.82,16.03,16.74,16.74,16.63,16.63,-51.98,-51.98,-17.83,-17.83,4.64,4.64,16.65,16.65,38.47,96.3,38.47,204.61,75.3,204.61,0.38,0.06,0.38,6.0,6.45,6.0,88.41,81.07,88.41,0.0,0.0,0.0,0.0,0.0,1019.18,1019.35,1019.18,0.31,0.31,339.64,339.64,0.16,0.16,5.09,5.09,0.0,0.0,31.76,29.31,22.17,5.3,341.38,5.3,0.33,0.38,0.43,0.18,0.13,0.18,3.66,3.87,3.14,3.15,3.91,3.15,24.13,24.13,17.16,16.11,17.16,66.83,28.17,19.68,25.3,21.51,66.83,0.38,0.5,0.44,0.48,0.51,0.5,0.5,3.1,3.45,2.93,2.7,3.99,3.1,23.05,53.89,23.05,89.98,89.98,89.97,89.97,270.04,270.04,89.96,89.96,89.96,89.96,89.96,89.96,270.06,270.06,89.97,89.97,270.02,270.02,89.97,89.97,4.46,5.58,4.46,6.38,6.38,5.86,5.86,12.01,12.01,4.68,4.68,4.89,4.89,5.05,5.05,5.38,5.38,5.2,5.2,2.52,2.52,5.6,5.6,24.43,23.93,6.81,27.3,19.1,27.3,0.21,0.21,0.18,0.47,0.5,0.47,2.12,2.08,1.9,2.92,3.99,2.92
2023-06-16T03:00:00+00:00,16.03,16.75,16.03,16.16,16.16,16.42,16.42,-51.9,-51.9,-18.0,-18.0,4.49,4.49,16.52,16.52,88.08,100.0,88.08,135.7,51.55,135.7,0.22,0.07,0.22,5.82,6.06,5.82,87.29,80.4,87.29,0.0,0.0,0.0,0.0,0.0,1018.76,1019.34,1018.76,0.31,0.31,340.19,340.19,0.17,0.17,5.31,5.31,0.0,0.0,31.14,28.41,19.73,35.1,336.78,35.1,0.32,0.36,0.41,0.25,0.05,0.25,3.61,3.87,3.11,3.46,2.26,3.46,24.14,24.14,17.13,16.12,17.13,68.37,26.9,16.92,23.2,21.28,68.37,0.37,0.47,0.41,0.44,0.49,0.47,0.47,3.04,3.45,2.94,2.74,3.91,3.04,20.4,56.44,20.4,89.98,89.98,89.97,89.97,270.04,270.04,89.96,89.96,89.96,89.96,89.96,89.96,270.06,270.06,89.97,89.97,270.03,270.03,89.97,89.97,4.37,5.46,4.37,5.96,5.96,5.59,5.59,12.24,12.24,4.71,4.71,4.91,4.91,5.04,5.04,5.46,5.46,5.16,5.16,2.15,2.15,5.46,5.46,20.49,21.2,0.11,20.5,17.65,20.5,0.2,0.2,0.14,0.41,0.47,0.41,2.02,2.02,1.79,2.82,3.91,2.82
2023-06-16T04:00:00+00:00,16.06,16.55,16.06,15.85,15.85,16.08,16.08,-52.0,-52.0,-18.04,-18.04,4.35,4.35,16.18,16.18,25.17,66.93,25.17,88.03,34.49,88.03,0.41,0.08,0.41,5.7,6.51,5.7,87.12,79.57,87.12,0.0,0.0,0.0,0.0,0.0,1019.01,1019.53,1019.01,0.31,0.31,354.93,354.93,0.2,0.2,4.76,4.76,0.0,0.0,29.85,27.34,18.8,35.1,350.7,35.1,0.31,0.35,0.39,0.32,0.11,0.32,3.6,3.86,3.1,3.51,2.17,3.51,24.14,24.14,17.11,16.11,17.11,69.64,25.55,15.95,18.6,20.45,69.64,0.35,0.44,0.4,0.42,0.45,0.44,0.44,2.96,3.44,2.92,2.77,3.83,2.96,18.03,61.85,18.03,89.98,89.98,89.97,89.97,270.04,270.04,89.97,89.97,89.97,89.97,89.97,89.97,270.06,270.06,89.97,89.97,270.04,270.04,89.97,89.97,4.29,5.73,4.29,6.4,6.4,6.12,6.12,12.79,12.79,5.21,5.21,5.44,5.44,5.58,5.58,5.47,5.47,5.7,5.7,1.74,1.74,5.99,5.99,19.81,18.82,0.24,3.9,16.49,3.9,0.19,0.19,0.14,0.31,0.44,0.31,2.02,2.0,1.77,2.6,3.83,2.6
2023-06-16T05:00:00+00:00,16.09,16.36,16.09,15.53,15.53,15.74,15.74,-52.1,-52.1,-18.07,-18.07,4.2,4.2,15.85,15.85,7.77,33.87,7.77,65.63,26.92,65.63,0.0,0.1,0.0,5.52,6.95,5.52,87.46,78.73,87.46,0.0,0.0,0.0,0.0,0.0,1019.24,1019.72,1019.24,0.31,0.31,9.67,9.67,0.24,0.24,4.21,4.21,0.0,0.0,28.36,26.28,17.88,28.6,4.63,28.6,0.31,0.33,0.38,0.27,0.16,0.27,3.49,3.86,3.09,3.5,2.07,3.5,24.14,24.14,17.09,16.09,17.09,70.5,24.21,14.98,11.8,19.62,70.5,0.34,0.43,0.38,0.41,0.4,0.42,0.43,2.92,3.42,2.91,2.76,3.74,2.92,15.65,67.27,15.65,89.99,89.99,89.98,89.98,270.04,270.04,89.97,89.97,89.97,89.97,89.97,89.97,270.07,270.07,89.98,89.98,270.04,270.04,89.98,89.98,4.22,6.0,4.22,6.85,6.85,6.64,6.64,13.35,13.35,5.72,5.72,5.96,5.96,6.11,6.11,5.47,5.47,6.24,6.24,1.32,1.32,6.53,6.53,17.45,16.45,0.38,359.1,15.33,359.1,0.16,0.19,0.13,0.29,0.42,0.29,1.89,1.97,1.76,2.62,3.74,2.62
2023-06-16T06:00:00+00:00,16.12,16.16,16.12,15.22,15.22,15.4,15.4,-52.2,-52.2,-18.11,-18.11,4.06,4.06,15.52,15.52,3.33,0.8,3.33,43.24,28.11,43.24,0.63,0.11,0.63,5.31,7.4,5.31,88.1,77.9,88.1,0.0,0.0,0.0,0.0,0.0,1019.55,1019.91,1019.55,0.31,0.31,24.41,24.41,0.27,0.27,3.66,3.66,0.0,0.0,26.54,25.21,16.95,17.7,18.55,17.7,0.29,0.32,0.36,0.25,0.22,0.25,3.45,3.85,3.08,3.59,1.98,3.59,24.14,24.14,17.09,16.07,17.09,71.12,22.86,14.01,7.9,18.79,71.12,0.32,0.41,0.37,0.39,0.36,0.39,0.41,2.93,3.41,2.89,2.75,3.66,2.93,13.28,72.68,13.28,89.99,89.99,89.98,89.98,270.04,270.04,89.98,89.98,89.98,89.98,89.98,89.98,270.07,270.07,89.98,89.98,270.05,270.05,89.98,89.98,4.14,6.27,4.14,7.29,7.29,7.17,7.17,13.9,13.9,6.22,6.22,6.49,6.49,6.65,6.65,5.48,5.48,6.78,6.78,0.91,0.91,7.06,7.06,18.95,14.07,0.51,359.7,14.17,359.7,0.16,0.18,0.13,0.25,0.39,0.25,1.86,1.95,1.74,2.49,3.66,2.49
2023-06-16T07:00:00+00:00,16.18,16.25,16.18,15.54,15.54,15.57,15.57,-52.5,-52.5,-18.06,-18.06,4.04,4.04,15.67,15.67,0.22,0.53,0.22,41.22,35.87,41.22,0.62,0.12,0.62,4.75,7.08,4.75,88.69,76.67,88.69,0.0,0.0,0.0,0.0,0.0,1019.54,1020.07,1019.54,0.31,0.31,24.28,24.28,0.25,0.25,3.6,3.6,0.0,0.0,24.72,23.96,16.04,8.5,16.02,8.5,0.29,0.32,0.35,0.28,0.25,0.28,3.31,3.79,3.02,3.45,2.49,3.45,24.13,24.13,17.12,16.08,17.12,70.84,22.15,13.47,6.5,17.93,70.84,0.3,0.4,0.35,0.37,0.32,0.37,0.4,2.96,3.44,2.91,2.78,3.61,2.96,12.4,68.11,12.4,89.99,89.99,89.98,89.98,270.04,270.04,89.98,89.98,89.98,89.98,89.98,89.98,270.08,270.08,89.98,89.98,270.04,270.04,89.98,89.98,3.89,5.95,3.89,6.84,6.84,6.7,6.7,14.54,14.54,5.73,5.73,5.98,5.98,6.14,6.14,5.32,5.32,6.27,6.27,1.0,1.0,6.57,6.57,16.63,12.61,349.41,2.5,18.1,2.5,0.11,0.15,0.09,0.16,0.41,0.16,1.6,1.82,1.16,2.05,3.75,2.05
2023-06-16T08:00:00+00:00,16.24,16.33,16.24,15.86,15.86,15.73,15.73,-52.8,-52.8,-18.01,-18.01,4.03,4.03,15.82,15.82,0.0,0.27,0.0,39.19,47.4,39.19,0.62,0.12,0.62,4.31,6.77,4.31,89.15,75.43,89.15,0.0,0.0,0.0,0.0,0.0,1019.53,1020.23,1019.53,0.31,0.31,24.15,24.15,0.23,0.23,3.54,3.54,0.0,0.0,23.2,22.72,15.14,5.6,13.48,5.6,0.27,0.31,0.34,0.29,0.29,0.29,3.25,3.74,2.97,3.23,2.99,3.23,24.13,24.13,17.21,16.1,17.21,69.61,21.43,12.93,4.8,17.08,69.61,0.28,0.4,0.34,0.36,0.31,0.34,0.4,2.98,3.46,2.93,2.82,3.55,2.98,11.53,63.54,11.53,89.98,89.98,89.97,89.97,270.04,270.04,89.97,89.97,89.97,89.97,89.97,89.97,270.08,270.08,89.97,89.97,270.03,270.03,89.97,89.97,3.63,5.63,3.63,6.39,6.39,6.22,6.22,15.18,15.18,5.24,5.24,5.47,5.47,5.63,5.63,5.17,5.17,5.77,5.77,1.09,1.09,6.09,6.09,17.93,11.16,338.31,1.6,22.02,1.6,0.07,0.13,0.04,0.08,0.42,0.08,1.43,1.7,0.58,1.59,3.83,1.59
2023-06-16T09:00:00+00:00,16.28,16.41,16.28,16.17,16.17,15.89,15.89,-53.1,-53.1,-17.97,-17.97,4.01,4.01,15.97,15.97,0.0,0.0,0.0,37.17,60.98,37.17,0.61,0.12,0.61,4.37,6.45,4.37,89.08,74.2,89.08,0.0,0.0,0.0,0.0,0.0,1019.65,1020.38,1019.65,0.31,0.31,24.02,24.02,0.21,0.21,3.48,3.48,0.0,0.0,22.02,21.47,14.23,6.3,10.95,6.3,0.26,0.31,0.33,0.29,0.32,0.29,3.25,3.68,2.91,3.18,3.5,3.18,24.13,24.13,17.37,16.11,17.37,68.57,20.72,12.39,5.2,16.22,68.57,0.26,0.41,0.32,0.34,0.3,0.32,0.41,2.98,3.49,2.95,2.87,3.5,2.98,10.65,58.97,10.65,89.98,89.98,89.97,89.97,270.04,270.04,89.97,89.97,89.97,89.97,89.97,89.97,270.09,270.09,89.97,89.97,270.02,270.02,89.97,89.97,3.38,5.31,3.38,5.94,5.94,5.75,5.75,15.82,15.82,4.75,4.75,4.96,4.96,5.12,5.12,5.01,5.01,5.26,5.26,1.18,1.18,5.6,5.6,18.01,9.7,327.21,357.4,25.95,357.4,0.05,0.1,0.0,0.05,0.44,0.05,1.34,1.57,0.0,1.24,3.92,1.24
2023-06-16T10:00:00+00:00,16.28,16.58,16.28,16.59,16.59,16.2,16.2,-53.12,-53.12,-17.85,-17.85,4.14,4.14,16.23,16.23,0.0,0.0,0.0,35.15,72.42,35.15,0.61,0.12,0.61,4.78,6.57,4.78,88.96,73.8,88.96,0.0,0.0,0.0,0.0,0.0,1019.43,1020.34,1019.43,0.31,0.31,23.82,23.82,0.19,0.19,3.42,3.42,0.0,0.0,21.08,20.96,14.6,8.5,4.8,8.5,0.24,0.3,0.32,0.28,0.32,0.28,3.28,3.71,2.95,3.34,4.53,3.34,24.13,24.13,17.54,16.22,17.54,68.44,19.89,12.16,6.7,16.44,68.44,0.25,0.4,0.31,0.33,0.31,0.31,0.4,2.99,3.47,2.96,2.92,3.49,2.99,9.79,49.66,9.79,89.97,89.97,89.95,89.95,270.04,270.04,89.95,89.95,89.95,89.95,89.95,89.95,270.08,270.08,89.95,89.95,270.02,270.02,89.95,89.95,3.5,5.5,3.5,5.38,5.38,5.2,5.2,16.55,16.55,4.23,4.23,4.42,4.42,4.57,4.57,5.0,5.0,4.71,4.71,1.76,1.76,5.04,5.04,14.66,9.05,333.2,359.2,21.29,359.2,0.06,0.11,0.03,0.09,0.39,0.09,1.43,1.62,0.54,1.72,3.77,1.72
2023-06-16T11:00:00+00:00,16.29,16.76,16.29,17.0,17.0,16.51,16.51,-53.15,-53.15,-17.73,-17.73,4.26,4.26,16.48,16.48,0.0,0.0,0.0,33.12,81.68,33.12,0.6,0.11,0.6,5.01,6.7,5.01,88.76,73.4,88.76,0.0,0.0,0.0,0.0,0.0,1019.46,1020.29,1019.46,0.31,0.31,23.63,23.63,0.18,0.18,3.36,3.36,0.0,0.0,20.55,20.46,14.97,11.2,358.65,11.2,0.23,0.28,0.3,0.25,0.31,0.25,3.37,3.74,2.98,3.64,5.56,3.64,24.13,24.13,17.66,16.34,17.66,69.18,19.07,11.93,8.8,16.67,69.18,0.25,0.4,0.31,0.32,0.31,0.3,0.4,2.98,3.44,2.97,2.97,3.49,2.98,8.94,40.35,8.94,89.95,89.95,89.94,89.94,270.03,270.03,89.93,89.93,89.93,89.93,89.93,89.93,270.08,270.08,89.93,89.93,270.01,270.01,89.94,89.94,3.62,5.69,3.62,4.83,4.83,4.64,4.64,17.28,17.28,3.7,3.7,3.88,3.88,4.02,4.02,5.0,5.0,4.15,4.15,2.33,2.33,4.47,4.47,10.7,8.41,339.19,7.7,16.64,7.7,0.08,0.11,0.05,0.17,0.34,0.17,1.55,1.66,1.09,2.4,3.63,2.4
2023-06-16T12:00:00+00:00,16.67,16.93,16.67,17.41,17.41,16.82,16.82,-53.17,-53.17,-17.62,-17.62,4.39,4.39,16.73,16.73,0.0,0.0,0.0,31.1,85.91,31.1,0.59,0.11,0.59,5.41,6.82,5.41,85.39,73.0,85.39,0.0,0.0,0.0,0.0,0.0,1019.36,1020.24,1019.36,0.31,0.31,23.43,23.43,0.16,0.16,3.3,3.3,0.0,0.0,21.71,19.95,15.34,22.6,352.5,22.6,0.3,0.27,0.29,0.16,0.31,0.16,4.21,3.77,3.02,3.74,6.59,3.74,24.13,24.13,17.81,16.45,17.81,68.03,18.24,11.7,12.1,16.89,68.03,0.31,0.42,0.3,0.31,0.32,0.29,0.42,2.91,3.42,2.98,2.86,3.48,2.91,8.08,31.04,8.08,89.94,89.94,89.92,89.92,270.03,270.03,89.91,89.91,89.91,89.91,89.91,89.91,270.07,270.07,89.91,89.91,270.01,270.01,89.92,89.92,3.74,5.88,3.74,4.27,4.27,4.09,4.09,18.01,18.01,3.18,3.18,3.34,3.34,3.47,3.47,4.99,4.99,3.6,3.6,2.91,2.91,3.91,3.91,15.38,7.76,345.18,10.6,11.98,10.6,0.1,0.12,0.08,0.26,0.29,0.26,1.59,1.71,1.63,2.84,3.48,2.84
2023-06-16T13:00:00+00:00,16.63,16.96,16.63,17.21,17.21,16.77,16.77,-53.48,-53.48,-17.53,-17.53,4.73,4.73,16.72,16.72,0.0,0.0,0.0,29.08,79.66,29.08,0.59,0.12,0.59,6.34,7.63,6.34,85.29,72.87,85.29,0.0,0.0,0.0,0.0,0.0,1019.17,1020.06,1019.17,0.31,0.31,22.62,22.62,0.13,0.13,3.82,3.82,0.0,0.0,21.85,20.07,15.18,35.1,315.17,35.1,0.31,0.25,0.28,0.15,0.25,0.15,4.41,3.9,3.0,3.64,5.7,3.64,24.13,24.13,17.94,16.5,17.94,66.26,17.71,11.45,15.1,17.33,66.26,0.33,0.47,0.31,0.3,0.33,0.33,0.47,2.9,3.31,2.96,2.61,3.41,2.9,9.49,29.09,9.49,89.92,89.92,89.91,89.91,270.03,270.03,89.9,89.9,89.9,89.9,89.9,89.9,270.06,270.06,89.9,89.9,270.01,270.01,89.91,89.91,4.1,6.37,4.1,4.35,4.35,4.13,4.13,18.33,18.33,3.22,3.22,3.39,3.39,3.52,3.52,5.46,5.46,3.65,3.65,3.33,3.33,3.95,3.95,14.59,9.74,348.34,12.3,13.65,12.3,0.13,0.16,0.08,0.28,0.32,0.28,1.76,1.89,1.62,2.68,3.41,2.68
2023-06-16T14:00:00+00:00,16.56,17.0,16.56,17.01,17.01,16.71,16.71,-53.8,-53.8,-17.45,-17.45,5.08,5.08,16.71,16.71,0.0,0.0,0.0,27.06,69.83,27.06,0.58,0.13,0.58,7.08,8.45,7.08,84.5,72.73,84.5,0.0,0.0,0.0,0.0,0.0,1018.78,1019.88,1018.78,0.31,0.31,21.82,21.82,0.1,0.1,4.35,4.35,0.0,0.0,21.01,20.2,15.01,43.3,277.83,43.3,0.3,0.24,0.27,0.14,0.18,0.14,4.7,4.02,2.99,3.87,4.8,3.87,24.13,24.13,18.01,16.56,18.01,65.17,17.19,11.19,15.4,17.77,65.17,0.37,0.51,0.32,0.3,0.34,0.36,0.51,2.93,3.2,2.94,2.48,3.34,2.93,10.89,27.15,10.89,89.91,89.91,89.9,89.9,270.04,270.04,89.89,89.89,89.89,89.89,89.89,89.89,270.06,270.06,89.89,89.89,270.0,270.0,89.9,89.9,4.45,6.86,4.45,4.42,4.42,4.17,4.17,18.66,18.66,3.26,3.26,3.44,3.44,3.57,3.57,5.92,5.92,3.69,3.69,3.76,3.76,3.99,3.99,19.38,11.72,351.5,11.3,15.32,11.3,0.2,0.21,0.08,0.29,0.36,0.29,2.07,2.06,1.6,2.56,3.34,2.56
2023-06-16T15:00:00+00:00,16.58,17.04,16.58,16.81,16.81,16.66,16.66,-54.11,-54.11,-17.37,-17.37,5.43,5.43,16.7,16.7,0.0,0.0,0.0,25.03,66.01,25.03,0.58,0.14,0.58,7.22,9.26,7.22,81.63,72.6,81.63,0.0,0.0,0.0,0.0,0.0,1018.79,1019.7,1018.79,0.31,0.31,21.01,21.01,0.07,0.07,4.87,4.87,0.0,0.0,19.75,20.32,14.85,47.1,240.5,47.1,0.29,0.22,0.26,0.14,0.12,0.14,4.96,4.15,2.97,3.77,3.91,3.77,24.13,24.13,18.06,16.61,18.06,64.01,16.66,10.94,15.7,18.21,64.01,0.41,0.53,0.33,0.29,0.35,0.4,0.53,2.95,3.09,2.92,2.47,3.27,2.95,12.3,25.2,12.3,89.89,89.89,89.89,89.89,270.04,270.04,89.88,89.88,89.88,89.88,89.88,89.88,270.05,270.05,89.88,89.88,270.0,270.0,89.89,89.89,4.81,7.35,4.81,4.5,4.5,4.21,4.21,18.98,18.98,3.3,3.3,3.49,3.49,3.62,3.62,6.39,6.39,3.74,3.74,4.18,4.18,4.03,4.03,22.45,13.7,354.66,11.7,16.99,11.7,0.29,0.25,0.08,0.31,0.39,0.31,2.4,2.24,1.59,2.56,3.27,2.56
2023-06-16T16:00:00+00:00,16.68,16.98,16.68,16.65,16.65,16.6,16.6,-54.2,-54.2,-17.28,-17.28,5.55,5.55,16.66,16.66,0.0,0.0,0.0,23.01,65.39,23.01,0.57,0.15,0.57,7.21,9.21,7.21,77.45,72.7,77.45,0.0,0.0,0.0,0.0,0.0,1018.34,1019.57,1018.34,0.31,0.31,19.14,19.14,0.08,0.08,4.26,4.26,0.0,0.0,19.27,19.39,15.42,55.4,278.29,55.4,0.3,0.22,0.25,0.16,0.19,0.16,4.88,4.11,2.99,3.18,4.77,3.18,24.14,24.14,18.08,16.51,18.08,63.42,18.13,11.6,18.1,19.48,63.42,0.45,0.54,0.35,0.3,0.39,0.42,0.54,2.94,3.06,2.76,2.49,3.33,2.94,15.91,27.1,15.91,89.9,89.9,89.9,89.9,270.04,270.04,89.89,89.89,89.89,89.89,89.89,89.89,270.05,270.05,89.89,89.89,270.0,270.0,89.9,89.9,4.88,7.22,4.88,4.65,4.65,4.36,4.36,19.45,19.45,3.46,3.46,3.65,3.65,3.78,3.78,6.4,6.4,3.9,3.9,4.42,4.42,4.19,4.19,24.84,16.75,2.39,13.5,18.32,13.5,0.34,0.27,0.12,0.35,0.41,0.35,2.5,2.32,1.69,2.6,3.33,2.6
2023-06-16T17:00:00+00:00,16.78,16.92,16.78,16.49,16.49,16.55,16.55,-54.29,-54.29,-17.19,-17.19,5.68,5.68,16.62,16.62,0.0,0.0,0.0,20.99,64.95,20.99,0.57,0.15,0.57,7.14,9.17,7.14,74.84,72.8,74.84,0.0,0.0,0.0,0.0,0.0,1018.09,1019.44,1018.09,0.31,0.31,17.26,17.26,0.1,0.1,3.65,3.65,0.0,0.0,16.51,18.45,15.98,32.5,316.09,32.5,0.31,0.23,0.23,0.11,0.27,0.11,4.66,4.08,3.02,2.96,5.63,2.96,24.14,24.14,18.05,16.4,18.05,62.4,19.61,12.26,17.1,20.75,62.4,0.47,0.54,0.38,0.3,0.42,0.43,0.54,2.94,3.03,2.6,2.49,3.4,2.94,19.51,28.99,19.51,89.9,89.9,89.9,89.9,270.03,270.03,89.89,89.89,89.89,89.89,89.9,89.9,270.06,270.06,89.9,89.9,269.99,269.99,89.9,89.9,4.96,7.1,4.96,4.79,4.79,4.52,4.52,19.93,19.93,3.61,3.61,3.82,3.82,3.95,3.95,6.41,6.41,4.05,4.05,4.66,4.66,4.34,4.34,30.39,19.81,10.13,17.2,19.65,17.2,0.36,0.3,0.15,0.4,0.43,0.4,2.56,2.39,1.79,2.67,3.4,2.67
2023-06-16T18:00:00+00:00,16.76,16.86,16.76,16.34,16.34,16.5,16.5,-54.38,-54.38,-17.1,-17.1,5.8,5.8,16.58,16.58,0.0,0.0,0.0,18.96,63.55,18.96,0.56,0.14,0.56,6.81,9.12,6.81,74.49,72.9,74.49,0.0,0.0,0.0,0.0,0.0,1017.67,1019.31,1017.67,0.31,0.31,15.39,15.39,0.11,0.11,3.04,3.04,0.0,0.0,19.45,17.52,16.55,12.4,353.88,12.4,0.34,0.23,0.22,0.1,0.34,0.1,4.35,4.04,3.04,2.94,6.49,2.94,24.14,24.14,17.98,16.3,17.98,60.62,21.08,12.92,13.1,22.02,60.62,0.48,0.55,0.4,0.31,0.43,0.45,0.55,2.97,3.0,2.44,2.52,3.46,2.97,23.12,30.89,23.12,89.91,89.91,89.91,89.91,270.03,270.03,89.9,89.9,89.9,89.9,89.91,89.91,270.06,270.06,89.91,89.91,269.99,269.99,89.91,89.91,5.03,6.97,5.03,4.94,4.94,4.67,4.67,20.4,20.4,3.77,3.77,3.98,3.98,4.11,4.11,6.42,6.42,4.21,4.21,4.9,4.9,4.5,4.5,32.12,22.86,17.86,13.6,20.98,13.6,0.33,0.32,0.19,0.41,0.45,0.41,2.48,2.47,1.89,2.71,3.46,2.71
2023-06-16T19:00:00+00:00,16.81,16.79,16.81,16.22,16.22,16.39,16.39,-54.95,-54.95,-16.99,-16.99,5.86,5.86,16.47,16.47,0.0,1.67,0.0,16.94,65.3,16.94,0.55,0.13,0.55,6.6,8.39,6.6,71.87,73.8,71.87,0.0,0.0,0.0,0.0,0.0,1017.67,1019.39,1017.67,0.31,0.31,18.33,18.33,0.08,0.08,2.53,2.53,0.0,0.0,21.6,17.55,16.57,318.8,355.79,318.8,0.37,0.24,0.23,0.09,0.34,0.09,4.1,3.99,3.01,2.77,6.46,2.77,24.14,24.14,17.89,16.2,17.89,58.14,22.75,14.97,12.8,22.9,58.14,0.46,0.56,0.41,0.33,0.44,0.46,0.56,2.99,3.02,2.46,2.58,3.49,2.99,25.99,33.75,25.99,89.92,89.92,89.92,89.92,270.03,270.03,89.91,89.91,89.91,89.91,89.92,89.92,270.06,270.06,89.92,89.92,269.99,269.99,89.92,89.92,5.05,6.38,5.05,4.81,4.81,4.56,4.56,21.96,21.96,3.67,3.67,3.86,3.86,3.99,3.99,6.2,6.2,4.1,4.1,5.47,5.47,4.39,4.39,33.21,25.66,20.93,15.3,21.99,15.3,0.28,0.32,0.21,0.43,0.45,0.43,2.3,2.48,1.96,2.8,3.49,2.8
2023-06-16T20:00:00+00:00,16.79,16.71,16.79,16.1,16.1,16.29,16.29,-55.52,-55.52,-16.88,-16.88,5.91,5.91,16.37,16.37,1.59,3.33,1.59,14.92,69.37,14.92,0.55,0.12,0.55,7.04,7.67,7.04,70.98,74.7,70.98,0.0,0.0,0.0,0.0,0.0,1017.66,1019.46,1017.66,0.31,0.31,21.28,21.28,0.06,0.06,2.03,2.03,0.0,0.0,19.51,17.58,16.6,322.4,357.71,322.4,0.33,0.25,0.25,0.12,0.34,0.12,4.17,3.95,2.97,2.87,6.42,2.87,24.14,24.14,17.83,16.1,17.83,55.71,24.43,17.01,13.2,23.79,55.71,0.44,0.56,0.41,0.35,0.45,0.46,0.56,2.99,3.03,2.47,2.63,3.53,2.99,28.87,36.61,28.87,89.92,89.92,89.92,89.92,270.02,270.02,89.92,89.92,89.92,89.92,89.92,89.92,270.06,270.06,89.92,89.92,269.99,269.99,89.92,89.92,5.07,5.79,5.07,4.68,4.68,4.45,4.45,23.52,23.52,3.56,3.56,3.73,3.73,3.86,3.86,5.99,5.99,3.99,3.99,6.04,6.04,4.29,4.29,34.71,28.46,24.0,16.8,22.99,16.8,0.29,0.33,0.22,0.43,0.46,0.43,2.41,2.5,2.03,2.85,3.53,2.85
2023-06-16T21:00:00+00:00,16.76,16.64,16.76,15.98,15.98,16.19,16.19,-56.09,-56.09,-16.76,-16.76,5.97,5.97,16.27,16.27,41.52,5.0,41.52,12.89,73.39,12.89,0.54,0.11,0.54,7.05,6.94,7.05,70.43,75.6,70.43,0.0,0.0,0.0,0.0,0.0,1017.37,1019.54,1017.37,0.31,0.31,24.22,24.22,0.03,0.03,1.52,1.52,0.0,0.0,15.31,17.61,16.62,329.4,359.62,329.4,0.29,0.26,0.26,0.14,0.34,0.14,4.32,3.9,2.94,2.97,6.39,2.97,24.13,24.13,17.78,16.0,17.78,53.6,26.1,19.06,14.1,24.67,53.6,0.44,0.55,0.42,0.37,0.45,0.47,0.55,2.98,3.05,2.49,2.67,3.56,2.98,31.74,39.47,31.74,89.93,89.93,89.93,89.93,270.02,270.02,89.93,89.93,89.93,89.93,89.93,89.93,270.06,270.06,89.93,89.93,269.99,269.99,89.93,89.93,5.09,5.2,5.09,4.55,4.55,4.34,4.34,25.08,25.08,3.46,3.46,3.61,3.61,3.74,3.74,5.77,5.77,3.88,3.88,6.61,6.61,4.18,4.18,36.74,31.26,27.07,18.9,24.0,18.9,0.33,0.33,0.24,0.42,0.46,0.42,2.52,2.51,2.1,2.89,3.56,2.89
2023-06-16T22:00:00+00:00,16.72,16.77,16.72,16.62,16.62,16.57,16.57,-56.91,-56.91,-16.45,-16.45,6.26,6.26,16.54,16.54,73.64,31.9,73.64,10.87,77.72,10.87,0.54,0.11,0.54,6.38,6.97,6.38,71.6,76.1,71.6,0.0,0.0,0.0,0.0,0.0,1017.24,1018.77,1017.24,0.31,0.31,16.29,16.29,0.04,0.04,2.6,2.6,0.0,0.0,20.97,18.57,16.74,327.6,359.5,327.6,0.33,0.32,0.27,0.14,0.24,0.14,3.92,4.06,2.93,2.9,5.24,2.9,24.13,24.13,17.73,16.1,17.73,52.12,26.49,20.43,16.3,26.08,52.12,0.42,0.52,0.45,0.38,0.44,0.46,0.52,2.98,3.32,2.5,2.63,3.46,2.98,38.77,44.01,38.77,89.94,89.94,89.94,89.94,270.02,270.02,89.94,89.94,89.94,89.94,89.94,89.94,270.05,270.05,89.94,89.94,269.99,269.99,89.94,89.94,4.95,5.24,4.95,5.33,5.33,5.01,5.01,24.02,24.02,3.79,3.79,3.96,3.96,4.12,4.12,5.55,5.55,4.28,4.28,6.51,6.51,4.73,4.73,38.57,38.03,30.96,22.2,28.03,22.2,0.26,0.3,0.24,0.41,0.45,0.41,2.25,2.41,2.1,2.85,3.46,2.85
2023-06-16T23:00:00+00:00,16.63,16.9,16.63,17.26,17.26,16.95,16.95,-57.74,-57.74,-16.15,-16.15,6.55,6.55,16.82,16.82,72.37,58.8,72.37,8.85,81.75,8.85,0.53,0.12,0.53,6.0,7.0,6.0,73.85,76.6,73.85,0.0,0.0,0.0,0.0,0.0,1017.4,1018.0,1017.4,0.31,0.31,8.36,8.36,0.06,0.06,3.69,3.69,0.0,0.0,21.73,19.52,16.87,327.1,359.38,327.1,0.32,0.38,0.28,0.14,0.13,0.14,3.82,4.22,2.91,2.78,4.08,2.78,24.14,24.14,17.69,16.2,17.69,51.26,26.89,21.81,20.5,27.48,51.26,0.39,0.5,0.48,0.38,0.44,0.45,0.5,2.95,3.6,2.51,2.56,3.36,2.95,45.79,48.56,45.79,89.96,89.96,89.96,89.96,270.02,270.02,89.95,89.95,89.95,89.95,89.95,89.95,270.03,270.03,89.95,89.95,269.98,269.98,89.95,89.95,4.82,5.29,4.82,6.1,6.1,5.69,5.69,22.96,22.96,4.13,4.13,4.31,4.31,4.49,4.49,5.33,5.33,4.67,4.67,6.41,6.41,5.27,5.27,38.97,44.8,34.86,27.0,32.05,27.0,0.23,0.28,0.24,0.41,0.44,0.41,2.18,2.31,2.11,2.76,3.36,2.76
2023-06-17T00:00:00+00:00,16.38,17.03,16.38,17.89,17.89,17.33,17.33,-58.57,-58.57,-15.84,-15.84,6.84,6.84,17.09,17.09,5.73,85.7,5.73,6.83,84.97,6.83,0.53,0.13,0.53,6.16,7.03,6.16,77.47,77.1,77.47,0.0,0.0,0.0,0.0,0.0,1017.45,1017.24,1017.45,0.31,0.31,0.43,0.43,0.07,0.07,4.77,4.77,0.0,0.0,21.34,20.48,16.99,327.2,359.26,327.2,0.34,0.44,0.29,0.14,0.03,0.14,3.74,4.38,2.9,2.75,2.93,2.75,24.14,24.14,17.65,16.3,17.65,50.79,27.28,23.18,26.2,28.89,50.79,0.41,0.47,0.51,0.39,0.45,0.44,0.47,2.91,3.87,2.52,2.49,3.26,2.91,52.82,53.1,52.82,89.97,89.97,89.97,89.97,270.02,270.02,89.96,89.96,89.96,89.96,89.96,89.96,270.02,270.02,89.96,89.96,269.98,269.98,89.96,89.96,4.68,5.33,4.68,6.88,6.88,6.36,6.36,21.9,21.9,4.46,4.46,4.66,4.66,4.87,4.87,5.11,5.11,5.07,5.07,6.31,6.31,5.82,5.82,48.02,51.57,38.75,32.5,36.08,32.5,0.24,0.25,0.24,0.42,0.43,0.42,2.22,2.21,2.11,2.67,3.26,2.67
2023-06-17T01:00:00+00:00,16.37,17.02,16.37,17.65,17.65,17.17,17.17,-58.68,-58.68,-15.83,-15.83,6.71,6.71,16.97,16.97,43.29,58.93,43.29,4.8,87.23,4.8,0.52,0.13,0.52,5.78,6.56,5.78,78.59,77.23,78.59,0.0,0.0,0.0,0.0,0.0,1017.44,1016.81,1017.44,0.31,0.31,359.63,359.63,0.06,0.06,4.22,4.22,0.0,0.0,23.39,20.8,18.18,332.8,6.78,332.8,0.33,0.43,0.31,0.14,0.12,0.14,3.6,4.32,2.93,2.76,3.03,2.76,24.14,24.14,17.63,16.28,17.63,51.09,26.59,24.81,32.2,29.65,51.09,0.38,0.43,0.48,0.4,0.45,0.42,0.43,2.87,3.89,2.55,2.47,3.25,2.87,56.02,59.36,56.02,89.98,89.98,89.97,89.97,270.02,270.02,89.97,89.97,89.97,89.97,89.97,89.97,270.02,270.02,89.97,89.97,269.99,269.99,89.97,89.97,4.4,5.2,4.4,6.39,6.39,6.07,6.07,21.36,21.36,4.59,4.59,4.78,4.78,4.95,4.95,6.22,6.22,5.12,5.12,6.82,6.82,5.69,5.69,52.87,55.53,47.67,39.2,37.99,39.2,0.19,0.21,0.23,0.42,0.41,0.42,1.99,2.07,2.07,2.63,3.25,2.63
2023-06-17T02:00:00+00:00,16.29,17.02,16.29,17.41,17.41,17.0,17.0,-58.79,-58.79,-15.83,-15.83,6.59,6.59,16.86,16.86,25.29,32.17,25.29,2.78,90.14,2.78,0.52,0.13,0.52,5.2,6.09,5.2,80.27,77.37,80.27,0.0,0.0,0.0,0.0,0.0,1016.87,1016.39,1016.87,0.31,0.31,358.82,358.82,0.04,0.04,3.67,3.67,0.0,0.0,25.42,21.13,19.36,337.6,14.31,337.6,0.32,0.41,0.32,0.14,0.21,0.14,3.5,4.26,2.95,2.7,3.12,2.7,24.14,24.14,17.6,16.26,17.6,50.92,25.9,26.45,36.0,30.41,50.92,0.34,0.4,0.46,0.4,0.43,0.4,0.4,2.82,3.9,2.58,2.44,3.24,2.82,59.23,65.62,59.23,89.98,89.98,89.98,89.98,270.02,270.02,89.97,89.97,89.97,89.97,89.97,89.97,270.03,270.03,89.97,89.97,269.99,269.99,89.97,89.97,4.12,5.07,4.12,5.91,5.91,5.77,5.77,20.82,20.82,4.71,4.71,4.89,4.89,5.04,5.04,7.33,7.33,5.17,5.17,7.34,7.34,5.57,5.57,55.92,59.48,56.59,42.6,39.9,42.6,0.14,0.18,0.22,0.39,0.4,0.39,1.72,1.93,2.03,2.6,3.24,2.6
2023-06-17T03:00:00+00:00,16.3,17.02,16.3,17.17,17.17,16.83,16.83,-58.91,-58.91,-15.83,-15.83,6.47,6.47,16.75,16.75,35.57,5.4,35.57,0.76,94.04,0.76,0.51,0.13,0.51,4.77,5.63,4.77,81.5,77.5,81.5,0.0,0.0,0.0,0.0,0.0,1016.71,1015.97,1016.71,0.31,0.31,358.02,358.02,0.03,0.03,3.12,3.12,0.0,0.0,25.76,21.45,20.55,346.4,21.83,346.4,0.3,0.4,0.34,0.14,0.3,0.14,3.44,4.2,2.98,2.74,3.22,2.74,24.14,24.14,17.58,16.24,17.58,50.02,25.21,28.08,34.4,31.17,50.02,0.31,0.38,0.43,0.41,0.39,0.38,0.38,2.77,3.92,2.61,2.42,3.23,2.77,62.43,71.88,62.43,89.99,89.99,89.98,89.98,270.02,270.02,89.98,89.98,89.98,89.98,89.98,89.98,270.03,270.03,89.98,89.98,270.0,270.0,89.98,89.98,3.84,4.94,3.84,5.42,5.42,5.48,5.48,20.28,20.28,4.84,4.84,5.01,5.01,5.12,5.12,8.44,8.44,5.22,5.22,7.85,7.85,5.44,5.44,57.92,63.44,65.51,41.9,41.81,41.9,0.1,0.14,0.21,0.35,0.38,0.35,1.56,1.79,1.99,2.55,3.23,2.55
2023-06-17T04:00:00+00:00,16.29,16.89,16.29,17.02,17.02,16.64,16.64,-59.09,-59.09,-15.88,-15.88,6.45,6.45,16.6,16.6,59.41,27.67,59.41,358.73,98.2,358.73,0.5,0.11,0.5,4.93,5.59,4.93,82.7,76.4,82.7,0.0,0.0,0.0,0.0,0.0,1016.25,1015.96,1016.25,0.31,0.31,357.92,357.92,0.03,0.03,3.12,3.12,0.0,0.0,23.61,20.32,20.45,359.2,23.48,359.2,0.28,0.39,0.32,0.16,0.29,0.16,3.51,4.23,2.98,2.86,3.25,2.86,24.14,24.14,17.57,16.26,17.57,50.52,25.09,28.69,30.1,30.92,50.52,0.29,0.35,0.42,0.39,0.35,0.36,0.35,2.74,3.91,2.57,2.41,3.18,2.74,64.68,79.63,64.68,89.99,89.99,89.99,89.99,270.02,270.02,89.99,89.99,89.99,89.99,89.99,89.99,270.03,270.03,89.99,89.99,270.0,270.0,89.99,89.99,3.9,4.87,3.9,5.49,5.49,5.49,5.49,20.41,20.41,4.84,4.84,5.01,5.01,5.12,5.12,8.12,8.12,5.22,5.22,7.57,7.57,5.44,5.44,58.03,65.36,69.39,38.3,44.92,38.3,0.1,0.15,0.21,0.3,0.36,0.3,1.61,1.81,1.96,2.5,3.18,2.5
2023-06-17T05:00:00+00:00,16.35,16.76,16.35,16.87,16.87,16.46,16.46,-59.28,-59.28,-15.93,-15.93,6.44,6.44,16.45,16.45,58.63,49.93,58.63,356.71,101.26,356.71,0.5,0.09,0.5,4.93,5.55,4.93,83.86,75.3,83.86,0.0,0.0,0.0,0.0,0.0,1016.44,1015.95,1016.44,0.31,0.31,357.82,357.82,0.03,0.03,3.12,3.12,0.0,0.0,21.08,19.19,20.36,0.2,25.14,0.2,0.26,0.37,0.3,0.16,0.27,0.16,3.59,4.26,2.97,2.99,3.28,2.99,24.14,24.14,17.58,16.28,17.58,52.17,24.96,29.31,24.0,30.68,52.17,0.27,0.32,0.4,0.38,0.3,0.35,0.32,2.74,3.89,2.53,2.43,3.14,2.74,66.94,87.38,66.94,90.0,90.0,89.99,89.99,270.02,270.02,89.99,89.99,89.99,89.99,89.99,89.99,270.02,270.02,89.99,89.99,269.99,269.99,89.99,89.99,3.95,4.79,3.95,5.55,5.55,5.51,5.51,20.54,20.54,4.84,4.84,5.01,5.01,5.12,5.12,7.81,7.81,5.21,5.21,7.28,7.28,5.44,5.44,60.99,67.29,73.27,35.6,48.02,35.6,0.12,0.15,0.2,0.24,0.35,0.24,1.67,1.83,1.92,2.42,3.14,2.42
2023-06-17T06:00:00+00:00,16.36,16.63,16.36,16.72,16.72,16.27,16.27,-59.47,-59.47,-15.98,-15.98,6.42,6.42,16.3,16.3,43.58,72.2,43.58,354.69,102.5,354.69,0.49,0.07,0.49,4.79,5.51,4.79,85.32,74.2,85.32,0.0,0.0,0.0,0.0,0.0,1016.19,1015.94,1016.19,0.31,0.31,357.72,357.72,0.03,0.03,3.12,3.12,0.0,0.0,20.98,18.06,20.26,2.7,26.79,2.7,0.25,0.36,0.28,0.18,0.26,0.18,3.56,4.29,2.97,2.95,3.31,2.95,24.14,24.14,17.61,16.3,17.61,51.4,24.84,29.92,15.7,30.43,51.4,0.26,0.29,0.39,0.36,0.25,0.33,0.29,2.66,3.88,2.49,2.43,3.09,2.66,69.19,95.13,69.19,90.0,90.0,90.0,90.0,270.02,270.02,90.0,90.0,90.0,90.0,90.0,90.0,270.02,270.02,90.0,90.0,269.99,269.99,90.0,90.0,4.01,4.72,4.01,5.62,5.62,5.52,5.52,20.67,20.67,4.84,4.84,5.01,5.01,5.12,5.12,7.49,7.49,5.21,5.21,7.0,7.0,5.44,5.44,64.95,69.21,77.15,34.8,51.13,34.8,0.11,0.16,0.2,0.16,0.33,0.16,1.61,1.85,1.89,2.17,3.09,2.17
2023-06-17T07:00:00+00:00,16.4,16.98,16.4,17.19,17.19,16.83,16.83,-60.24,-60.24,-15.91,-15.91,6.5,6.5,16.8,16.8,77.22,81.47,77.22,352.66,99.46,352.66,0.49,0.05,0.49,4.65,5.49,4.65,86.03,72.4,86.03,0.0,0.0,0.0,0.0,0.0,1016.26,1015.84,1016.26,0.31,0.31,358.8,358.8,0.03,0.03,3.09,3.09,0.0,0.0,20.67,17.93,17.59,4.7,17.95,4.7,0.24,0.35,0.28,0.16,0.18,0.16,3.57,4.29,3.21,2.82,3.2,2.82,24.14,24.14,17.66,16.35,17.66,48.07,24.0,30.24,10.5,30.25,48.07,0.25,0.28,0.38,0.36,0.21,0.32,0.28,2.54,3.91,2.5,2.46,3.05,2.54,70.15,91.61,70.15,90.0,90.0,90.0,90.0,270.02,270.02,90.0,90.0,90.0,90.0,90.0,90.0,270.01,270.01,90.0,90.0,269.98,269.98,90.0,90.0,3.89,4.75,3.89,5.65,5.65,5.57,5.57,21.84,21.84,4.88,4.88,5.04,5.04,5.16,5.16,7.7,7.7,5.26,5.26,6.58,6.58,5.49,5.49,69.45,70.21,72.91,34.7,53.53,34.7,0.1,0.15,0.21,0.1,0.32,0.1,1.57,1.81,1.94,1.93,3.05,1.93
2023-06-17T08:00:00+00:00,16.44,17.32,16.44,17.66,17.66,17.4,17.4,-61.01,-61.01,-15.85,-15.85,6.59,6.59,17.3,17.3,89.46,90.73,89.46,350.64,82.34,350.64,0.48,0.04,0.48,4.6,5.47,4.6,85.77,70.6,85.77,0.0,0.0,0.0,0.0,0.0,1015.95,1015.74,1015.95,0.31,0.31,359.88,359.88,0.03,0.03,3.05,3.05,0.0,0.0,21.77,17.81,14.93,356.8,9.11,356.8,0.24,0.35,0.27,0.12,0.11,0.12,3.53,4.29,3.46,2.73,3.1,2.73,24.14,24.14,17.73,16.4,17.73,44.96,23.15,30.55,7.5,30.06,44.96,0.24,0.29,0.37,0.37,0.18,0.3,0.29,2.43,3.95,2.5,2.52,3.0,2.43,71.1,88.08,71.1,90.01,90.01,90.01,90.01,270.02,270.02,90.0,90.0,90.0,90.0,90.0,90.0,270.01,270.01,90.0,90.0,269.98,269.98,90.0,90.0,3.77,4.78,3.77,5.68,5.68,5.61,5.61,23.01,23.01,4.91,4.91,5.07,5.07,5.19,5.19,7.91,7.91,5.3,5.3,6.16,6.16,5.55,5.55,70.11,71.22,68.66,28.8,55.94,28.8,0.08,0.13,0.23,0.1,0.3,0.1,1.47,1.76,1.99,2.21,3.0,2.21
2023-06-17T09:00:00+00:00,16.56,17.67,16.56,18.13,18.13,17.96,17.96,-61.78,-61.78,-15.78,-15.78,6.67,6.67,17.8,17.8,95.81,100.0,95.81,348.62,62.0,348.62,0.48,0.05,0.48,5.21,5.45,5.21,84.66,68.8,84.66,0.0,0.0,0.0,0.0,0.0,1015.91,1015.65,1015.91,0.31,0.31,0.96,0.96,0.03,0.03,3.02,3.02,0.0,0.0,19.96,17.68,12.26,359.4,0.27,359.4,0.23,0.34,0.27,0.08,0.03,0.08,3.63,4.29,3.7,5.86,2.99,5.86,24.13,24.13,17.8,16.45,17.8,44.87,22.31,30.87,6.9,29.88,44.87,0.24,0.3,0.36,0.37,0.16,0.29,0.3,2.4,3.98,2.51,2.58,2.96,2.4,72.06,84.56,72.06,90.01,90.01,90.01,90.01,270.02,270.02,90.0,90.0,90.0,90.0,90.0,90.0,270.0,270.0,90.0,90.0,269.97,269.97,90.0,90.0,3.65,4.81,3.65,5.71,5.71,5.66,5.66,24.18,24.18,4.95,4.95,5.1,5.1,5.23,5.23,8.12,8.12,5.35,5.35,5.74,5.74,5.6,5.6,65.98,72.22,64.42,22.3,58.34,22.3,0.08,0.12,0.24,0.12,0.29,0.12,1.48,1.72,2.04,2.39,2.96,2.39
2023-06-17T10:00:00+00:00,16.77,17.82,16.77,19.06,19.06,18.94,18.94,-61.68,-61.68,-15.65,-15.65,6.88,6.88,18.78,18.78,99.24,100.0,99.24,346.6,54.44,346.6,0.47,0.08,0.47,6.11,5.58,6.11,82.59,70.4,82.59,0.0,0.0,0.0,0.0,0.0,1015.7,1015.41,1015.7,0.31,0.31,0.57,0.57,0.03,0.03,3.02,3.02,0.0,0.0,14.89,17.8,10.79,1.3,1.18,1.3,0.22,0.34,0.27,0.09,0.04,0.09,3.85,4.26,3.87,5.91,3.88,5.91,24.13,24.13,17.88,16.61,17.88,46.71,20.92,30.94,8.6,33.9,46.71,0.24,0.3,0.36,0.4,0.16,0.29,0.3,2.43,4.04,2.54,2.57,2.82,2.43,65.57,72.28,65.57,90.0,90.0,90.0,90.0,270.02,270.02,89.98,89.98,89.99,89.99,89.99,89.99,270.0,270.0,89.99,89.99,269.95,269.95,89.99,89.99,3.33,4.85,3.33,5.39,5.39,5.4,5.4,24.77,24.77,4.66,4.66,4.92,4.92,5.08,5.08,8.62,8.62,5.2,5.2,5.14,5.14,5.38,5.38,62.41,65.29,58.36,21.8,53.85,21.8,0.11,0.09,0.29,0.12,0.29,0.12,1.67,1.56,2.15,2.33,2.82,2.33
2023-06-17T11:00:00+00:00,17.01,17.97,17.01,20.0,20.0,19.92,19.92,-61.59,-61.59,-15.52,-15.52,7.1,7.1,19.77,19.77,97.56,100.0,97.56,344.57,53.87,344.57,0.46,0.11,0.46,6.02,5.7,6.02,80.36,72.0,80.36,0.0,0.0,0.0,0.0,0.0,1015.26,1015.16,1015.26,0.31,0.31,0.19,0.19,0.03,0.03,3.01,3.01,0.0,0.0,12.04,17.93,9.33,355.7,2.1,355.7,0.22,0.34,0.27,0.08,0.06,0.08,4.02,4.24,4.05,6.6,4.76,6.6,24.13,24.13,17.95,16.78,17.95,48.14,19.52,31.01,13.3,37.93,48.14,0.26,0.33,0.35,0.44,0.18,0.3,0.33,2.51,4.11,2.57,2.38,2.68,2.51,59.08,60.0,59.08,90.0,90.0,89.99,89.99,270.01,270.01,89.97,89.97,89.97,89.97,89.97,89.97,270.0,270.0,89.98,89.98,269.94,269.94,89.99,89.99,3.0,4.9,3.0,5.07,5.07,5.13,5.13,25.36,25.36,4.38,4.38,4.74,4.74,4.92,4.92,9.13,9.13,5.05,5.05,4.54,4.54,5.15,5.15,58.7,58.36,52.31,25.0,49.36,25.0,0.15,0.07,0.33,0.14,0.28,0.14,1.77,1.41,2.27,2.25,2.69,2.25
2023-06-17T12:00:00+00:00,16.85,18.12,16.85,20.93,20.93,20.9,20.9,-61.49,-61.49,-15.39,-15.39,7.31,7.31,20.75,20.75,100.0,100.0,100.0,342.55,56.68,342.55,0.46,0.15,0.46,7.86,5.83,7.86,78.46,73.6,78.46,0.0,0.0,0.0,0.0,0.0,1014.82,1014.92,1014.82,0.31,0.31,359.8,359.8,0.03,0.03,3.01,3.01,0.0,0.0,12.01,18.05,7.86,352.5,3.01,352.5,0.26,0.34,0.27,0.09,0.07,0.09,4.46,4.21,4.22,6.22,5.65,6.22,24.13,24.13,18.02,16.94,18.02,50.17,18.13,31.08,24.4,41.95,50.17,0.34,0.38,0.35,0.47,0.26,0.3,0.38,2.67,4.17,2.6,1.87,2.54,2.67,52.59,47.72,52.59,89.99,89.99,89.98,89.98,270.01,270.01,89.95,89.95,89.96,89.96,89.96,89.96,270.0,270.0,89.97,89.97,269.92,269.92,89.98,89.98,2.68,4.94,2.68,4.75,4.75,4.87,4.87,25.95,25.95,4.09,4.09,4.56,4.56,4.77,4.77,9.63,9.63,4.9,4.9,3.94,3.94,4.93,4.93,60.74,51.43,46.25,29.8,44.87,29.8,0.23,0.04,0.38,0.25,0.28,0.25,2.1,1.25,2.38,1.97,2.55,1.97
2023-06-17T13:00:00+00:00,16.99,18.16,16.99,21.18,21.18,21.03,21.03,-61.78,-61.78,-15.43,-15.43,7.58,7.58,20.76,20.76,100.0,100.0,100.0,340.53,60.72,340.53,0.45,0.18,0.45,7.68,5.97,7.68,76.15,74.0,76.15,0.0,0.0,0.0,0.02,0.0,1014.43,1014.64,1014.43,0.31,0.31,357.54,357.54,0.05,0.05,5.11,5.11,0.0,0.0,8.75,15.63,7.78,345.5,2.7,345.5,0.26,0.34,0.28,0.08,0.08,0.08,4.79,4.33,4.22,6.35,5.81,6.35,24.13,24.13,18.06,17.05,18.06,52.91,16.62,28.76,30.2,38.11,52.91,0.4,0.43,0.35,0.47,0.34,0.33,0.43,2.91,4.23,2.68,2.21,2.69,2.91,59.3,47.31,59.3,89.98,89.98,89.97,89.97,270.01,270.01,89.95,89.95,89.96,89.96,89.96,89.96,270.0,270.0,89.96,89.96,269.89,269.89,89.97,89.97,2.96,5.03,2.96,4.68,4.68,4.84,4.84,27.22,27.22,4.12,4.12,4.58,4.58,4.81,4.81,9.65,9.65,4.96,4.96,3.4,3.4,4.97,4.97,51.78,58.47,51.05,33.3,40.66,33.3,0.3,0.06,0.34,0.33,0.31,0.33,2.3,1.38,2.3,2.34,2.77,2.34
2023-06-17T14:00:00+00:00,17.06,18.19,17.06,21.42,21.42,21.16,21.16,-62.07,-62.07,-15.47,-15.47,7.85,7.85,20.77,20.77,100.0,100.0,100.0,338.5,63.92,338.5,0.45,0.21,0.45,10.32,6.12,10.32,72.77,74.4,72.77,0.0,0.0,0.0,0.03,0.0,1014.1,1014.35,1014.1,0.31,0.31,355.28,355.28,0.06,0.06,7.22,7.22,0.0,0.0,9.45,13.22,7.69,344.3,2.38,344.3,0.29,0.33,0.3,0.08,0.09,0.08,4.73,4.45,4.22,6.27,5.96,6.27,24.13,24.13,18.06,17.16,18.06,55.68,15.12,26.43,34.2,34.28,55.68,0.45,0.48,0.34,0.48,0.41,0.35,0.48,3.13,4.3,2.75,2.32,2.85,3.13,66.01,46.91,66.01,89.97,89.97,89.97,89.97,270.01,270.01,89.95,89.95,89.95,89.95,89.95,89.95,269.99,269.99,89.96,89.96,269.87,269.87,89.97,89.97,3.25,5.13,3.25,4.6,4.6,4.81,4.81,28.49,28.49,4.15,4.15,4.6,4.6,4.84,4.84,9.66,9.66,5.02,5.02,2.85,2.85,5.0,5.0,47.05,65.5,55.86,36.0,36.46,36.0,0.34,0.07,0.3,0.4,0.33,0.4,2.42,1.52,2.22,2.49,3.0,2.49
2023-06-17T15:00:00+00:00,17.18,18.22,17.18,21.66,21.66,21.28,21.28,-62.36,-62.36,-15.52,-15.52,8.12,8.12,20.78,20.78,100.0,100.0,100.0,336.48,69.46,336.48,0.44,0.23,0.44,7.88,6.26,7.88,71.47,74.8,71.47,0.0,0.0,0.0,0.04,0.0,1013.76,1014.07,1013.76,0.31,0.31,353.02,353.02,0.08,0.08,9.32,9.32,0.0,0.0,7.8,10.8,7.61,337.5,2.07,337.5,0.29,0.33,0.31,0.06,0.1,0.06,5.08,4.57,4.22,6.17,6.12,6.17,24.13,24.13,18.05,17.28,18.05,57.31,13.61,24.11,34.3,30.44,57.31,0.49,0.52,0.34,0.48,0.49,0.38,0.52,3.28,4.36,2.83,2.39,3.0,3.28,72.72,46.5,72.72,89.96,89.96,89.96,89.96,270.01,270.01,89.95,89.95,89.95,89.95,89.95,89.95,269.99,269.99,89.95,89.95,269.84,269.84,89.96,89.96,3.53,5.22,3.53,4.53,4.53,4.78,4.78,29.76,29.76,4.18,4.18,4.62,4.62,4.88,4.88,9.68,9.68,5.08,5.08,2.31,2.31,5.04,5.04,39.51,72.54,60.66,34.8,32.25,34.8,0.4,0.09,0.26,0.49,0.36,0.49,2.61,1.65,2.14,2.59,3.22,2.59
2023-06-17T16:00:00+00:00,17.3,18.17,17.3,21.69,21.69,21.34,21.34,-62.22,-62.22,-15.38,-15.38,8.24,8.24,20.83,20.83,100.0,100.0,100.0,334.46,78.64,334.46,0.44,0.24,0.44,7.25,6.55,7.25,70.17,74.93,70.17,0.0,0.0,0.0,0.14,0.0,1013.43,1013.82,1013.43,0.31,0.31,354.12,354.12,0.1,0.1,9.07,9.07,0.0,0.0,8.18,10.66,8.46,18.4,3.76,18.4,0.35,0.33,0.33,0.11,0.15,0.11,4.86,4.57,4.08,3.53,5.96,3.53,24.14,24.14,18.06,17.2,18.06,57.27,12.53,22.57,32.6,23.2,57.27,0.51,0.56,0.34,0.47,0.53,0.41,0.56,3.34,4.43,2.86,2.49,3.54,3.34,71.49,49.62,71.49,89.97,89.97,89.97,89.97,270.01,270.01,89.95,89.95,89.95,89.95,89.95,89.95,269.99,269.99,89.96,89.96,269.85,269.85,89.96,89.96,3.19,5.32,3.19,5.02,5.02,5.27,5.27,28.99,28.99,4.46,4.46,4.92,4.92,5.22,5.22,9.69,9.69,5.46,5.46,2.36,2.36,5.53,5.53,42.83,108.36,61.11,33.0,35.23,33.0,0.37,0.06,0.24,0.52,0.37,0.52,2.56,1.43,2.1,2.7,3.13,2.7
2023-06-17T17:00:00+00:00,17.32,18.12,17.32,21.72,21.72,21.41,21.41,-62.08,-62.08,-15.23,-15.23,8.36,8.36,20.88,20.88,99.9,100.0,99.9,332.43,88.68,332.43,0.43,0.22,0.43,6.02,6.84,6.02,71.22,75.07,71.22,0.0,0.0,0.0,0.25,0.0,1012.95,1013.56,1012.95,0.31,0.31,355.21,355.21,0.13,0.13,8.83,8.83,0.0,0.0,17.88,10.52,9.31,358.2,5.45,358.2,0.45,0.34,0.35,0.16,0.21,0.16,4.3,4.58,3.95,3.93,5.8,3.93,24.14,24.14,18.07,17.13,18.07,56.51,11.46,21.03,29.9,15.96,56.51,0.5,0.59,0.34,0.46,0.51,0.43,0.59,3.37,4.51,2.89,2.56,4.07,3.37,70.27,52.74,70.27,89.97,89.97,89.97,89.97,270.0,270.0,89.96,89.96,89.96,89.96,89.96,89.96,269.98,269.98,89.96,89.96,269.86,269.86,89.97,89.97,2.86,5.41,2.86,5.51,5.51,5.76,5.76,28.22,28.22,4.73,4.73,5.23,5.23,5.57,5.57,9.69,9.69,5.85,5.85,2.4,2.4,6.01,6.01,50.31,144.18,61.57,32.7,38.21,32.7,0.22,0.03,0.23,0.48,0.37,0.48,2.04,1.22,2.05,2.73,3.05,2.73
2023-06-17T18:00:00+00:00,17.32,18.06,17.32,21.74,21.74,21.47,21.47,-61.94,-61.94,-15.09,-15.09,8.48,8.48,20.92,20.92,100.0,100.0,100.0,330.41,96.99,330.41,0.42,0.2,0.42,5.72,7.13,5.72,73.47,75.2,73.47,0.0,0.0,0.0,0.35,0.0,1012.81,1013.31,1012.81,0.31,0.31,356.31,356.31,0.15,0.15,8.58,8.58,0.0,0.0,16.07,10.38,10.16,356.4,7.14,356.4,0.45,0.34,0.37,0.16,0.26,0.16,4.42,4.58,3.81,5.22,5.64,5.22,24.14,24.14,18.07,17.05,18.07,55.91,10.38,19.49,23.7,8.72,55.91,0.5,0.6,0.34,0.45,0.47,0.46,0.6,3.4,4.58,2.92,2.56,4.61,3.4,69.04,55.86,69.04,89.98,89.98,89.98,89.98,270.0,270.0,89.96,89.96,89.96,89.96,89.96,89.96,269.98,269.98,89.97,89.97,269.87,269.87,89.97,89.97,2.52,5.51,2.52,6.0,6.0,6.25,6.25,27.45,27.45,5.01,5.01,5.53,5.53,5.91,5.91,9.7,9.7,6.23,6.23,2.45,2.45,6.5,6.5,55.84,180.0,62.02,32.5,41.19,32.5,0.2,0.0,0.21,0.42,0.38,0.42,2.0,1.0,2.01,2.65,2.96,2.65
2023-06-17T19:00:00+00:00,17.5,17.75,17.5,21.56,21.56,21.29,21.29,-61.71,-61.71,-14.91,-14.91,8.62,8.62,20.74,20.74,72.04,100.0,72.04,328.39,102.77,328.39,0.42,0.17,0.42,5.59,5.36,5.59,74.77,79.77,74.77,0.0,0.0,0.0,0.41,0.0,1012.45,1013.37,1012.45,0.31,0.31,359.17,359.17,0.2,0.2,7.56,7.56,0.0,0.0,15.25,9.34,11.69,1.6,16.27,1.6,0.46,0.34,0.38,0.22,0.29,0.22,4.48,4.69,3.72,4.8,5.02,4.8,20.08,20.08,18.06,16.92,18.06,55.55,9.55,18.28,19.0,7.14,55.55,0.49,0.6,0.34,0.45,0.43,0.45,0.6,3.43,4.65,2.99,2.55,4.91,3.43,67.59,61.7,67.59,90.0,90.0,89.99,89.99,270.0,270.0,89.97,89.97,89.97,89.97,89.97,89.97,269.98,269.98,89.98,89.98,269.87,269.87,89.98,89.98,2.71,4.25,2.71,4.71,4.71,4.95,4.95,27.79,27.79,4.07,4.07,4.63,4.63,4.94,4.94,10.13,10.13,5.16,5.16,2.08,2.08,5.24,5.24,61.8,141.53,66.87,34.2,36.8,34.2,0.17,0.02,0.18,0.34,0.42,0.34,1.86,1.14,1.89,2.47,3.47,2.47
2023-06-17T20:00:00+00:00,17.67,17.43,17.67,21.38,21.38,21.11,21.11,-61.48,-61.48,-14.73,-14.73,8.75,8.75,20.55,20.55,100.0,100.0,100.0,326.37,106.68,326.37,0.41,0.15,0.41,5.52,3.58,5.52,75.63,84.33,75.63,0.0,0.0,0.0,0.47,0.0,1012.8,1013.42,1012.8,0.31,0.31,2.04,2.04,0.24,0.24,6.54,6.54,0.0,0.0,13.66,8.31,13.23,2.9,25.41,2.9,0.47,0.34,0.4,0.22,0.32,0.22,4.57,4.79,3.64,4.97,4.39,4.97,16.02,16.02,18.03,16.78,18.03,55.65,8.72,17.08,17.1,5.57,55.65,0.48,0.58,0.35,0.44,0.4,0.45,0.58,3.48,4.73,3.06,2.59,5.22,3.48,66.13,67.54,66.13,90.01,90.01,90.01,90.01,269.99,269.99,89.98,89.98,89.98,89.98,89.98,89.98,269.98,269.98,89.99,89.99,269.86,269.86,90.0,90.0,2.91,2.99,2.91,3.43,3.43,3.66,3.66,28.14,28.14,3.14,3.14,3.73,3.73,3.97,3.97,10.55,10.55,4.1,4.1,1.72,1.72,3.98,3.98,68.2,103.05,71.72,31.7,32.42,31.7,0.15,0.04,0.14,0.31,0.47,0.31,1.84,1.28,1.78,2.42,3.99,2.42
2023-06-17T21:00:00+00:00,17.94,17.11,17.94,21.2,21.2,20.93,20.93,-61.25,-61.25,-14.54,-14.54,8.89,8.89,20.36,20.36,100.0,100.0,100.0,324.34,106.92,324.34,0.41,0.13,0.41,5.82,1.81,5.82,75.56,88.9,75.56,0.0,0.0,0.0,0.54,0.0,1012.6,1013.48,1012.6,0.31,0.31,4.9,4.9,0.29,0.29,5.52,5.52,0.0,0.0,12.4,7.27,14.76,3.3,34.54,3.3,0.46,0.34,0.41,0.24,0.35,0.24,4.64,4.9,3.55,4.94,3.77,4.94,11.96,11.96,18.0,16.65,18.0,57.74,7.89,15.87,17.7,3.99,57.74,0.48,0.55,0.35,0.44,0.41,0.44,0.55,3.57,4.8,3.13,2.6,5.52,3.57,64.68,73.38,64.68,90.03,90.03,90.02,90.02,269.99,269.99,89.99,89.99,89.99,89.99,89.99,89.99,269.98,269.98,90.0,90.0,269.86,269.86,90.01,90.01,3.1,1.73,3.1,2.14,2.14,2.36,2.36,28.48,28.48,2.2,2.2,2.83,2.83,3.0,3.0,10.98,10.98,3.03,3.03,1.35,1.35,2.72,2.72,74.28,64.58,76.57,35.0,28.03,35.0,0.15,0.06,0.11,0.3,0.51,0.3,1.82,1.42,1.66,2.35,4.5,2.35
2023-06-17T22:00:00+00:00,17.99,17.5,17.99,21.24,21.24,21.04,21.04,-61.3,-61.3,-14.41,-14.41,8.94,8.94,20.54,20.54,100.0,100.0,100.0,322.32,103.92,322.32,0.4,0.12,0.4,5.84,2.65,5.84,75.78,85.37,75.78,0.0,0.0,0.0,0.36,0.0,1012.71,1013.02,1012.71,0.31,0.31,2.39,2.39,0.23,0.23,4.95,4.95,0.0,0.0,10.6,8.58,14.06,6.1,28.74,6.1,0.46,0.38,0.41,0.27,0.38,0.27,4.72,4.94,3.62,4.83,4.31,4.83,16.02,16.02,17.97,16.52,17.97,60.46,9.14,14.56,19.1,4.31,60.46,0.48,0.52,0.39,0.43,0.42,0.44,0.52,3.67,4.86,3.23,2.64,5.47,3.67,81.55,97.08,81.55,90.06,90.06,90.05,90.05,269.99,269.99,90.02,90.02,90.02,90.02,90.02,90.02,269.98,269.98,90.03,90.03,269.83,269.83,90.04,90.04,3.08,2.58,3.08,2.38,2.38,2.53,2.53,27.72,27.72,2.36,2.36,2.86,2.86,2.99,2.99,11.01,11.01,3.01,3.01,1.13,1.13,2.79,2.79,76.7,79.99,85.74,46.4,68.37,46.4,0.17,0.06,0.09,0.26,0.36,0.26,1.93,1.42,1.61,2.17,3.27,2.17
2023-06-17T23:00:00+00:00,18.25,17.89,18.25,21.28,21.28,21.15,21.15,-61.36,-61.36,-14.28,-14.28,8.99,8.99,20.72,20.72,100.0,100.0,100.0,320.3,99.17,320.3,0.4,0.12,0.4,5.47,3.49,5.47,75.96,81.83,75.96,0.0,0.0,0.0,0.18,0.0,1012.19,1012.55,1012.19,0.31,0.31,359.87,359.87,0.18,0.18,4.39,4.39,0.0,0.0,12.94,9.9,13.36,6.5,22.95,6.5,0.47,0.43,0.4,0.29,0.4,0.29,4.59,4.99,3.7,4.89,4.84,4.89,20.08,20.08,17.93,16.38,17.93,61.22,10.39,13.25,20.8,4.64,61.22,0.47,0.5,0.44,0.42,0.43,0.44,0.5,3.72,4.91,3.32,2.68,5.43,3.72,98.43,120.77,98.43,90.09,90.09,90.09,90.09,269.98,269.98,90.06,90.06,90.06,90.06,90.06,90.06,269.97,269.97,90.07,90.07,269.8,269.8,90.08,90.08,3.06,3.42,3.06,2.63,2.63,2.71,2.71,26.97,26.97,2.53,2.53,2.88,2.88,2.98,2.98,11.04,11.04,3.0,3.0,0.9,0.9,2.86,2.86,88.56,95.4,94.92,59.0,108.7,59.0,0.13,0.06,0.08,0.23,0.21,0.23,1.72,1.41,1.56,2.03,2.05,2.03
2023-06-18T00:00:00+00:00,19.05,18.27,19.05,21.32,21.32,21.26,21.26,-61.41,-61.41,-14.15,-14.15,9.04,9.04,20.9,20.9,94.55,100.0,94.55,318.27,96.87,318.27,0.39,0.12,0.39,5.24,4.33,5.24,76.66,78.3,76.66,0.0,0.0,0.0,0.0,0.0,1012.22,1012.09,1012.22,0.31,0.31,357.36,357.36,0.12,0.12,3.82,3.82,0.0,0.0,9.96,11.21,12.66,5.7,17.15,5.7,0.44,0.47,0.4,0.28,0.43,0.28,4.6,5.03,3.77,5.1,5.38,5.1,24.14,24.14,17.9,16.25,17.9,59.02,11.64,11.94,30.7,4.96,59.02,0.44,0.48,0.48,0.41,0.47,0.44,0.48,3.71,4.97,3.42,2.57,5.38,3.71,115.3,144.47,115.3,90.12,90.12,90.12,90.12,269.98,269.98,90.09,90.09,90.09,90.09,90.09,90.09,269.97,269.97,90.1,90.1,269.77,269.77,90.11,90.11,3.04,4.27,3.04,2.87,2.87,2.88,2.88,26.21,26.21,2.69,2.69,2.91,2.91,2.97,2.97,11.07,11.07,2.98,2.98,0.68,0.68,2.93,2.93,105.72,110.81,104.09,65.2,149.04,65.2,0.07,0.06,0.06,0.31,0.06,0.31,1.45,1.41,1.51,2.17,0.82,2.17
2023-06-18T01:00:00+00:00,18.9,18.09,18.9,20.86,20.86,20.84,20.84,-61.29,-61.29,-14.16,-14.16,9.13,9.13,20.49,20.49,100.0,100.0,100.0,316.25,97.83,316.25,0.39,0.12,0.39,5.28,3.99,5.28,76.42,79.3,76.42,0.0,0.0,0.0,0.0,0.0,1011.53,1011.83,1011.53,0.31,0.31,356.62,356.62,0.09,0.09,3.89,3.89,0.0,0.0,8.58,10.59,11.85,4.0,16.72,4.0,0.43,0.47,0.43,0.27,0.42,0.27,4.67,5.05,4.05,5.32,5.35,5.32,24.14,24.14,17.87,16.26,17.87,53.93,10.89,15.54,42.1,4.93,53.93,0.43,0.48,0.47,0.46,0.52,0.43,0.48,3.66,5.01,3.34,2.61,5.35,3.66,136.0,142.92,136.0,90.11,90.11,90.11,90.11,269.98,269.98,90.09,90.09,90.09,90.09,90.09,90.09,269.97,269.97,90.1,90.1,269.81,269.81,90.11,90.11,3.13,3.94,3.13,2.64,2.64,2.64,2.64,27.65,27.65,2.52,2.52,2.68,2.68,2.73,2.73,10.88,10.88,2.74,2.74,1.03,1.03,2.68,2.68,99.94,130.51,112.83,76.6,152.28,76.6,0.1,0.05,0.12,0.38,0.06,0.38,1.52,1.43,1.67,2.31,0.85,2.31
2023-06-18T02:00:00+00:00,18.74,17.91,18.74,20.4,20.4,20.41,20.41,-61.17,-61.17,-14.18,-14.18,9.23,9.23,20.08,20.08,100.0,100.0,100.0,314.23,101.21,314.23,0.38,0.11,0.38,5.17,3.66,5.17,75.48,80.3,75.48,0.0,0.0,0.0,0.0,0.0,1011.73,1011.56,1011.73,0.31,0.31,355.87,355.87,0.06,0.06,3.95,3.95,0.0,0.0,9.49,9.98,11.04,4.3,16.28,4.3,0.43,0.46,0.45,0.28,0.41,0.28,4.61,5.07,4.34,5.31,5.32,5.31,24.14,24.14,17.84,16.27,17.84,47.35,10.14,19.14,49.3,4.89,47.35,0.43,0.49,0.47,0.5,0.54,0.42,0.49,3.57,5.04,3.26,2.67,5.32,3.57,156.7,141.36,156.7,90.11,90.11,90.11,90.11,269.98,269.98,90.08,90.08,90.09,90.09,90.09,90.09,269.96,269.96,90.09,90.09,269.84,269.84,90.1,90.1,3.21,3.6,3.21,2.4,2.4,2.4,2.4,29.1,29.1,2.34,2.34,2.46,2.46,2.49,2.49,10.68,10.68,2.49,2.49,1.38,1.38,2.44,2.44,120.17,150.22,121.56,83.4,155.51,83.4,0.09,0.03,0.18,0.4,0.06,0.4,1.44,1.45,1.82,2.4,0.89,2.4
2023-06-18T03:00:00+00:00,18.34,17.73,18.34,19.94,19.94,19.99,19.99,-61.05,-61.05,-14.19,-14.19,9.32,9.32,19.67,19.67,100.0,100.0,100.0,312.2,107.92,312.2,0.37,0.09,0.37,5.32,3.33,5.32,78.09,81.3,78.09,0.0,0.0,0.0,0.0,0.0,1011.55,1011.3,1011.55,0.31,0.31,355.13,355.13,0.03,0.03,4.02,4.02,0.0,0.0,10.53,9.36,10.23,4.7,15.85,4.7,0.42,0.46,0.48,0.31,0.4,0.31,4.57,5.09,4.62,5.06,5.29,5.06,24.14,24.14,17.82,16.28,17.82,43.41,9.39,22.74,50.8,4.86,43.41,0.43,0.49,0.46,0.55,0.54,0.41,0.49,3.54,5.08,3.18,2.72,5.29,3.54,177.4,139.81,177.4,90.1,90.1,90.1,90.1,269.98,269.98,90.08,90.08,90.09,90.09,90.09,90.09,269.96,269.96,90.09,90.09,269.88,269.88,90.1,90.1,3.3,3.27,3.3,2.17,2.17,2.16,2.16,30.54,30.54,2.17,2.17,2.23,2.23,2.25,2.25,10.49,10.49,2.25,2.25,1.73,1.73,2.19,2.19,138.23,169.92,130.3,87.2,158.75,87.2,0.09,0.02,0.24,0.39,0.06,0.39,1.46,1.47,1.98,2.42,0.92,2.42
2023-06-18T04:00:00+00:00,18.02,17.72,18.02,19.54,19.54,19.59,19.59,-61.11,-61.11,-14.05,-14.05,9.14,9.14,19.31,19.31,100.0,100.0,100.0,310.18,117.88,310.18,0.37,0.07,0.37,3.94,4.69,3.94,79.77,82.53,79.77,0.0,0.0,0.0,0.01,0.0,1011.72,1011.26,1011.72,0.31,0.31,354.95,354.95,0.04,0.04,5.3,5.3,0.0,0.0,12.28,9.0,10.0,5.5,14.67,5.5,0.43,0.45,0.46,0.32,0.39,0.32,4.48,5.11,4.61,4.97,5.26,4.97,24.14,24.14,17.81,16.31,17.81,43.43,9.04,30.47,43.0,5.01,43.43,0.42,0.48,0.45,0.55,0.5,0.41,0.48,3.57,5.09,3.11,2.82,5.26,3.57,178.14,144.57,178.14,90.15,90.15,90.16,90.16,269.98,269.98,90.1,90.1,90.11,90.11,90.11,90.11,269.96,269.96,90.12,90.12,209.95,209.95,90.14,90.14,3.43,3.8,3.43,2.02,2.02,2.0,2.0,30.35,30.35,2.16,2.16,2.23,2.23,2.23,2.23,10.47,10.47,2.22,2.22,2.01,2.01,2.08,2.08,155.35,170.36,132.12,87.6,157.69,87.6,0.04,0.03,0.28,0.32,0.1,0.32,1.25,1.49,2.08,2.32,1.25,2.32
2023-06-18T05:00:00+00:00,17.87,17.71,17.87,19.15,19.15,19.19,19.19,-61.18,-61.18,-13.9,-13.9,8.96,8.96,18.95,18.95,100.0,100.0,100.0,308.16,132.77,308.16,0.36,0.04,0.36,5.02,6.06,5.02,81.14,83.77,81.14,0.0,0.0,0.43,0.03,0.43,1011.46,1011.22,1011.46,0.31,0.31,354.77,354.77,0.06,0.06,6.59,6.59,0.0,0.0,11.22,8.64,9.78,6.1,13.48,6.1,0.41,0.45,0.44,0.33,0.38,0.33,4.57,5.12,4.6,4.83,5.24,4.83,24.13,24.13,17.81,16.35,17.81,49.94,8.7,38.2,29.5,5.15,49.94,0.41,0.44,0.45,0.56,0.44,0.42,0.44,3.74,5.1,3.03,3.06,5.24,3.74,178.87,149.34,178.87,90.21,90.21,90.21,90.21,269.98,269.98,90.11,90.11,90.12,90.12,90.13,90.13,269.95,269.95,90.14,90.14,150.03,150.03,90.19,90.19,3.57,4.33,3.57,1.86,1.86,1.83,1.83,30.15,30.15,2.16,2.16,2.22,2.22,2.22,2.22,10.44,10.44,2.19,2.19,2.3,2.3,1.96,1.96,180.0,170.81,133.93,89.1,156.63,89.1,0.0,0.03,0.31,0.2,0.15,0.2,1.0,1.5,2.18,2.08,1.58,2.08
2023-06-18T06:00:00+00:00,17.28,17.71,17.28,18.75,18.75,18.8,18.8,-61.24,-61.24,-13.75,-13.75,8.78,8.78,18.59,18.59,100.0,100.0,100.0,306.14,154.75,306.14,0.36,0.02,0.36,4.49,7.42,4.49,88.68,85.0,88.68,0.0,0.0,0.87,0.04,0.87,1012.04,1011.18,1012.04,0.31,0.31,354.59,354.59,0.07,0.07,7.87,7.87,0.0,0.0,9.82,8.28,9.55,14.8,12.3,14.8,0.4,0.44,0.42,0.38,0.37,0.38,4.69,5.14,4.59,4.12,5.21,4.12,24.13,24.13,17.84,16.38,17.84,57.11,8.35,45.93,17.9,5.3,57.11,0.4,0.41,0.44,0.56,0.4,0.42,0.41,3.95,5.11,2.96,3.43,5.21,3.95,179.61,154.1,179.61,90.26,90.26,90.27,90.27,269.98,269.98,90.13,90.13,90.14,90.14,90.15,90.15,269.95,269.95,90.17,90.17,90.1,90.1,90.23,90.23,3.7,4.86,3.7,1.71,1.71,1.67,1.67,29.96,29.96,2.15,2.15,2.22,2.22,2.2,2.2,10.42,10.42,2.16,2.16,2.58,2.58,1.85,1.85,186.28,171.25,135.75,91.8,155.57,91.8,0.03,0.04,0.35,0.09,0.19,0.09,1.33,1.52,2.28,1.72,1.91,1.72
2023-06-18T07:00:00+00:00,16.95,17.77,16.95,18.36,18.36,18.39,18.39,-61.38,-61.38,-13.55,-13.55,8.98,8.98,18.3,18.3,100.0,100.0,100.0,304.11,266.26,304.11,0.35,0.01,0.35,3.17,9.12,3.17,92.47,85.47,92.47,0.0,0.0,1.54,0.03,1.54,1011.92,1011.28,1011.92,0.31,0.31,355.41,355.41,0.08,0.08,7.71,7.71,0.0,0.0,8.44,7.73,8.79,11.6,11.67,11.6,0.4,0.43,0.41,0.36,0.36,0.36,4.79,5.17,4.66,4.2,5.19,4.2,24.13,24.13,17.91,16.41,17.91,56.78,9.86,58.66,12.6,61.91,56.78,0.4,0.4,0.45,0.57,0.36,0.48,0.4,3.95,4.99,2.94,3.65,4.45,3.95,162.55,157.19,162.55,90.24,90.24,90.25,90.25,269.98,269.98,90.15,90.15,90.16,90.16,90.17,90.17,269.94,269.94,90.18,90.18,90.13,90.13,90.22,90.22,4.01,6.03,4.01,2.11,2.11,2.09,2.09,29.1,29.1,2.26,2.26,2.35,2.35,2.36,2.36,9.76,9.76,2.35,2.35,2.42,2.42,2.19,2.19,180.0,154.65,139.35,89.1,161.53,89.1,0.0,0.08,0.38,0.06,0.29,0.06,1.0,1.57,2.35,1.58,2.25,1.58
2023-06-18T08:00:00+00:00,16.82,17.84,16.82,17.98,17.98,17.98,17.98,-61.52,-61.52,-13.35,-13.35,9.18,9.18,18.02,18.02,100.0,100.0,100.0,302.09,296.31,302.09,0.35,0.03,0.35,4.01,10.82,4.01,94.69,85.93,94.69,0.0,0.0,0.54,0.02,0.54,1012.0,1011.37,1012.0,0.31,0.31,356.23,356.23,0.1,0.1,7.55,7.55,0.0,0.0,7.15,7.17,8.04,10.8,11.05,10.8,0.4,0.43,0.4,0.34,0.34,0.34,4.88,5.21,4.73,4.33,5.17,4.33,24.13,24.13,18.02,16.43,18.02,23.06,11.38,71.39,11.0,118.51,23.06,0.4,0.47,0.45,0.59,0.34,0.54,0.47,3.42,4.86,2.91,3.87,3.7,3.42,145.48,160.27,145.48,90.22,90.22,90.22,90.22,269.98,269.98,90.18,90.18,90.18,90.18,90.18,90.18,269.94,269.94,90.19,90.19,90.15,90.15,90.21,90.21,4.32,7.21,4.32,2.52,2.52,2.51,2.51,28.23,28.23,2.37,2.37,2.48,2.48,2.52,2.52,9.1,9.1,2.55,2.55,2.26,2.26,2.53,2.53,180.0,138.06,142.95,0.0,167.48,0.0,0.0,0.13,0.41,0.0,0.39,0.0,1.0,1.63,2.42,0.0,2.58,0.0
2023-06-18T09:00:00+00:00,17.01,17.91,17.01,17.59,17.59,17.57,17.57,-61.65,-61.65,-13.15,-13.15,9.38,9.38,17.73,17.73,100.0,100.0,100.0,300.07,291.73,300.07,0.34,0.05,0.34,5.35,12.53,5.35,93.27,86.4,93.27,0.0,0.0,0.39,0.01,0.39,1011.97,1011.47,1011.97,0.31,0.31,357.05,357.05,0.11,0.11,7.39,7.39,0.0,0.0,5.91,6.62,7.28,9.4,10.42,9.4,0.4,0.42,0.39,0.34,0.33,0.34,4.99,5.24,4.8,4.45,5.15,4.45,24.13,24.13,18.14,16.45,18.14,348.18,12.89,84.12,9.5,175.12,348.18,0.4,0.54,0.46,0.6,0.34,0.6,0.54,3.26,4.74,2.89,4.06,2.94,3.26,128.42,163.36,128.42,90.2,90.2,90.2,90.2,269.98,269.98,90.2,90.2,90.2,90.2,90.2,90.2,269.93,269.93,90.2,90.2,90.18,90.18,90.2,90.2,4.63,8.38,4.63,2.92,2.92,2.93,2.93,27.37,27.37,2.48,2.48,2.61,2.61,2.68,2.68,8.44,8.44,2.74,2.74,2.1,2.1,2.87,2.87,144.76,121.46,146.55,0.0,173.44,0.0,0.04,0.17,0.44,0.0,0.49,0.0,1.35,1.68,2.49,0.0,2.92,0.0
2023-06-18T10:00:00+00:00,17.21,17.84,17.21,17.57,17.57,17.54,17.54,-61.68,-61.68,-13.13,-13.13,9.41,9.41,17.69,17.69,100.0,100.0,100.0,298.04,292.82,298.04,0.33,0.07,0.33,6.36,11.09,6.36,93.05,88.3,93.05,0.0,0.0,0.4,0.01,0.4,1011.92,1011.34,1011.92,0.31,0.31,357.52,357.52,0.13,0.13,7.28,7.28,0.0,0.0,4.72,7.82,6.94,8.1,9.87,8.1,0.4,0.42,0.38,0.34,0.32,0.34,5.08,5.17,4.86,4.54,5.16,4.54,24.13,24.13,18.18,16.48,18.18,343.06,25.31,76.05,8.0,176.78,343.06,0.41,0.54,0.49,0.58,0.35,0.6,0.54,3.36,4.5,2.92,4.18,3.05,3.36,129.45,161.66,129.45,90.19,90.19,90.19,90.19,269.98,269.98,90.18,90.18,90.18,90.18,90.18,90.18,269.93,269.93,90.18,90.18,149.67,149.67,90.18,90.18,4.83,7.51,4.83,2.83,2.83,2.85,2.85,26.51,26.51,2.4,2.4,2.52,2.52,2.59,2.59,8.08,8.08,2.66,2.66,1.49,1.49,2.79,2.79,132.01,124.6,141.19,0.0,173.32,0.0,0.09,0.23,0.41,0.0,0.49,0.0,1.4,1.89,2.45,0.0,3.02,0.0
2023-06-18T11:00:00+00:00,17.22,17.77,17.22,17.55,17.55,17.52,17.52,-61.71,-61.71,-13.12,-13.12,9.45,9.45,17.66,17.66,100.0,100.0,100.0,296.02,305.51,296.02,0.33,0.08,0.33,6.94,9.66,6.94,94.62,90.2,94.62,0.0,0.0,0.01,0.0,0.01,1011.69,1011.21,1011.69,0.31,0.31,357.99,357.99,0.14,0.14,7.17,7.17,0.0,0.0,3.22,9.01,6.61,8.0,9.33,8.0,0.41,0.43,0.38,0.35,0.3,0.35,4.97,5.11,4.91,4.58,5.18,4.58,24.13,24.13,18.23,16.5,18.23,349.72,37.74,67.98,7.5,178.44,349.72,0.46,0.51,0.52,0.56,0.36,0.6,0.51,3.44,4.25,2.94,4.28,3.16,3.44,130.49,159.95,130.49,90.17,90.17,90.17,90.17,269.97,269.97,90.17,90.17,90.17,90.17,90.17,90.17,269.92,269.92,90.17,90.17,209.16,209.16,90.17,90.17,5.04,6.64,5.04,2.74,2.74,2.76,2.76,25.66,25.66,2.32,2.32,2.44,2.44,2.51,2.51,7.72,7.72,2.57,2.57,0.89,0.89,2.7,2.7,127.57,127.74,135.83,0.0,173.19,0.0,0.21,0.28,0.37,0.0,0.5,0.0,1.66,2.11,2.4,0.0,3.12,0.0
2023-06-18T12:00:00+00:00,18.3,17.71,18.3,17.53,17.53,17.49,17.49,-61.74,-61.74,-13.1,-13.1,9.49,9.49,17.62,17.62,100.0,100.0,100.0,246.26,333.59,246.26,0.76,0.07,0.76,7.66,8.23,7.66,85.91,92.1,85.91,0.0,0.0,0.0,0.0,0.0,1010.9,1011.07,1010.9,0.31,0.31,358.46,358.46,0.16,0.16,7.06,7.06,0.0,0.0,3.03,10.21,6.27,10.6,8.78,10.6,0.41,0.43,0.37,0.33,0.29,0.33,5.02,5.04,4.97,4.38,5.19,4.38,24.13,24.13,18.25,16.53,18.25,5.2,50.16,59.91,7.4,180.1,5.2,0.54,0.48,0.55,0.54,0.37,0.6,0.48,3.55,4.01,2.97,4.35,3.27,3.55,131.52,158.25,131.52,90.16,90.16,90.16,90.16,269.97,269.97,90.15,90.15,90.15,90.15,90.15,90.15,269.92,269.92,90.15,90.15,268.65,268.65,90.15,90.15,5.24,5.77,5.24,2.65,2.65,2.68,2.68,24.8,24.8,2.24,2.24,2.35,2.35,2.42,2.42,7.36,7.36,2.49,2.49,0.28,0.28,2.62,2.62,130.12,130.88,130.47,0.0,173.07,0.0,0.35,0.34,0.34,0.0,0.5,0.0,2.35,2.32,2.36,0.0,3.22,0.0
2023-06-18T13:00:00+00:00,18.59,17.89,18.59,17.82,17.82,17.78,17.78,-62.1,-62.1,-13.23,-13.23,9.43,9.43,17.9,17.9,100.0,100.0,100.0,228.14,1.55,228.14,0.9,0.08,0.9,6.63,7.81,6.63,84.95,90.6,84.95,0.0,0.0,0.0,0.0,0.0,1010.67,1010.87,1010.67,0.31,0.31,0.5,0.5,0.18,0.18,6.6,6.6,0.0,0.0,7.04,17.46,6.12,9.0,5.57,9.0,0.43,0.45,0.37,0.31,0.26,0.31,4.87,4.87,4.98,4.65,5.74,4.65,24.13,24.13,18.3,16.53,18.3,22.08,47.83,48.37,7.0,239.46,22.08,0.52,0.46,0.54,0.51,0.38,0.58,0.46,3.73,4.08,3.04,4.37,3.93,3.73,133.36,152.05,133.36,90.14,90.14,90.14,90.14,269.96,269.96,90.12,90.12,90.13,90.13,90.13,90.13,269.92,269.92,90.13,90.13,209.19,209.19,90.13,90.13,4.83,5.7,4.83,3.02,3.02,3.02,3.02,23.17,23.17,2.72,2.72,2.84,2.84,2.9,2.9,6.43,6.43,2.94,2.94,0.61,0.61,3.01,3.01,122.97,132.4,116.91,41.4,165.22,41.4,0.3,0.29,0.28,0.1,0.46,0.1,2.32,2.17,2.21,2.47,3.08,2.47
2023-06-18T14:00:00+00:00,18.9,18.07,18.9,18.12,18.12,18.06,18.06,-62.47,-62.47,-13.36,-13.36,9.37,9.37,18.18,18.18,100.0,100.0,100.0,223.11,21.48,223.11,0.94,0.11,0.94,5.3,7.4,5.3,84.88,89.1,84.88,0.0,0.0,0.0,0.0,0.0,1010.27,1010.67,1010.27,0.31,0.31,2.53,2.53,0.2,0.2,6.14,6.14,0.0,0.0,23.05,24.71,5.97,3.8,2.37,3.8,0.47,0.46,0.36,0.36,0.23,0.36,4.65,4.7,5.0,5.47,6.29,5.47,24.13,24.13,18.31,16.53,18.31,41.41,45.51,36.82,7.6,298.82,41.41,0.49,0.44,0.52,0.48,0.39,0.55,0.44,3.98,4.14,3.11,4.31,4.6,3.98,135.19,145.85,135.19,90.12,90.12,90.12,90.12,269.96,269.96,90.1,90.1,90.1,90.1,90.1,90.1,269.91,269.91,90.1,90.1,149.74,149.74,90.11,90.11,4.41,5.63,4.41,3.39,3.39,3.37,3.37,21.55,21.55,3.2,3.2,3.32,3.32,3.37,3.37,5.49,5.49,3.4,3.4,0.93,0.93,3.41,3.41,111.89,133.93,103.34,32.2,157.37,32.2,0.14,0.23,0.22,0.15,0.41,0.15,1.69,2.01,2.05,2.67,2.93,2.67
2023-06-18T15:00:00+00:00,19.03,18.25,19.03,18.41,18.41,18.34,18.34,-62.83,-62.83,-13.48,-13.48,9.31,9.31,18.46,18.46,100.0,100.0,100.0,222.12,35.39,222.12,0.75,0.12,0.75,4.2,6.98,4.2,84.12,87.6,84.12,0.0,0.0,0.0,0.0,0.0,1009.89,1010.46,1009.89,0.31,0.31,4.57,4.57,0.22,0.22,5.68,5.68,0.0,0.0,13.0,31.96,5.82,6.8,359.16,6.8,0.47,0.48,0.36,0.37,0.2,0.37,5.06,4.53,5.01,5.3,6.84,5.3,24.13,24.13,18.31,16.54,18.31,53.41,43.18,25.28,7.5,358.18,53.41,0.48,0.43,0.51,0.45,0.39,0.53,0.43,4.2,4.21,3.18,4.27,5.26,4.2,137.03,139.65,137.03,90.1,90.1,90.1,90.1,269.95,269.95,90.07,90.07,90.08,90.08,90.08,90.08,269.91,269.91,90.08,90.08,90.28,90.28,90.09,90.09,4.0,5.56,4.0,3.76,3.76,3.71,3.71,19.92,19.92,3.68,3.68,3.81,3.81,3.85,3.85,4.56,4.56,3.85,3.85,1.26,1.26,3.8,3.8,97.86,135.45,89.78,16.4,149.52,16.4,0.06,0.18,0.16,0.13,0.37,0.13,1.32,1.86,1.9,2.52,2.79,2.52
2023-06-18T16:00:00+00:00,18.94,18.64,18.94,19.29,19.29,19.21,19.21,-62.44,-62.44,-13.32,-13.32,9.16,9.16,19.32,19.32,100.0,100.0,100.0,205.79,47.38,205.79,0.4,0.12,0.4,3.86,7.09,3.86,84.33,84.77,84.33,0.0,0.0,0.0,0.0,0.0,1009.46,1010.18,1009.46,0.31,0.31,2.51,2.51,0.18,0.18,4.91,4.91,0.0,0.0,6.17,29.7,5.46,7.2,0.83,7.2,0.47,0.47,0.35,0.37,0.24,0.37,5.42,4.58,5.03,5.18,6.77,5.18,24.13,24.13,18.31,16.54,18.31,53.81,37.85,23.13,7.3,358.55,53.81,0.47,0.44,0.49,0.44,0.39,0.51,0.44,4.21,4.32,3.21,4.15,5.76,4.21,135.41,142.65,135.41,90.11,90.11,90.11,90.11,269.94,269.94,90.08,90.08,90.09,90.09,90.09,90.09,269.88,269.88,90.09,90.09,150.13,150.13,90.1,90.1,3.75,5.61,3.75,3.66,3.66,3.63,3.63,19.57,19.57,3.49,3.49,3.64,3.64,3.7,3.7,4.0,4.0,3.7,3.7,1.55,1.55,3.69,3.69,114.7,134.56,104.1,14.6,155.36,14.6,0.03,0.15,0.15,0.11,0.36,0.11,1.25,1.74,1.9,2.14,2.82,2.14
2023-06-18T17:00:00+00:00,18.86,19.02,18.86,20.16,20.16,20.08,20.08,-62.05,-62.05,-13.15,-13.15,9.01,9.01,20.19,20.19,100.0,100.0,100.0,125.47,59.66,125.47,0.28,0.11,0.28,3.32,7.2,3.32,85.17,81.93,85.17,0.0,0.0,0.0,0.0,0.0,1008.88,1009.9,1008.88,0.31,0.31,0.46,0.46,0.13,0.13,4.15,4.15,0.0,0.0,3.49,27.44,5.1,8.0,2.49,8.0,0.46,0.45,0.35,0.37,0.27,0.37,5.54,4.62,5.05,4.98,6.69,4.98,24.13,24.13,18.28,16.55,18.28,47.85,32.51,20.97,7.9,358.92,47.85,0.46,0.46,0.47,0.43,0.39,0.49,0.46,4.09,4.44,3.23,3.88,6.26,4.09,133.8,145.66,133.8,90.11,90.11,90.12,90.12,269.94,269.94,90.09,90.09,90.1,90.1,90.1,90.1,269.86,269.86,90.11,90.11,209.99,209.99,90.11,90.11,3.49,5.67,3.49,3.57,3.57,3.55,3.55,19.21,19.21,3.31,3.31,3.48,3.48,3.54,3.54,3.45,3.45,3.56,3.56,1.83,1.83,3.59,3.59,180.0,133.67,118.41,11.9,161.21,11.9,0.0,0.12,0.13,0.1,0.36,0.1,1.0,1.62,1.89,1.82,2.85,1.82
2023-06-18T18:00:00+00:00,18.47,19.4,18.47,21.04,21.04,20.95,20.95,-61.66,-61.66,-12.98,-12.98,8.86,8.86,21.05,21.05,100.0,100.0,100.0,94.84,78.86,94.84,0.5,0.1,0.5,1.58,7.31,1.58,88.65,79.1,88.65,0.0,0.0,0.01,0.0,0.01,1008.47,1009.62,1008.47,0.31,0.31,358.4,358.4,0.09,0.09,3.38,3.38,0.0,0.0,2.41,25.18,4.74,7.0,4.16,7.0,0.45,0.44,0.34,0.37,0.31,0.37,5.57,4.67,5.07,5.03,6.62,5.03,24.13,24.13,18.25,16.56,18.25,38.45,27.18,18.82,7.8,359.29,38.45,0.45,0.49,0.45,0.42,0.38,0.47,0.49,3.95,4.55,3.26,3.77,6.76,3.95,132.18,148.66,132.18,90.12,90.12,90.13,90.13,269.93,269.93,90.1,90.1,90.11,90.11,90.11,90.11,269.83,269.83,90.12,90.12,269.84,269.84,90.12,90.12,3.24,5.72,3.24,3.47,3.47,3.47,3.47,18.86,18.86,3.12,3.12,3.31,3.31,3.39,3.39,2.89,2.89,3.41,3.41,2.12,2.12,3.48,3.48,180.0,132.78,132.73,6.9,167.05,6.9,0.0,0.09,0.12,0.09,0.35,0.09,1.0,1.5,1.89,1.71,2.88,1.71
2023-06-18T19:00:00+00:00,18.47,19.06,18.47,20.48,20.48,20.43,20.43,-62.0,-62.0,-12.65,-12.65,8.97,8.97,20.49,20.49,100.0,100.0,100.0,71.28,106.38,71.28,0.55,0.08,0.55,3.06,8.05,3.06,88.86,80.2,88.86,0.0,0.0,0.0,0.04,0.0,1008.26,1009.25,1008.26,0.31,0.31,307.58,307.58,0.11,0.11,3.24,3.24,0.0,0.0,1.92,22.86,4.57,6.0,3.79,6.0,0.43,0.43,0.33,0.36,0.3,0.36,5.55,4.75,5.07,4.49,6.64,4.49,24.13,24.13,18.23,16.52,18.23,35.72,24.84,16.78,5.3,42.64,35.72,0.43,0.51,0.44,0.42,0.37,0.48,0.51,3.89,4.61,3.07,3.84,5.55,3.89,135.83,142.15,135.83,90.1,90.1,90.11,90.11,269.92,269.92,90.08,90.08,90.09,90.09,90.09,90.09,269.86,269.86,90.1,90.1,214.09,214.09,90.1,90.1,3.29,6.1,3.29,4.49,4.49,4.41,4.41,18.24,18.24,3.97,3.97,4.24,4.24,4.37,4.37,4.12,4.12,4.43,4.43,1.43,1.43,4.49,4.49,180.0,135.07,155.88,0.0,154.22,0.0,0.0,0.09,0.15,0.0,0.37,0.0,1.0,1.51,1.84,0.0,2.83,0.0
2023-06-18T20:00:00+00:00,18.65,18.72,18.65,19.91,19.91,19.9,19.9,-62.34,-62.34,-12.31,-12.31,9.08,9.08,19.93,19.93,100.0,100.0,100.0,42.71,142.9,42.71,0.67,0.08,0.67,5.78,8.79,5.78,85.67,81.3,85.67,0.0,0.0,0.0,0.08,0.0,1008.26,1008.88,1008.26,0.31,0.31,256.75,256.75,0.12,0.12,3.1,3.1,0.0,0.0,1.71,20.54,4.39,4.6,3.42,4.6,0.43,0.42,0.32,0.35,0.3,0.35,5.52,4.82,5.08,4.54,6.66,4.54,24.13,24.13,18.22,16.48,18.22,40.52,22.5,14.74,4.1,85.98,40.52,0.42,0.52,0.43,0.41,0.35,0.5,0.52,3.92,4.68,2.89,3.97,4.33,3.92,139.48,135.64,139.48,90.08,90.08,90.09,90.09,269.9,269.9,90.07,90.07,90.07,90.07,90.07,90.07,269.9,269.9,90.07,90.07,158.34,158.34,90.08,90.08,3.33,6.49,3.33,5.52,5.52,5.34,5.34,17.62,17.62,4.81,4.81,5.17,5.17,5.34,5.34,5.34,5.34,5.46,5.46,0.73,0.73,5.51,5.51,180.0,137.36,179.02,0.0,141.39,0.0,0.0,0.09,0.17,0.0,0.38,0.0,1.0,1.51,1.79,0.0,2.79,0.0
2023-06-18T21:00:00+00:00,19.39,18.38,19.39,19.35,19.35,19.38,19.38,-62.68,-62.68,-11.98,-11.98,9.2,9.2,19.37,19.37,100.0,100.0,100.0,37.41,178.88,37.41,0.67,0.09,0.67,7.51,9.52,7.51,82.86,82.4,82.86,0.0,0.0,0.08,0.12,0.08,1007.85,1008.51,1007.85,0.31,0.31,205.93,205.93,0.14,0.14,2.96,2.96,0.0,0.0,0.43,18.22,4.22,3.8,3.05,3.8,0.41,0.41,0.31,0.34,0.29,0.34,5.6,4.9,5.08,4.63,6.68,4.63,24.14,24.14,18.22,16.44,18.22,51.09,20.16,12.7,3.4,129.33,51.09,0.41,0.5,0.42,0.41,0.34,0.51,0.5,4.12,4.74,2.7,4.1,3.12,4.12,143.13,129.13,143.13,90.06,90.06,90.07,90.07,269.89,269.89,90.05,90.05,90.05,90.05,90.05,90.05,269.93,269.93,90.05,90.05,102.59,102.59,90.06,90.06,3.38,6.87,3.38,6.54,6.54,6.28,6.28,17.0,17.0,5.66,5.66,6.1,6.1,6.32,6.32,6.57,6.57,6.48,6.48,0.04,0.04,6.52,6.52,128.88,139.65,202.17,0.0,128.56,0.0,0.1,0.09,0.2,0.0,0.4,0.0,1.72,1.52,1.74,0.0,2.74,0.0
2023-06-18T22:00:00+00:00,19.12,18.01,19.12,18.62,18.62,18.62,18.62,-61.91,-61.91,-12.11,-12.11,9.04,9.04,18.64,18.64,100.0,100.0,100.0,23.81,205.47,23.81,0.54,0.11,0.54,9.18,9.21,9.18,82.12,87.3,82.12,0.0,0.0,2.64,0.1,2.64,1007.62,1008.66,1007.62,0.31,0.31,162.09,162.09,0.12,0.12,2.95,2.95,0.0,0.0,4.01,21.78,4.05,3.6,2.82,3.6,0.41,0.41,0.3,0.34,0.29,0.34,5.39,4.87,5.08,4.65,6.61,4.65,21.37,21.37,18.23,16.45,18.23,62.63,350.83,333.61,3.3,152.74,62.63,0.44,0.46,0.48,0.47,0.35,0.51,0.46,4.42,4.32,2.72,4.18,2.98,4.42,175.7,155.37,175.7,150.01,150.01,150.01,150.01,269.89,269.89,150.0,150.0,150.0,150.0,150.0,150.0,269.91,269.91,150.0,150.0,158.36,158.36,150.01,150.01,5.38,6.5,5.38,5.56,5.56,5.49,5.49,15.95,15.95,4.73,4.73,5.08,5.08,5.27,5.27,6.49,6.49,5.42,5.42,2.45,2.45,5.56,5.56,142.43,172.15,212.74,0.0,152.43,0.0,0.18,0.2,0.3,0.0,0.41,0.0,1.87,1.74,2.03,0.0,2.67,0.0
2023-06-18T23:00:00+00:00,18.24,17.63,18.24,17.9,17.9,17.86,17.86,-61.14,-61.14,-12.24,-12.24,8.89,8.89,17.91,17.91,100.0,100.0,100.0,317.65,229.93,317.65,0.37,0.12,0.37,9.17,8.91,9.17,92.32,92.2,92.32,0.0,0.0,1.01,0.09,1.01,1007.79,1008.81,1007.79,0.31,0.31,118.26,118.26,0.1,0.1,2.95,2.95,0.0,0.0,6.84,25.34,3.87,3.8,2.6,3.8,0.4,0.41,0.3,0.36,0.28,0.36,5.28,4.83,5.09,4.64,6.53,4.64,18.61,18.61,18.23,16.45,18.23,75.52,321.49,294.53,3.4,176.16,75.52,0.5,0.42,0.53,0.54,0.36,0.51,0.42,4.84,3.89,2.73,4.24,2.83,4.84,208.27,181.61,208.27,209.95,209.95,209.96,209.96,269.89,269.89,209.94,209.94,209.94,209.94,209.94,209.94,269.89,269.89,209.94,209.94,214.14,214.14,209.95,209.95,7.39,6.13,7.39,4.58,4.58,4.71,4.71,14.91,14.91,3.8,3.8,4.06,4.06,4.23,4.23,6.4,6.4,4.37,4.37,4.87,4.87,4.6,4.6,148.72,204.65,223.31,0.0,176.3,0.0,0.31,0.31,0.4,0.0,0.41,0.0,2.2,1.95,2.31,0.0,2.61,0.0
2023-06-19T00:00:00+00:00,18.17,17.26,18.17,17.18,17.18,17.11,17.11,-60.37,-60.37,-12.37,-12.37,8.73,8.73,17.17,17.17,100.0,100.0,100.0,256.07,90.36,256.07,0.88,0.16,0.88,11.98,8.6,11.98,93.68,97.1,93.68,0.0,0.0,0.36,0.07,0.36,1007.22,1008.95,1007.22,0.31,0.31,74.42,74.42,0.08,0.08,2.94,2.94,0.0,0.0,35.2,28.9,3.7,360.0,2.37,360.0,0.43,0.41,0.29,0.3,0.28,0.3,4.56,4.8,5.09,5.98,6.46,5.98,15.85,15.85,16.37,16.45,16.37,106.33,292.16,255.44,3.3,199.57,106.33,0.56,0.43,0.59,0.6,0.37,0.51,0.43,4.46,3.47,2.75,4.29,2.69,4.46,240.84,207.85,240.84,269.9,269.9,269.9,269.9,269.89,269.89,269.89,269.89,269.89,269.89,269.89,269.89,269.87,269.87,269.89,269.89,269.91,269.91,269.9,269.9,9.39,5.76,9.39,3.6,3.6,3.92,3.92,13.86,13.86,2.87,2.87,3.04,3.04,3.18,3.18,6.32,6.32,3.31,3.31,7.28,7.28,3.64,3.64,222.16,237.15,233.88,0.0,200.17,0.0,0.37,0.42,0.5,0.0,0.42,0.0,2.21,2.17,2.6,0.0,2.54,0.0
2023-06-19T01:00:00+00:00,16.88,17.05,16.88,16.78,16.78,16.71,16.71,-59.88,-59.88,-12.5,-12.5,8.54,8.54,16.79,16.79,98.59,100.0,98.59,241.86,91.39,241.86,1.13,0.15,1.13,14.55,9.07,14.55,95.68,94.13,95.68,0.0,0.0,0.0,0.05,0.0,1008.11,1009.36,1008.11,0.31,0.31,78.14,78.14,0.06,0.06,2.43,2.43,0.0,0.0,15.29,15.92,3.54,3.6,2.09,3.6,0.35,0.37,0.28,0.38,0.27,0.38,5.11,5.03,5.15,4.7,6.45,4.7,18.61,18.61,16.37,16.44,16.37,191.11,277.06,251.03,3.2,212.39,191.11,0.7,0.61,0.77,0.75,0.38,0.65,0.61,3.4,3.55,2.97,4.34,3.13,3.4,242.11,228.64,242.11,269.93,269.93,269.93,269.93,269.91,269.91,269.93,269.93,269.93,269.93,269.93,269.93,269.89,269.89,269.93,269.93,269.92,269.92,269.93,269.93,9.41,6.4,9.41,5.56,5.56,5.84,5.84,17.52,17.52,4.59,4.59,4.85,4.85,5.02,5.02,7.57,7.57,5.18,5.18,6.95,6.95,5.56,5.56,234.5,239.5,235.56,0.0,212.41,0.0,0.62,0.65,0.66,0.0,0.58,0.0,2.69,2.65,2.92,0.0,3.03,0.0
2023-06-19T02:00:00+00:00,16.29,16.84,16.29,16.39,16.39,16.31,16.31,-59.38,-59.38,-12.64,-12.64,8.34,8.34,16.41,16.41,100.0,100.0,100.0,233.79,91.95,233.79,1.1,0.14,1.1,14.37,9.53,14.37,94.48,91.17,94.48,0.0,0.0,0.0,0.02,0.0,1008.98,1009.77,1008.98,0.31,0.31,81.87,81.87,0.05,0.05,1.91,1.91,0.0,0.0,3.56,2.95,3.38,4.7,1.8,4.7,0.29,0.32,0.27,0.39,0.25,0.39,5.59,5.25,5.2,4.71,6.44,4.71,21.37,21.37,16.37,16.42,16.37,213.68,261.95,246.61,4.3,225.22,213.68,0.95,0.93,0.96,0.89,0.4,0.8,0.93,3.26,3.63,3.19,4.36,3.57,3.26,243.38,249.42,243.38,269.97,269.97,269.97,269.97,269.93,269.93,269.96,269.96,269.96,269.96,269.96,269.96,269.91,269.91,269.96,269.96,269.93,269.93,269.97,269.97,9.44,7.04,9.44,7.52,7.52,7.76,7.76,21.18,21.18,6.32,6.32,6.65,6.65,6.87,6.87,8.83,8.83,7.05,7.05,6.61,6.61,7.49,7.49,238.74,241.86,237.23,0.0,224.64,0.0,0.91,0.87,0.83,0.0,0.75,0.0,3.24,3.12,3.25,0.0,3.51,0.0
2023-06-19T03:00:00+00:00,16.26,16.63,16.26,15.99,15.99,15.92,15.92,-58.88,-58.88,-12.78,-12.78,8.14,8.14,16.03,16.03,96.87,100.0,96.87,227.1,90.97,227.1,0.87,0.12,0.87,13.6,10.0,13.6,90.81,88.2,90.81,0.0,0.0,0.0,0.0,0.0,1009.42,1010.17,1009.42,0.31,0.31,85.59,85.59,0.03,0.03,1.4,1.4,0.0,0.0,358.14,349.97,3.22,5.7,1.52,5.7,0.28,0.28,0.26,0.4,0.24,0.4,5.56,5.48,5.26,4.76,6.43,4.76,24.14,24.14,16.38,16.41,16.38,214.58,246.85,242.2,5.1,238.04,214.58,1.14,1.2,1.14,1.04,0.4,0.94,1.2,3.67,3.71,3.41,4.4,4.01,3.67,244.65,270.21,244.65,270.0,270.0,270.0,270.0,269.95,269.95,270.0,270.0,270.0,270.0,270.0,270.0,269.93,269.93,270.0,270.0,269.94,269.94,270.0,270.0,9.46,7.68,9.46,9.48,9.48,9.68,9.68,24.84,24.84,8.04,8.04,8.46,8.46,8.71,8.71,10.08,10.08,8.92,8.92,6.28,6.28,9.41,9.41,240.58,244.21,238.91,0.0,236.88,0.0,1.11,1.1,0.99,0.0,0.91,0.0,3.76,3.6,3.57,0.0,4.0,0.0
2023-06-19T04:00:00+00:00,16.34,16.39,16.34,15.62,15.62,15.57,15.57,-58.88,-58.88,-12.87,-12.87,7.95,7.95,15.7,15.7,74.12,100.0,74.12,205.66,88.28,205.66,0.57,0.1,0.57,13.85,9.64,13.85,91.14,88.3,91.14,0.0,0.0,0.0,0.0,0.0,1009.93,1010.69,1009.93,0.31,0.31,57.76,57.76,0.13,0.13,2.73,2.73,0.0,0.0,342.8,334.58,3.05,6.5,1.19,6.5,0.28,0.31,0.26,0.4,0.23,0.4,5.62,5.42,5.28,4.75,6.41,4.75,24.14,24.14,16.38,16.36,16.38,212.85,246.09,242.78,4.8,239.89,212.85,1.2,1.31,1.15,1.05,0.41,0.96,1.31,4.03,3.88,3.44,4.08,4.17,4.03,241.61,261.3,241.61,269.99,269.99,269.99,269.99,269.95,269.95,269.99,269.99,269.99,269.99,269.99,269.99,269.93,269.93,269.99,269.99,269.95,269.95,269.99,269.99,9.24,7.74,9.24,9.04,9.04,9.17,9.17,25.06,25.06,7.8,7.8,8.17,8.17,8.4,8.4,10.14,10.14,8.58,8.58,6.76,6.76,8.97,8.97,239.08,242.98,239.47,263.6,238.26,263.6,1.17,1.1,1.0,0.06,0.93,0.06,4.08,3.76,3.61,1.6,4.16,1.6
2023-06-19T05:00:00+00:00,16.07,16.16,16.07,15.24,15.24,15.22,15.22,-58.87,-58.87,-12.96,-12.96,7.76,7.76,15.37,15.37,69.17,100.0,69.17,162.49,84.7,162.49,0.41,0.08,0.41,13.19,9.29,13.19,92.68,88.4,92.68,0.0,0.0,0.0,0.0,0.0,1010.43,1011.21,1010.43,0.31,0.31,29.93,29.93,0.23,0.23,4.06,4.06,0.0,0.0,344.85,319.2,2.89,8.1,0.86,8.1,0.26,0.34,0.25,0.4,0.23,0.4,5.72,5.35,5.3,4.78,6.4,4.78,24.13,24.13,16.38,16.3,16.38,213.4,245.33,243.37,344.9,241.75,213.4,1.26,1.29,1.15,1.06,0.48,0.98,1.29,4.17,4.04,3.48,2.72,4.33,4.17,238.58,252.39,238.58,269.98,269.98,269.98,269.98,269.94,269.94,269.98,269.98,269.98,269.98,269.98,269.98,269.93,269.93,269.98,269.98,269.96,269.96,269.98,269.98,9.01,7.79,9.01,8.6,8.6,8.67,8.67,25.27,25.27,7.55,7.55,7.89,7.89,8.08,8.08,10.21,10.21,8.24,8.24,7.24,7.24,8.53,8.53,238.89,241.75,240.02,255.1,239.64,255.1,1.23,1.1,1.02,0.25,0.95,0.25,4.26,3.93,3.65,1.77,4.33,1.77
2023-06-19T06:00:00+00:00,16.22,15.92,16.22,14.87,14.87,14.87,14.87,-58.87,-58.87,-13.06,-13.06,7.56,7.56,15.04,15.04,66.12,100.0,66.12,119.36,80.29,119.36,0.38,0.07,0.38,11.47,8.93,11.47,90.84,88.5,90.84,0.0,0.0,0.0,0.0,0.0,1011.12,1011.73,1011.12,0.31,0.31,2.1,2.1,0.33,0.33,5.39,5.39,0.0,0.0,309.32,303.81,2.72,9.2,0.53,9.2,0.33,0.37,0.25,0.4,0.22,0.4,5.52,5.29,5.32,4.75,6.38,4.75,24.13,24.13,16.41,16.25,16.41,213.49,244.57,243.95,332.1,243.6,213.49,1.23,1.27,1.16,1.07,0.51,1.0,1.27,4.23,4.21,3.51,2.85,4.49,4.23,235.54,243.48,235.54,269.97,269.97,269.97,269.97,269.94,269.94,269.97,269.97,269.97,269.97,269.97,269.97,269.93,269.93,269.97,269.97,269.97,269.97,269.97,269.97,8.79,7.85,8.79,8.16,8.16,8.16,8.16,25.49,25.49,7.31,7.31,7.6,7.6,7.77,7.77,10.27,10.27,7.9,7.9,7.72,7.72,8.09,8.09,237.96,240.52,240.58,252.6,241.02,252.6,1.19,1.1,1.03,0.31,0.97,0.31,4.35,4.09,3.69,2.15,4.49,2.15
2023-06-19T07:00:00+00:00,16.26,15.97,16.26,14.91,14.91,14.94,14.94,-59.05,-59.05,-13.14,-13.14,7.62,7.62,15.11,15.11,62.93,72.07,62.93,80.48,77.5,80.48,0.39,0.05,0.39,10.87,8.49,10.87,89.93,88.33,89.93,0.0,0.0,0.0,0.0,0.0,1012.09,1012.22,1012.09,0.31,0.31,7.23,7.23,0.27,0.27,4.52,4.52,0.0,0.0,291.94,296.88,332.84,12.5,0.32,12.5,0.36,0.39,0.27,0.34,0.22,0.34,5.59,5.23,4.94,4.44,6.35,4.44,24.13,24.13,16.46,16.31,16.46,212.51,244.5,244.53,314.4,245.48,212.51,1.17,1.28,1.08,1.01,0.54,0.94,1.28,4.29,4.17,3.49,2.78,4.47,4.29,234.77,242.43,234.77,269.97,269.97,269.97,269.97,269.94,269.94,269.97,269.97,269.97,269.97,269.97,269.97,269.92,269.92,269.97,269.97,269.97,269.97,269.97,269.97,8.37,7.51,8.37,7.75,7.75,7.74,7.74,24.1,24.1,6.93,6.93,7.21,7.21,7.37,7.37,9.44,9.44,7.48,7.48,7.39,7.39,7.67,7.67,238.47,239.33,239.55,249.9,242.74,249.9,1.12,1.0,0.95,0.37,0.91,0.37,4.33,4.0,3.63,2.29,4.46,2.29
2023-06-19T08:00:00+00:00,16.32,16.02,16.32,14.94,14.94,15.01,15.01,-59.22,-59.22,-13.23,-13.23,7.68,7.68,15.19,15.19,41.46,44.13,41.46,41.77,78.69,41.77,0.48,0.04,0.48,10.53,8.05,10.53,89.28,88.17,89.28,0.0,0.0,0.0,0.0,0.0,1012.53,1012.7,1012.53,0.31,0.31,12.35,12.35,0.2,0.2,3.64,3.64,0.0,0.0,287.57,289.96,302.97,10.0,0.1,10.0,0.38,0.4,0.28,0.33,0.21,0.33,5.55,5.18,4.56,4.53,6.32,4.53,24.13,24.13,16.52,16.36,16.52,211.24,244.42,245.11,300.9,247.37,211.24,1.12,1.22,1.0,0.96,0.55,0.89,1.22,4.25,4.13,3.47,2.75,4.44,4.25,234.01,241.37,234.01,269.97,269.97,269.97,269.97,269.93,269.93,269.97,269.97,269.97,269.97,269.97,269.97,269.91,269.91,269.97,269.97,269.98,269.98,269.97,269.97,7.94,7.18,7.94,7.35,7.35,7.33,7.33,22.72,22.72,6.55,6.55,6.82,6.82,6.96,6.96,8.6,8.6,7.07,7.07,7.06,7.06,7.26,7.26,239.09,238.13,238.52,244.8,244.45,244.8,1.05,0.91,0.87,0.4,0.86,0.4,4.25,3.9,3.57,2.36,4.44,2.36
2023-06-19T09:00:00+00:00,16.27,16.06,16.27,14.98,14.98,15.07,15.07,-59.4,-59.4,-13.31,-13.31,7.74,7.74,15.26,15.26,57.34,16.2,57.34,29.4,85.7,29.4,0.57,0.03,0.57,10.15,7.6,10.15,89.85,88.0,89.85,0.0,0.0,0.0,0.0,0.0,1013.1,1013.19,1013.1,0.31,0.31,17.48,17.48,0.14,0.14,2.77,2.77,0.0,0.0,280.39,283.03,273.09,9.5,359.89,9.5,0.43,0.42,0.3,0.31,0.21,0.31,5.42,5.12,4.18,4.53,6.29,4.53,24.13,24.13,16.64,16.42,16.64,210.38,244.35,245.69,293.0,249.25,210.38,1.06,1.11,0.92,0.9,0.55,0.83,1.11,4.13,4.09,3.45,2.75,4.42,4.13,233.24,240.32,233.24,269.97,269.97,269.97,269.97,269.93,269.93,269.97,269.97,269.97,269.97,269.97,269.97,269.9,269.9,269.97,269.97,269.98,269.98,269.97,269.97,7.52,6.84,7.52,6.94,6.94,6.91,6.91,21.33,21.33,6.17,6.17,6.43,6.43,6.56,6.56,7.77,7.77,6.65,6.65,6.73,6.73,6.84,6.84,238.18,236.94,237.49,240.2,246.17,240.2,0.98,0.81,0.79,0.41,0.8,0.41,4.14,3.81,3.51,2.41,4.41,2.41
2023-06-19T10:00:00+00:00,16.39,16.24,16.39,15.28,15.28,15.36,15.36,-59.69,-59.69,-13.24,-13.24,7.65,7.65,15.5,15.5,23.2,42.77,23.2,16.81,97.73,16.81,0.54,0.02,0.54,8.94,6.68,8.94,86.61,86.5,86.61,0.0,0.0,0.0,0.0,0.0,1013.41,1013.31,1013.41,0.31,0.31,21.17,21.17,0.12,0.12,2.65,2.65,0.0,0.0,262.78,272.23,263.77,9.2,0.12,9.2,0.59,0.47,0.41,0.3,0.21,0.3,5.09,4.79,3.87,4.47,6.22,4.47,24.13,24.13,16.84,16.47,16.84,208.37,246.38,248.06,293.0,251.24,208.37,0.96,1.0,0.81,0.83,0.54,0.76,1.0,4.03,4.08,3.43,2.78,4.33,4.03,237.01,244.27,237.01,269.97,269.97,269.97,269.97,269.93,269.93,269.97,269.97,269.97,269.97,269.97,269.97,269.91,269.91,269.97,269.97,269.97,269.97,269.97,269.97,6.16,5.82,6.16,6.12,6.12,6.07,6.07,20.67,20.67,5.36,5.36,5.57,5.57,5.7,5.7,8.74,8.74,5.79,5.79,6.23,6.23,5.99,5.99,234.5,238.97,240.64,241.1,248.38,241.1,0.76,0.58,0.54,0.4,0.73,0.4,3.8,3.07,2.51,2.45,4.32,2.45
2023-06-19T11:00:00+00:00,16.56,16.42,16.56,15.58,15.58,15.64,15.64,-59.98,-59.98,-13.17,-13.17,7.56,7.56,15.74,15.74,11.91,69.33,11.91,344.86,98.44,344.86,0.45,0.01,0.45,7.02,5.75,7.02,87.64,85.0,87.64,0.0,0.0,0.0,0.0,0.0,1013.69,1013.44,1013.69,0.31,0.31,24.85,24.85,0.09,0.09,2.52,2.52,0.0,0.0,248.37,261.44,254.45,357.4,0.34,357.4,0.75,0.53,0.53,0.26,0.21,0.26,4.56,4.47,3.57,6.18,6.15,6.18,24.13,24.13,17.08,16.52,17.08,205.35,248.4,250.43,301.4,253.22,205.35,0.81,0.9,0.7,0.75,0.52,0.68,0.9,3.99,4.06,3.4,2.85,4.23,3.99,240.78,248.21,240.78,269.98,269.98,269.98,269.98,269.93,269.93,269.98,269.98,269.98,269.98,269.98,269.98,269.92,269.92,269.98,269.98,269.97,269.97,269.98,269.98,4.79,4.81,4.79,5.29,5.29,5.24,5.24,20.02,20.02,4.56,4.56,4.72,4.72,4.83,4.83,9.71,9.71,4.92,4.92,5.72,5.72,5.14,5.14,236.64,241.0,243.79,248.6,250.58,248.6,0.31,0.34,0.29,0.35,0.65,0.35,2.47,2.34,1.51,2.46,4.22,2.46
2023-06-19T12:00:00+00:00,16.89,16.6,16.89,15.88,15.88,15.92,15.92,-60.27,-60.27,-13.1,-13.1,7.48,7.48,15.98,15.98,0.0,95.9,0.0,279.29,335.44,279.29,0.65,0.01,0.65,5.31,4.83,5.31,87.22,83.5,87.22,0.0,0.0,0.0,0.0,0.0,1013.1,1013.57,1013.1,0.31,0.31,28.54,28.54,0.07,0.07,2.4,2.4,0.0,0.0,245.97,250.64,245.13,355.0,0.57,355.0,0.63,0.58,0.64,0.26,0.21,0.26,4.23,4.14,3.26,6.48,6.08,6.48,24.13,24.13,17.3,16.57,17.3,202.05,250.43,252.8,309.7,255.21,202.05,0.65,0.82,0.59,0.68,0.49,0.61,0.82,3.98,4.05,3.38,3.01,4.14,3.98,244.55,252.16,244.55,269.98,269.98,269.98,269.98,269.93,269.93,269.98,269.98,269.98,269.98,269.98,269.98,269.93,269.93,269.98,269.98,269.96,269.96,269.98,269.98,3.43,3.79,3.43,4.47,4.47,4.4,4.4,19.36,19.36,3.75,3.75,3.86,3.86,3.97,3.97,10.68,10.68,4.06,4.06,5.22,5.22,4.29,4.29,255.25,243.03,246.94,264.3,252.79,264.3,0.14,0.11,0.04,0.26,0.58,0.26,1.85,1.6,0.51,2.35,4.13,2.35
2023-06-19T13:00:00+00:00,16.89,16.81,16.89,16.33,16.33,16.33,16.33,-59.93,-59.93,-12.91,-12.91,7.89,7.89,16.29,16.29,0.35,92.1,0.35,248.89,312.73,248.89,0.87,0.02,0.87,3.51,3.83,3.51,86.89,81.7,86.89,0.0,0.0,0.0,0.0,0.0,1012.95,1013.3,1012.95,0.31,0.31,20.11,20.11,0.12,0.12,3.58,3.58,0.0,0.0,250.53,253.44,247.04,351.5,326.41,351.5,0.56,0.53,0.58,0.31,0.28,0.31,4.17,4.13,3.21,5.7,5.36,5.7,24.13,24.13,17.49,16.67,17.49,198.88,253.3,257.12,314.4,255.99,198.88,0.56,0.75,0.54,0.62,0.48,0.56,0.75,3.96,4.07,3.38,3.19,4.08,3.96,260.2,268.52,260.2,269.99,269.99,269.99,269.99,269.92,269.92,270.0,270.0,270.0,270.0,270.0,270.0,269.93,269.93,270.0,270.0,269.95,269.95,269.99,269.99,2.58,3.1,2.58,3.68,3.68,3.61,3.61,18.42,18.42,3.01,3.01,3.1,3.1,3.19,3.19,10.45,10.45,3.27,3.27,4.82,4.82,3.48,3.48,180.0,222.02,291.68,292.4,256.58,292.4,0.0,0.07,0.03,0.11,0.45,0.11,1.0,1.4,0.34,1.79,3.56,1.79
2023-06-19T14:00:00+00:00,17.03,17.02,17.03,16.79,16.79,16.75,16.75,-59.59,-59.59,-12.73,-12.73,8.3,8.3,16.6,16.6,0.5,88.3,0.5,233.96,314.47,233.96,0.81,0.05,0.81,2.31,2.84,2.31,85.69,79.9,85.69,0.0,0.0,0.0,0.0,0.0,1012.95,1013.03,1012.95,0.31,0.31,11.68,11.68,0.17,0.17,4.76,4.76,0.0,0.0,255.29,256.25,248.96,354.9,292.26,354.9,0.5,0.48,0.52,0.31,0.35,0.31,4.24,4.12,3.15,5.91,4.64,5.91,24.13,24.13,17.66,16.76,17.66,196.1,256.18,261.44,323.2,256.77,196.1,0.5,0.68,0.48,0.57,0.45,0.52,0.68,3.96,4.09,3.37,3.31,4.02,3.96,275.85,284.87,275.85,270.01,270.01,270.01,270.01,269.92,269.92,270.01,270.01,270.01,270.01,270.01,270.01,269.92,269.92,270.01,270.01,269.94,269.94,270.01,270.01,1.74,2.41,1.74,2.9,2.9,2.83,2.83,17.48,17.48,2.28,2.28,2.33,2.33,2.42,2.42,10.21,10.21,2.49,2.49,4.43,4.43,2.68,2.68,180.0,201.01,336.41,314.2,260.38,314.2,0.0,0.04,0.01,0.07,0.33,0.07,1.0,1.2,0.17,1.6,2.99,1.6
2023-06-19T15:00:00+00:00,17.1,17.24,17.1,17.25,17.25,17.17,17.17,-59.25,-59.25,-12.55,-12.55,8.71,8.71,16.91,16.91,0.13,84.5,0.13,222.95,317.47,222.95,0.7,0.07,0.7,1.75,1.84,1.75,84.34,78.1,84.34,0.0,0.0,0.0,0.0,0.0,1012.7,1012.76,1012.7,0.31,0.31,3.25,3.25,0.22,0.22,5.94,5.94,0.0,0.0,260.28,259.05,250.87,2.1,258.1,2.1,0.46,0.43,0.46,0.34,0.42,0.34,4.29,4.11,3.1,5.35,3.92,5.35,24.13,24.13,17.81,16.85,17.81,193.55,259.05,265.76,334.1,257.55,193.55,0.46,0.61,0.43,0.51,0.42,0.47,0.61,3.97,4.11,3.37,3.46,3.96,3.97,291.5,301.23,291.5,270.02,270.02,270.02,270.02,269.91,269.91,270.03,270.03,270.03,270.03,270.03,270.03,269.92,269.92,270.03,270.03,269.93,269.93,270.02,270.02,0.89,1.72,0.89,2.11,2.11,2.04,2.04,16.54,16.54,1.54,1.54,1.57,1.57,1.64,1.64,9.98,9.98,1.7,1.7,4.03,4.03,1.87,1.87,180.0,180.0,21.15,358.5,264.17,358.5,0.0,0.0,0.0,0.0,0.2,0.0,1.0,1.0,0.0,0.08,2.42,0.08
2023-06-19T16:00:00+00:00,17.09,17.34,17.09,17.36,17.36,17.29,17.29,-59.2,-59.2,-12.65,-12.65,8.6,8.6,17.07,17.07,100.0,89.67,100.0,201.08,320.28,201.08,0.49,0.12,0.49,1.35,1.94,1.35,84.38,77.07,84.38,0.0,0.0,0.0,0.0,0.0,1012.33,1012.71,1012.33,0.31,0.31,3.13,3.13,0.22,0.22,5.94,5.94,0.0,0.0,265.02,262.42,251.78,2.8,301.55,2.8,0.42,0.4,0.42,0.32,0.3,0.32,4.34,4.14,3.06,5.48,4.2,5.48,24.13,24.13,17.87,16.86,17.87,192.19,262.42,269.48,339.6,257.45,192.19,0.42,0.55,0.4,0.48,0.39,0.44,0.55,3.98,4.14,3.38,3.57,3.9,3.98,338.59,333.14,338.59,209.96,209.96,209.97,209.97,269.92,269.92,209.99,209.99,209.99,209.99,209.99,209.99,269.9,269.9,209.99,209.99,269.91,269.91,209.98,209.98,1.1,1.87,1.1,1.62,1.62,1.6,1.6,17.73,17.73,1.45,1.45,1.46,1.46,1.49,1.49,8.63,8.63,1.52,1.52,3.54,3.54,1.56,1.56,180.0,180.0,29.53,347.4,316.93,347.4,0.0,0.0,0.01,0.07,0.16,0.07,1.0,1.0,0.33,2.13,2.0,2.13
2023-06-19T17:00:00+00:00,16.8,17.45,16.8,17.48,17.48,17.42,17.42,-59.14,-59.14,-12.75,-12.75,8.49,8.49,17.23,17.23,100.0,94.83,100.0,155.41,326.04,155.41,0.4,0.15,0.4,1.45,2.04,1.45,88.87,76.03,88.87,0.0,0.0,0.0,0.0,0.0,1011.74,1012.66,1011.74,0.31,0.31,3.02,3.02,0.21,0.21,5.95,5.95,0.0,0.0,269.2,265.8,252.69,2.3,344.99,2.3,0.39,0.38,0.39,0.3,0.17,0.3,4.38,4.17,3.03,5.59,4.49,5.59,24.14,24.14,17.55,16.86,17.55,191.12,265.8,273.21,341.8,257.36,191.12,0.39,0.5,0.38,0.45,0.37,0.41,0.5,3.97,4.17,3.38,3.62,3.83,3.97,25.67,5.04,25.67,149.91,149.91,149.92,149.92,269.92,269.92,149.96,149.96,149.96,149.96,149.96,149.96,269.88,269.88,149.95,149.95,269.9,269.9,149.94,149.94,1.31,2.03,1.31,1.14,1.14,1.17,1.17,18.92,18.92,1.36,1.36,1.36,1.36,1.35,1.35,7.29,7.29,1.33,1.33,3.05,3.05,1.26,1.26,180.0,180.0,37.92,9.3,9.69,9.3,0.0,0.0,0.01,0.09,0.12,0.09,1.0,1.0,0.66,2.7,1.57,2.7
2023-06-19T18:00:00+00:00,16.92,17.55,16.92,17.59,17.59,17.54,17.54,-59.09,-59.09,-12.84,-12.84,8.37,8.37,17.39,17.39,100.0,100.0,100.0,115.02,328.51,115.02,0.45,0.13,0.45,1.66,2.13,1.66,88.08,75.0,88.08,0.0,0.0,0.0,0.0,0.0,1011.86,1012.61,1011.86,0.31,0.31,2.9,2.9,0.21,0.21,5.95,5.95,0.0,0.0,272.81,269.17,253.6,0.6,28.44,0.6,0.37,0.35,0.35,0.28,0.05,0.28,4.41,4.2,2.99,5.62,4.77,5.62,24.14,24.14,17.13,16.87,17.13,190.2,269.17,276.93,344.1,257.26,190.2,0.37,0.46,0.35,0.42,0.35,0.38,0.46,3.95,4.2,3.39,3.66,3.77,3.95,72.76,36.95,72.76,89.85,89.85,89.87,89.87,269.93,269.93,89.92,89.92,89.92,89.92,89.92,89.92,269.86,269.86,89.91,89.91,269.88,269.88,89.9,89.9,1.52,2.18,1.52,0.65,0.65,0.73,0.73,20.11,20.11,1.27,1.27,1.25,1.25,1.2,1.2,5.94,5.94,1.15,1.15,2.56,2.56,0.95,0.95,180.0,180.0,46.3,31.7,62.45,31.7,0.0,0.0,0.02,0.09,0.08,0.09,1.0,1.0,0.99,3.15,1.15,3.15
2023-06-19T19:00:00+00:00,17.11,17.59,17.11,17.83,17.83,17.77,17.77,-59.51,-59.51,-12.57,-12.57,8.37,8.37,17.55,17.55,100.0,100.0,100.0,87.09,326.32,87.09,0.51,0.13,0.51,2.07,3.16,2.07,85.62,75.47,85.62,0.0,0.0,0.0,0.0,0.0,1012.09,1012.46,1012.09,0.31,0.31,2.07,2.07,0.2,0.2,5.95,5.95,0.0,0.0,276.16,274.05,253.79,359.9,28.71,359.9,0.36,0.33,0.32,0.27,0.05,0.27,4.43,4.24,2.94,5.53,4.71,5.53,24.14,24.14,16.96,16.76,16.96,188.75,274.08,280.91,345.6,291.17,188.75,0.35,0.42,0.33,0.4,0.33,0.36,0.42,3.97,4.23,3.37,3.61,4.5,3.97,64.61,48.77,64.61,89.89,89.89,89.91,89.91,269.93,269.93,89.94,89.94,89.94,89.94,89.94,89.94,269.89,269.89,89.93,89.93,209.96,209.96,89.93,89.93,1.93,3.03,1.93,2.11,2.11,2.17,2.17,19.81,19.81,2.39,2.39,2.42,2.42,2.42,2.42,6.61,6.61,2.41,2.41,2.71,2.71,2.32,2.32,180.0,136.76,44.4,35.5,65.53,35.5,0.0,0.01,0.03,0.09,0.09,0.09,1.0,1.08,1.14,2.61,1.3,2.61
2023-06-19T20:00:00+00:00,17.09,17.62,17.09,18.06,18.06,18.0,18.0,-59.94,-59.94,-12.3,-12.3,8.37,8.37,17.71,17.71,100.0,100.0,100.0,55.51,326.12,55.51,0.56,0.13,0.56,3.25,4.19,3.25,85.32,75.93,85.32,0.0,0.0,0.0,0.0,0.0,1012.56,1012.3,1012.56,0.31,0.31,1.25,1.25,0.2,0.2,5.96,5.96,0.0,0.0,279.6,278.94,253.98,359.1,28.98,359.1,0.32,0.31,0.3,0.26,0.06,0.26,4.46,4.28,2.9,5.52,4.66,5.52,24.14,24.14,16.94,16.66,16.94,186.37,278.99,284.89,350.1,325.08,186.37,0.32,0.37,0.31,0.37,0.32,0.35,0.37,4.02,4.27,3.34,2.99,5.23,4.02,56.47,60.6,56.47,89.94,89.94,89.94,89.94,269.92,269.92,89.96,89.96,89.96,89.96,89.96,89.96,269.91,269.91,89.96,89.96,150.04,150.04,89.95,89.95,2.33,3.87,2.33,3.58,3.58,3.61,3.61,19.52,19.52,3.52,3.52,3.59,3.59,3.65,3.65,7.29,7.29,3.68,3.68,2.86,2.86,3.7,3.7,180.0,93.53,42.5,39.2,68.61,39.2,0.0,0.01,0.03,0.11,0.11,0.11,1.0,1.17,1.28,1.64,1.44,1.64
2023-06-19T21:00:00+00:00,17.03,17.66,17.03,18.29,18.29,18.22,18.22,-60.36,-60.36,-12.02,-12.02,8.37,8.37,17.87,17.87,94.84,100.0,94.84,36.33,329.45,36.33,0.65,0.13,0.65,4.06,5.21,4.06,84.81,76.4,84.81,0.0,0.0,0.0,0.0,0.0,1012.33,1012.15,1012.33,0.31,0.31,0.42,0.42,0.19,0.19,5.96,5.96,0.0,0.0,283.48,283.82,254.17,359.2,29.25,359.2,0.31,0.29,0.27,0.25,0.06,0.25,4.49,4.32,2.85,5.52,4.6,5.52,24.14,24.14,16.94,16.56,16.94,182.78,283.9,288.87,1.2,358.99,182.78,0.3,0.33,0.29,0.35,0.32,0.33,0.33,4.13,4.3,3.32,2.5,5.96,4.13,48.32,72.42,48.32,89.98,89.98,89.98,89.98,269.92,269.92,89.98,89.98,89.98,89.98,89.98,89.98,269.94,269.94,89.98,89.98,90.12,90.12,89.98,89.98,2.74,4.72,2.74,5.04,5.04,5.05,5.05,19.22,19.22,4.64,4.64,4.76,4.76,4.87,4.87,7.96,7.96,4.94,4.94,3.01,3.01,5.07,5.07,180.0,50.29,40.6,48.8,71.69,48.8,0.0,0.02,0.04,0.16,0.12,0.16,1.0,1.25,1.43,1.54,1.59,1.54
2023-06-19T22:00:00+00:00,17.03,17.62,17.03,18.34,18.34,18.32,18.32,-60.37,-60.37,-12.35,-12.35,8.31,8.31,17.97,17.97,100.0,100.0,100.0,29.97,333.98,29.97,0.57,0.11,0.57,4.3,6.24,4.3,84.08,77.3,84.08,0.0,0.0,0.0,0.04,0.0,1011.87,1011.82,1011.87,0.31,0.31,324.87,324.87,0.17,0.17,5.0,5.0,0.0,0.0,287.98,292.07,254.14,358.3,17.33,358.3,0.28,0.29,0.25,0.24,0.06,0.24,4.54,4.5,2.81,5.72,5.64,5.72,24.14,24.14,16.95,16.51,16.95,172.75,292.22,297.09,8.9,359.09,172.75,0.29,0.31,0.29,0.35,0.34,0.33,0.31,4.0,4.48,2.95,2.39,5.96,4.0,63.44,73.04,63.44,89.98,89.98,89.98,89.98,269.91,269.91,89.98,89.98,89.98,89.98,89.98,89.98,269.92,269.92,89.98,89.98,149.95,149.95,89.98,89.98,2.86,5.02,2.86,6.16,6.16,6.23,6.23,18.8,18.8,5.0,5.0,5.19,5.19,5.38,5.38,7.07,7.07,5.54,5.54,2.53,2.53,6.0,6.0,35.1,63.66,43.1,47.4,69.93,47.4,0.01,0.02,0.09,0.2,0.16,0.2,1.26,1.3,1.44,1.71,1.77,1.71
2023-06-19T23:00:00+00:00,17.16,17.59,17.16,18.39,18.39,18.42,18.42,-60.37,-60.37,-12.68,-12.68,8.26,8.26,18.06,18.06,100.0,100.0,100.0,5.09,338.27,5.09,0.44,0.08,0.44,4.56,7.27,4.56,83.03,78.2,83.03,0.0,0.0,0.0,0.07,0.0,1011.62,1011.5,1011.62,0.31,0.31,289.31,289.31,0.15,0.15,4.05,4.05,0.0,0.0,293.08,300.32,254.11,355.2,5.41,355.2,0.27,0.29,0.22,0.22,0.07,0.22,4.6,4.69,2.78,6.1,6.69,6.1,24.14,24.14,16.96,16.45,16.96,132.97,300.53,305.31,11.1,359.2,132.97,0.27,0.32,0.29,0.34,0.35,0.32,0.32,3.7,4.66,2.57,2.53,5.95,3.7,78.57,73.65,78.57,89.99,89.99,89.99,89.99,269.91,269.91,89.98,89.98,89.99,89.99,89.99,89.99,269.9,269.9,89.99,89.99,209.79,209.79,89.99,89.99,2.99,5.32,2.99,7.28,7.28,7.4,7.4,18.39,18.39,5.37,5.37,5.63,5.63,5.89,5.89,6.19,6.19,6.15,6.15,2.04,2.04,6.94,6.94,38.73,77.03,45.59,36.7,68.18,36.7,0.02,0.03,0.13,0.24,0.2,0.24,1.28,1.35,1.44,2.08,1.95,2.08
2023-06-20T00:00:00+00:00,17.73,17.55,17.73,18.43,18.43,18.52,18.52,-60.38,-60.38,-13.0,-13.0,8.2,8.2,18.16,18.16,100.0,100.0,100.0,290.87,168.89,290.87,0.46,0.08,0.46,4.7,8.3,4.7,80.98,79.1,80.98,0.0,0.0,0.0,0.11,0.0,1011.53,1011.17,1011.53,0.31,0.31,253.76,253.76,0.13,0.13,3.09,3.09,0.0,0.0,308.54,308.57,254.08,354.16,353.49,354.16,0.28,0.29,0.2,0.22,0.07,0.22,5.1,4.87,2.74,6.05,7.73,6.05,24.14,24.14,18.09,16.4,18.09,47.0,308.85,313.53,8.56,359.3,47.0,0.27,0.33,0.29,0.34,0.36,0.32,0.33,3.42,4.84,2.2,2.54,5.95,3.42,93.69,74.27,93.69,89.99,89.99,89.99,89.99,269.9,269.9,89.98,89.98,89.99,89.99,89.99,89.99,269.88,269.88,89.99,89.99,269.62,269.62,89.99,89.99,3.11,5.62,3.11,8.4,8.4,8.58,8.58,17.97,17.97,5.73,5.73,6.06,6.06,6.4,6.4,5.3,5.3,6.75,6.75,1.56,1.56,7.87,7.87,94.77,90.4,48.09,33.57,66.42,33.57,0.03,0.03,0.18,0.25,0.24,0.25,1.3,1.4,1.45,2.11,2.13,2.11
2023-06-20T01:00:00+00:00,18.08,17.64,18.08,18.34,18.34,18.39,18.39,-60.66,-60.66,-12.74,-12.74,8.15,8.15,18.16,18.16,100.0,100.0,100.0,248.34,158.73,248.34,0.76,0.1,0.76,5.39,8.71,5.39,83.62,79.83,83.62,0.0,0.0,0.32,0.07,0.32,1011.23,1010.78,1011.23,0.31,0.31,280.46,280.46,0.12,0.12,3.93,3.93,0.0,0.0,312.39,316.51,289.99,353.11,322.59,353.11,0.26,0.28,0.19,0.22,0.08,0.22,5.08,4.82,3.62,5.99,6.61,5.99,24.14,24.14,18.07,16.42,18.07,37.04,320.42,321.4,6.01,359.29,37.04,0.26,0.33,0.29,0.31,0.37,0.31,0.33,3.37,4.59,2.34,2.56,5.94,3.37,105.78,81.89,105.78,90.0,90.0,90.0,90.0,269.85,269.85,89.99,89.99,90.0,90.0,90.0,90.0,210.82,210.82,90.0,90.0,209.78,209.78,90.0,90.0,3.35,5.92,3.35,8.54,8.54,8.72,8.72,14.32,14.32,6.12,6.12,6.51,6.51,6.86,6.86,3.62,3.62,7.19,7.19,2.26,2.26,8.16,8.16,113.44,99.81,63.88,30.44,68.31,30.44,0.05,0.06,0.16,0.27,0.24,0.27,1.28,1.42,1.45,2.14,2.24,2.14
2023-06-20T02:00:00+00:00,17.9,17.72,17.9,18.25,18.25,18.26,18.26,-60.94,-60.94,-12.48,-12.48,8.11,8.11,18.16,18.16,100.0,100.0,100.0,232.34,160.22,232.34,0.81,0.14,0.81,5.54,9.13,5.54,85.54,80.57,85.54,0.0,0.0,0.0,0.04,0.0,1010.68,1010.38,1010.68,0.31,0.31,307.17,307.17,0.1,0.1,4.78,4.78,0.0,0.0,314.98,324.45,325.9,352.07,291.69,352.07,0.26,0.26,0.19,0.22,0.08,0.22,4.68,4.78,4.51,5.94,5.5,5.94,24.13,24.13,18.05,16.44,18.05,43.69,331.98,329.26,3.47,359.28,43.69,0.26,0.31,0.28,0.29,0.38,0.31,0.31,3.5,4.34,2.49,2.57,5.94,3.5,117.86,89.52,117.86,90.0,90.0,90.0,90.0,269.81,269.81,90.0,90.0,90.0,90.0,90.0,90.0,151.75,151.75,90.0,90.0,149.94,149.94,90.0,90.0,3.58,6.23,3.58,8.68,8.68,8.85,8.85,10.67,10.67,6.52,6.52,6.95,6.95,7.31,7.31,1.94,1.94,7.64,7.64,2.95,2.95,8.46,8.46,116.4,109.22,79.68,27.31,70.21,27.31,0.07,0.09,0.14,0.28,0.23,0.28,1.25,1.45,1.44,2.17,2.36,2.17
2023-06-20T03:00:00+00:00,17.97,17.8,17.97,18.15,18.15,18.13,18.13,-61.23,-61.23,-12.22,-12.22,8.06,8.06,18.16,18.16,100.0,100.0,100.0,223.97,168.66,223.97,0.83,0.17,0.83,5.68,9.54,5.68,84.33,81.3,84.33,0.0,0.0,0.0,0.0,0.0,1010.05,1009.99,1010.05,0.31,0.31,333.87,333.87,0.09,0.09,5.62,5.62,0.0,0.0,315.39,332.39,1.81,351.02,260.79,351.02,0.24,0.25,0.18,0.22,0.09,0.22,4.69,4.73,5.39,5.88,4.38,5.88,24.13,24.13,18.04,16.45,18.04,47.58,343.55,337.13,0.92,359.27,47.58,0.26,0.29,0.28,0.26,0.39,0.3,0.29,3.6,4.09,2.63,2.58,5.93,3.6,129.95,97.14,129.95,90.01,90.01,90.01,90.01,269.76,269.76,90.01,90.01,90.01,90.01,90.01,90.01,92.69,92.69,90.01,90.01,90.1,90.1,90.01,90.01,3.82,6.53,3.82,8.82,8.82,8.99,8.99,7.02,7.02,6.91,6.91,7.4,7.4,7.77,7.77,0.26,0.26,8.08,8.08,3.65,3.65,8.75,8.75,120.31,118.63,95.47,24.19,72.1,24.19,0.11,0.12,0.12,0.29,0.23,0.29,1.54,1.47,1.44,2.19,2.47,2.19
2023-06-20T04:00:00+00:00,17.99,17.63,17.99,17.75,17.75,17.71,17.71,-60.15,-60.15,-12.05,-12.05,8.1,8.1,17.75,17.75,100.0,100.0,100.0,222.35,178.24,222.35,0.69,0.19,0.69,6.04,7.47,6.04,85.53,83.27,85.53,0.0,0.0,-0.0,0.01,-0.0,1009.85,1009.91,1009.85,0.31,0.31,343.89,343.89,0.11,0.11,5.52,5.52,0.0,0.0,330.27,352.5,2.06,349.98,291.03,349.98,0.24,0.25,0.17,0.22,0.09,0.22,4.73,4.52,5.31,5.83,5.22,5.83,24.13,24.13,18.04,16.47,18.04,45.44,18.99,4.34,358.38,358.97,45.44,0.28,0.28,0.3,0.28,0.4,0.31,0.28,3.61,3.81,2.39,2.6,5.92,3.61,131.93,110.08,131.93,90.03,90.03,90.03,90.03,269.79,269.79,90.03,90.03,90.03,90.03,90.03,90.03,151.78,151.78,90.03,90.03,90.2,90.2,90.03,90.03,4.08,5.43,4.08,6.57,6.57,6.66,6.66,7.52,7.52,5.35,5.35,5.67,5.67,5.91,5.91,3.53,3.53,6.11,6.11,2.81,2.81,6.52,6.52,120.57,122.43,103.12,21.06,93.82,21.06,0.16,0.15,0.16,0.31,0.22,0.31,1.79,1.65,1.52,2.22,2.33,2.22
2023-06-20T05:00:00+00:00,17.82,17.45,17.82,17.34,17.34,17.29,17.29,-59.07,-59.07,-11.88,-11.88,8.14,8.14,17.35,17.35,100.0,100.0,100.0,207.72,187.07,207.72,0.39,0.2,0.39,6.31,5.4,6.31,87.53,85.23,87.53,0.0,0.0,0.01,0.03,0.01,1009.83,1009.84,1009.83,0.31,0.31,353.92,353.92,0.13,0.13,5.43,5.43,0.0,0.0,356.58,12.61,2.32,348.93,321.28,348.93,0.23,0.25,0.17,0.22,0.08,0.22,4.62,4.31,5.23,5.78,6.07,5.78,24.14,24.14,18.05,16.5,18.05,41.31,54.44,31.54,355.83,358.66,41.31,0.3,0.28,0.31,0.31,0.42,0.31,0.28,3.56,3.53,2.16,2.61,5.92,3.56,133.9,123.02,133.9,90.06,90.06,90.06,90.06,269.82,269.82,90.04,90.04,90.04,90.04,90.05,90.05,210.86,210.86,90.05,90.05,90.31,90.31,90.06,90.06,4.34,4.33,4.34,4.32,4.32,4.34,4.34,8.03,8.03,3.79,3.79,3.95,3.95,4.06,4.06,6.81,6.81,4.14,4.14,1.97,1.97,4.3,4.3,129.4,126.23,110.77,17.93,115.55,17.93,0.19,0.18,0.21,0.32,0.22,0.32,1.95,1.84,1.59,2.25,2.18,2.25
2023-06-20T06:00:00+00:00,17.76,17.28,17.76,16.94,16.94,16.87,16.87,-57.99,-57.99,-11.71,-11.71,8.18,8.18,16.94,16.94,100.0,100.0,100.0,129.14,196.24,129.14,0.24,0.2,0.24,6.57,3.34,6.57,89.03,87.2,89.03,0.0,0.0,0.0,0.04,0.0,1009.98,1009.77,1009.98,0.31,0.31,3.94,3.94,0.15,0.15,5.33,5.33,0.0,0.0,9.03,32.72,2.57,347.89,351.52,347.89,0.24,0.25,0.16,0.22,0.08,0.22,4.59,4.1,5.15,5.72,6.91,5.72,24.14,24.14,18.06,16.52,18.06,32.2,89.88,58.75,353.29,358.36,32.2,0.32,0.3,0.33,0.33,0.43,0.32,0.3,3.4,3.25,1.92,2.62,5.91,3.4,135.88,135.96,135.88,90.08,90.08,90.08,90.08,269.85,269.85,90.06,90.06,90.06,90.06,90.07,90.07,269.95,269.95,90.07,90.07,90.41,90.41,90.08,90.08,4.6,3.23,4.6,2.07,2.07,2.01,2.01,8.53,8.53,2.23,2.23,2.22,2.22,2.2,2.2,10.08,10.08,2.17,2.17,1.13,1.13,2.07,2.07,128.13,130.03,118.42,14.8,137.27,14.8,0.22,0.21,0.25,0.33,0.21,0.33,2.08,2.02,1.67,2.28,2.04,2.28
2023-06-20T07:00:00+00:00,17.79,17.6,17.79,17.44,17.44,17.38,17.38,-57.69,-57.69,-11.84,-11.84,8.38,8.38,17.45,17.45,100.0,100.0,100.0,87.12,207.63,87.12,0.45,0.21,0.45,6.6,3.36,6.6,89.62,87.83,89.62,0.0,0.0,0.0,0.04,0.0,1009.94,1009.7,1009.94,0.31,0.31,19.02,19.02,0.14,0.14,4.51,4.51,0.0,0.0,17.76,45.83,2.83,346.84,315.12,346.84,0.23,0.26,0.15,0.22,0.06,0.22,4.59,3.98,5.11,5.67,5.19,5.67,24.14,24.14,18.1,16.54,18.1,17.93,92.99,80.53,350.74,51.22,17.93,0.34,0.31,0.33,0.34,0.44,0.33,0.31,3.24,3.22,2.06,2.64,4.73,3.24,133.29,141.07,133.29,90.1,90.1,90.1,90.1,269.79,269.79,90.08,90.08,90.08,90.08,90.09,90.09,269.93,269.93,90.09,90.09,150.22,150.22,90.1,90.1,4.44,3.27,4.44,1.97,1.97,1.94,1.94,7.19,7.19,2.03,2.03,2.04,2.04,2.03,2.03,9.69,9.69,2.02,2.02,1.88,1.88,1.97,1.97,125.43,129.6,126.74,11.67,146.37,11.67,0.25,0.2,0.26,0.35,0.23,0.35,2.16,2.02,1.84,2.31,2.14,2.31
2023-06-20T08:00:00+00:00,17.93,17.93,17.93,17.95,17.95,17.89,17.89,-57.4,-57.4,-11.96,-11.96,8.58,8.58,17.95,17.95,100.0,100.0,100.0,59.66,221.11,59.66,0.57,0.21,0.57,6.44,3.38,6.44,91.28,88.47,91.28,0.0,0.0,-0.0,0.03,-0.0,1009.51,1009.64,1009.51,0.31,0.31,34.09,34.09,0.14,0.14,3.7,3.7,0.0,0.0,33.79,58.95,3.09,345.8,278.73,345.8,0.24,0.26,0.15,0.22,0.05,0.22,4.44,3.86,5.08,5.61,3.48,5.61,24.14,24.14,18.18,16.57,18.18,7.33,96.1,102.31,348.2,104.08,7.33,0.35,0.32,0.33,0.35,0.45,0.33,0.32,3.17,3.18,2.19,2.65,3.55,3.17,130.71,146.19,130.71,90.12,90.12,90.13,90.13,269.74,269.74,90.09,90.09,90.09,90.09,90.1,90.1,269.92,269.92,90.1,90.1,210.02,210.02,90.12,90.12,4.29,3.31,4.29,1.86,1.86,1.86,1.86,5.85,5.85,1.84,1.84,1.85,1.85,1.86,1.86,9.31,9.31,1.86,1.86,2.63,2.63,1.87,1.87,127.38,129.16,135.07,8.54,155.46,8.54,0.25,0.2,0.28,0.36,0.24,0.36,2.19,2.03,2.01,2.34,2.23,2.34
2023-06-20T09:00:00+00:00,18.23,18.25,18.23,18.45,18.45,18.4,18.4,-57.1,-57.1,-12.09,-12.09,8.79,8.79,18.46,18.46,100.0,100.0,100.0,39.27,234.47,39.27,0.71,0.2,0.71,6.3,3.4,6.3,92.15,89.1,92.15,0.0,0.0,0.0,0.02,0.0,1009.41,1009.57,1009.41,0.31,0.31,49.17,49.17,0.13,0.13,2.88,2.88,0.0,0.0,48.74,72.06,3.35,344.75,242.33,344.75,0.25,0.27,0.14,0.22,0.03,0.22,4.24,3.74,5.04,5.56,1.76,5.56,24.14,24.14,18.31,16.59,18.31,7.9,99.21,124.09,345.65,156.94,7.9,0.34,0.31,0.33,0.36,0.46,0.34,0.31,3.25,3.15,2.33,2.66,2.37,3.25,128.12,151.3,128.12,90.14,90.14,90.15,90.15,269.68,269.68,90.11,90.11,90.11,90.11,90.12,90.12,269.9,269.9,90.12,90.12,269.83,269.83,90.14,90.14,4.13,3.35,4.13,1.76,1.76,1.79,1.79,4.51,4.51,1.64,1.64,1.67,1.67,1.69,1.69,8.92,8.92,1.71,1.71,3.38,3.38,1.77,1.77,131.07,128.73,143.39,5.41,164.56,5.41,0.23,0.19,0.29,0.37,0.26,0.37,2.13,2.03,2.18,2.36,2.33,2.36
2023-06-20T10:00:00+00:00,18.62,18.37,18.62,18.65,18.65,18.59,18.59,-56.47,-56.47,-12.4,-12.4,9.01,9.01,18.67,18.67,100.0,92.2,100.0,35.89,245.9,35.89,0.64,0.19,0.64,6.83,5.65,6.83,89.89,89.9,89.89,0.0,0.0,1.05,0.02,1.05,1008.99,1009.79,1008.99,0.31,0.31,48.73,48.73,0.12,0.12,2.9,2.9,0.0,0.0,77.11,72.12,47.65,343.71,281.01,343.71,0.28,0.26,0.16,0.21,0.07,0.21,3.83,3.74,4.07,5.51,3.28,5.51,24.14,24.14,18.49,16.73,18.49,9.83,104.42,136.6,343.11,172.52,9.83,0.31,0.29,0.32,0.36,0.47,0.36,0.29,3.34,3.13,2.34,2.68,2.47,3.34,142.88,171.67,142.88,150.06,150.06,150.07,150.07,269.74,269.74,150.04,150.04,150.04,150.04,150.05,150.05,269.9,269.9,150.05,150.05,269.82,269.82,150.06,150.06,4.27,4.34,4.27,2.84,2.84,2.88,2.88,6.19,6.19,2.34,2.34,2.49,2.49,2.58,2.58,8.8,8.8,2.67,2.67,3.43,3.43,2.83,2.83,126.73,140.97,162.42,2.29,178.0,2.29,0.13,0.19,0.27,0.38,0.29,0.38,1.72,2.03,2.18,2.39,2.44,2.39
2023-06-20T11:00:00+00:00,18.67,18.49,18.67,18.84,18.84,18.79,18.79,-55.83,-55.83,-12.71,-12.71,9.22,9.22,18.88,18.88,100.0,84.4,100.0,22.81,255.51,22.81,0.5,0.17,0.5,6.86,7.89,6.86,92.62,90.7,92.62,0.0,0.0,0.14,0.02,0.14,1009.56,1010.01,1009.56,0.31,0.31,48.29,48.29,0.1,0.1,2.91,2.91,0.0,0.0,50.19,72.19,91.94,342.66,319.68,342.66,0.24,0.26,0.19,0.21,0.12,0.21,4.15,3.75,3.11,5.45,4.81,5.45,24.14,24.14,18.73,16.86,18.73,10.84,109.64,149.12,340.56,188.1,10.84,0.3,0.27,0.32,0.36,0.48,0.37,0.27,3.43,3.11,2.36,2.69,2.56,3.43,157.65,192.03,157.65,209.98,209.98,209.98,209.98,269.81,269.81,209.98,209.98,209.98,209.98,209.98,209.98,269.91,269.91,209.98,209.98,269.81,269.81,209.98,209.98,4.4,5.33,4.4,3.93,3.93,3.98,3.98,7.86,7.86,3.04,3.04,3.3,3.3,3.48,3.48,8.69,8.69,3.63,3.63,3.47,3.47,3.9,3.9,155.58,153.21,181.44,359.16,191.43,359.16,0.18,0.19,0.25,0.4,0.31,0.4,2.0,2.02,2.17,2.42,2.54,2.42
2023-06-20T12:00:00+00:00,19.3,18.61,19.3,19.03,19.03,18.98,18.98,-55.19,-55.19,-13.02,-13.02,9.44,9.44,19.09,19.09,100.0,76.6,100.0,338.26,266.52,338.26,0.33,0.15,0.33,5.02,10.13,5.02,86.41,91.5,86.41,0.0,0.0,0.03,0.01,0.03,1009.38,1010.24,1009.38,0.31,0.31,47.85,47.85,0.09,0.09,2.93,2.93,0.0,0.0,66.11,72.25,136.24,341.62,358.36,341.62,0.25,0.25,0.21,0.21,0.16,0.21,3.72,3.75,2.14,5.4,6.33,5.4,24.13,24.13,18.94,16.99,18.94,29.61,114.85,161.63,338.02,203.68,29.61,0.25,0.24,0.31,0.36,0.5,0.39,0.24,3.74,3.09,2.37,2.7,2.66,3.74,172.41,212.4,172.41,269.9,269.9,269.9,269.9,269.87,269.87,269.91,269.91,269.91,269.91,269.91,269.91,269.91,269.91,269.91,269.91,269.8,269.8,269.9,269.9,4.54,6.32,4.54,5.01,5.01,5.07,5.07,9.54,9.54,3.74,3.74,4.12,4.12,4.37,4.37,8.57,8.57,4.59,4.59,3.52,3.52,4.96,4.96,180.0,165.45,200.47,356.03,204.87,356.03,0.0,0.19,0.23,0.41,0.34,0.41,1.0,2.02,2.17,2.45,2.65,2.45
2023-06-20T13:00:00+00:00,19.01,18.4,19.01,18.82,18.82,18.81,18.81,-54.72,-54.72,-13.08,-13.08,9.49,9.49,18.84,18.84,100.0,84.4,100.0,260.38,278.24,260.38,0.6,0.13,0.6,3.47,10.5,3.47,88.71,91.23,88.71,0.0,0.0,0.25,0.01,0.25,1008.85,1010.19,1008.85,0.31,0.31,45.49,45.49,0.08,0.08,3.01,3.01,0.0,0.0,60.43,88.27,155.19,340.57,358.63,340.57,0.23,0.26,0.21,0.21,0.16,0.21,3.8,3.62,2.21,5.34,6.28,5.34,24.13,24.13,19.12,16.96,19.12,43.1,118.63,178.65,335.47,206.43,43.1,0.23,0.22,0.3,0.34,0.51,0.4,0.22,3.97,3.13,2.41,2.72,2.75,3.97,189.84,224.04,189.84,269.92,269.92,269.92,269.92,269.88,269.88,269.93,269.93,269.93,269.93,269.93,269.93,269.91,269.91,269.93,269.93,269.84,269.84,269.92,269.92,4.12,6.17,4.12,6.11,6.11,6.28,6.28,10.63,10.63,4.46,4.46,4.89,4.89,5.19,5.19,8.97,8.97,5.44,5.44,5.01,5.01,6.02,6.02,180.0,182.24,203.83,352.9,206.51,352.9,0.0,0.15,0.19,0.42,0.36,0.42,1.0,1.84,2.01,2.48,2.74,2.48
2023-06-20T14:00:00+00:00,19.1,18.2,19.1,18.61,18.61,18.64,18.64,-54.25,-54.25,-13.14,-13.14,9.55,9.55,18.6,18.6,100.0,92.2,100.0,234.0,281.46,234.0,0.78,0.11,0.78,5.09,10.86,5.09,88.61,90.97,88.61,0.0,0.0,0.0,0.01,0.0,1008.65,1010.15,1008.65,0.31,0.31,43.12,43.12,0.08,0.08,3.1,3.1,0.0,0.0,50.44,104.28,174.15,339.53,358.91,339.53,0.22,0.26,0.21,0.21,0.16,0.21,3.94,3.5,2.27,5.29,6.23,5.29,24.13,24.13,19.26,16.93,19.26,83.59,122.42,195.66,332.93,209.17,83.59,0.22,0.18,0.29,0.33,0.52,0.42,0.18,4.71,3.18,2.44,2.73,2.85,4.71,207.26,235.67,207.26,269.95,269.95,269.95,269.95,269.9,269.9,269.96,269.96,269.96,269.96,269.95,269.95,269.91,269.91,269.95,269.95,269.89,269.89,269.95,269.95,3.69,6.01,3.69,7.21,7.21,7.5,7.5,11.72,11.72,5.19,5.19,5.67,5.67,6.0,6.0,9.38,9.38,6.29,6.29,6.5,6.5,7.07,7.07,180.0,199.04,207.19,349.77,208.16,349.77,0.0,0.12,0.16,0.44,0.37,0.44,1.0,1.66,1.84,2.51,2.84,2.51
2023-06-20T15:00:00+00:00,19.15,17.99,19.15,18.4,18.4,18.47,18.47,-53.78,-53.78,-13.2,-13.2,9.6,9.6,18.35,18.35,100.0,100.0,100.0,225.43,280.46,225.43,0.86,0.1,0.86,6.94,11.22,6.94,88.63,90.7,88.63,0.0,0.0,1.35,0.01,1.35,1008.77,1010.1,1008.77,0.31,0.31,40.76,40.76,0.07,0.07,3.18,3.18,0.0,0.0,36.95,120.3,193.1,338.48,359.18,338.48,0.2,0.27,0.21,0.21,0.16,0.21,4.16,3.37,2.34,5.23,6.18,5.23,24.13,24.13,19.05,16.9,19.05,120.8,126.2,212.68,330.38,211.92,120.8,0.2,0.2,0.28,0.31,0.53,0.43,0.2,4.09,3.22,2.48,2.74,2.94,4.09,224.69,247.31,224.69,269.97,269.97,269.97,269.97,269.91,269.91,269.98,269.98,269.98,269.98,269.97,269.97,269.91,269.91,269.97,269.97,269.93,269.93,269.97,269.97,3.27,5.86,3.27,8.31,8.31,8.71,8.71,12.81,12.81,5.91,5.91,6.44,6.44,6.82,6.82,9.78,9.78,7.14,7.14,7.99,7.99,8.13,8.13,193.16,215.83,210.55,346.64,209.8,346.64,0.04,0.08,0.12,0.45,0.39,0.45,1.42,1.48,1.68,2.53,2.93,2.53
2023-06-20T16:00:00+00:00,18.41,17.57,18.41,17.66,17.66,17.71,17.71,-54.0,-54.0,-13.23,-13.23,9.64,9.64,17.61,17.61,100.0,78.87,100.0,217.89,275.38,217.89,0.84,0.08,0.84,6.81,11.28,6.81,93.4,91.53,93.4,0.0,0.0,0.7,0.01,0.7,1009.2,1010.33,1009.2,0.31,0.31,39.43,39.43,0.07,0.07,3.21,3.21,0.0,0.0,30.43,145.31,241.67,337.44,359.51,337.44,0.19,0.27,0.19,0.21,0.16,0.21,4.31,3.42,3.02,5.18,6.13,5.18,24.13,24.13,18.83,16.82,18.83,186.69,151.94,223.62,327.84,218.78,186.69,0.21,0.25,0.28,0.32,0.54,0.42,0.25,3.29,3.22,2.49,2.76,2.92,3.29,222.88,247.08,222.88,269.97,269.97,269.97,269.97,269.92,269.92,269.98,269.98,269.98,269.98,269.97,269.97,269.91,269.91,269.97,269.97,269.94,269.94,269.97,269.97,3.42,6.69,3.42,8.81,8.81,9.15,9.15,14.23,14.23,6.61,6.61,7.11,7.11,7.45,7.45,10.03,10.03,7.73,7.73,8.59,8.59,8.58,8.58,205.76,217.07,213.45,343.51,218.9,343.51,0.09,0.09,0.15,0.46,0.38,0.46,1.62,1.55,1.79,2.56,2.91,2.56
2023-06-20T17:00:00+00:00,18.2,17.15,18.2,16.91,16.91,16.95,16.95,-54.22,-54.22,-13.25,-13.25,9.68,9.68,16.88,16.88,100.0,57.73,100.0,207.38,257.1,207.38,0.66,0.06,0.66,5.6,11.35,5.6,95.09,92.37,95.09,0.0,0.0,0.0,0.0,0.0,1008.99,1010.55,1008.99,0.31,0.31,38.1,38.1,0.06,0.06,3.23,3.23,0.0,0.0,39.24,170.33,290.23,336.39,359.85,336.39,0.2,0.27,0.16,0.21,0.16,0.21,4.1,3.47,3.7,5.13,6.08,5.13,24.13,24.13,18.74,16.75,18.74,217.02,177.68,234.57,325.29,225.63,217.02,0.24,0.28,0.29,0.32,0.55,0.4,0.28,3.14,3.21,2.49,2.77,2.91,3.14,221.07,246.85,221.07,269.97,269.97,269.97,269.97,269.92,269.92,269.97,269.97,269.97,269.97,269.97,269.97,269.92,269.92,269.97,269.97,269.95,269.95,269.97,269.97,3.56,7.51,3.56,9.3,9.3,9.58,9.58,15.65,15.65,7.32,7.32,7.77,7.77,8.07,8.07,10.29,10.29,8.33,8.33,9.18,9.18,9.04,9.04,218.34,218.31,216.35,340.39,228.0,340.39,0.13,0.11,0.17,0.48,0.36,0.48,1.8,1.62,1.89,2.59,2.89,2.59
2023-06-20T18:00:00+00:00,17.69,16.73,17.69,16.17,16.17,16.19,16.19,-54.45,-54.45,-13.27,-13.27,9.72,9.72,16.14,16.14,100.0,36.6,100.0,189.27,223.32,189.27,0.4,0.07,0.4,4.94,11.41,4.94,94.43,93.2,94.43,0.0,0.0,0.0,0.0,0.0,1009.21,1010.77,1009.21,0.31,0.31,36.77,36.77,0.06,0.06,3.26,3.26,0.0,0.0,218.16,195.34,338.8,335.35,0.18,335.35,0.24,0.27,0.14,0.21,0.16,0.21,3.64,3.52,4.38,5.07,6.03,5.07,24.13,24.13,18.71,16.67,18.71,234.21,203.42,245.51,322.75,232.49,234.21,0.25,0.31,0.29,0.33,0.57,0.39,0.31,2.93,3.21,2.5,2.78,2.89,2.93,219.26,246.62,219.26,269.97,269.97,269.97,269.97,269.93,269.93,269.97,269.97,269.97,269.97,269.97,269.97,269.92,269.92,269.97,269.97,269.96,269.96,269.97,269.97,3.71,8.34,3.71,9.8,9.8,10.02,10.02,17.07,17.07,8.02,8.02,8.44,8.44,8.7,8.7,10.54,10.54,8.92,8.92,9.78,9.78,9.49,9.49,232.39,219.55,219.25,337.26,237.1,337.26,0.09,0.12,0.2,0.49,0.35,0.49,1.63,1.69,2.0,2.62,2.87,2.62
2023-06-20T19:00:00+00:00,17.61,16.79,17.61,16.19,16.19,16.21,16.21,-55.27,-55.27,-13.33,-13.33,9.73,9.73,16.23,16.23,100.0,46.87,100.0,186.31,205.29,186.31,0.32,0.11,0.32,5.77,11.23,5.77,91.07,92.97,91.07,0.0,0.0,0.0,0.0,0.0,1009.6,1011.41,1009.6,0.31,0.31,37.73,37.73,0.05,0.05,2.71,2.71,0.0,0.0,237.18,208.32,315.48,334.3,0.58,334.3,0.24,0.29,0.15,0.21,0.16,0.21,3.66,3.59,4.19,5.02,6.01,5.02,24.13,24.13,18.66,16.64,18.66,227.28,212.44,244.76,320.2,239.22,227.28,0.25,0.32,0.32,0.42,0.58,0.44,0.32,2.87,3.26,2.59,2.8,3.21,2.87,218.1,239.75,218.1,269.96,269.96,269.96,269.96,269.93,269.93,269.96,269.96,269.96,269.96,269.96,269.96,269.92,269.92,269.96,269.96,269.96,269.96,269.96,269.96,3.87,8.42,3.87,9.23,9.23,9.34,9.34,18.56,18.56,7.51,7.51,7.91,7.91,8.16,8.16,10.21,10.21,8.36,8.36,9.36,9.36,8.89,8.89,233.56,219.15,225.08,334.13,239.72,334.13,0.09,0.14,0.32,0.5,0.41,0.5,1.57,1.79,2.28,2.65,3.19,2.65
2023-06-20T20:00:00+00:00,17.56,16.85,17.56,16.21,16.21,16.24,16.24,-56.09,-56.09,-13.38,-13.38,9.73,9.73,16.32,16.32,100.0,57.13,100.0,183.35,205.09,183.35,0.24,0.16,0.24,7.04,11.05,7.04,89.66,92.73,89.66,0.0,0.0,0.0,0.0,0.0,1010.51,1012.04,1010.51,0.31,0.31,38.69,38.69,0.04,0.04,2.16,2.16,0.0,0.0,270.13,221.31,292.16,333.26,0.97,333.26,0.24,0.32,0.17,0.21,0.15,0.21,3.96,3.66,3.99,4.96,5.99,4.96,24.14,24.14,18.6,16.61,18.6,211.75,221.46,244.01,317.66,245.96,211.75,0.29,0.34,0.35,0.51,0.59,0.49,0.34,2.99,3.32,2.67,2.81,3.53,2.99,216.94,232.88,216.94,269.96,269.96,269.96,269.96,269.93,269.93,269.96,269.96,269.96,269.96,269.96,269.96,269.93,269.93,269.96,269.96,269.95,269.95,269.96,269.96,4.03,8.5,4.03,8.67,8.67,8.66,8.66,20.05,20.05,6.99,6.99,7.38,7.38,7.61,7.61,9.87,9.87,7.8,7.8,8.93,8.93,8.28,8.28,228.5,218.74,230.91,331.0,242.35,331.0,0.18,0.15,0.43,0.52,0.46,0.52,2.0,1.88,2.55,2.68,3.52,2.68
2023-06-20T21:00:00+00:00,17.75,16.91,17.75,16.23,16.23,16.27,16.27,-56.91,-56.91,-13.44,-13.44,9.74,9.74,16.41,16.41,66.71,67.4,66.71,180.39,214.94,180.39,0.16,0.2,0.16,7.57,10.86,7.57,87.5,92.5,87.5,0.0,0.0,0.0,0.0,0.0,1010.84,1012.68,1010.84,0.31,0.31,39.65,39.65,0.03,0.03,1.61,1.61,0.0,0.0,274.43,234.29,268.84,332.21,1.37,332.21,0.29,0.34,0.18,0.2,0.15,0.2,4.17,3.73,3.8,4.91,5.97,4.91,24.14,24.14,18.51,16.58,18.51,207.03,230.48,243.26,315.11,252.69,207.03,0.4,0.43,0.38,0.6,0.6,0.54,0.43,3.25,3.37,2.76,2.82,3.85,3.25,215.78,226.01,215.78,269.95,269.95,269.95,269.95,269.93,269.93,269.95,269.95,269.95,269.95,269.95,269.95,269.93,269.93,269.95,269.95,269.95,269.95,269.95,269.95,4.19,8.58,4.19,8.1,8.1,7.98,7.98,21.54,21.54,6.48,6.48,6.85,6.85,7.07,7.07,9.54,9.54,7.24,7.24,8.51,8.51,7.68,7.68,230.92,218.34,236.74,327.87,244.97,327.87,0.28,0.17,0.55,0.53,0.52,0.53,2.36,1.98,2.83,2.7,3.84,2.7
2023-06-20T22:00:00+00:00,17.78,16.92,17.78,16.31,16.31,16.33,16.33,-56.38,-56.38,-13.7,-13.7,9.18,9.18,16.45,16.45,4.21,78.27,4.21,177.44,227.1,177.44,0.08,0.23,0.08,7.87,10.69,7.87,87.1,91.17,87.1,0.0,0.0,0.0,0.0,0.0,1011.06,1012.31,1011.06,0.31,0.31,36.06,36.06,0.04,0.04,2.18,2.18,0.0,0.0,270.96,244.49,273.17,331.17,3.53,331.17,0.35,0.3,0.17,0.2,0.15,0.2,4.28,4.04,4.01,4.86,5.91,4.86,24.14,24.14,18.41,16.5,18.41,206.9,231.44,244.45,312.57,251.59,206.9,0.5,0.53,0.47,0.67,0.61,0.58,0.53,3.53,3.4,2.89,2.84,3.86,3.53,221.59,231.71,221.59,269.96,269.96,269.96,269.96,269.93,269.93,269.96,269.96,269.96,269.96,269.96,269.96,269.92,269.92,269.96,269.96,269.95,269.95,269.96,269.96,5.06,8.15,5.06,8.27,8.27,8.21,8.21,21.06,21.06,6.61,6.61,6.99,6.99,7.22,7.22,9.1,9.1,7.4,7.4,9.24,9.24,7.88,7.88,233.45,222.99,239.47,324.74,245.4,324.74,0.36,0.32,0.63,0.54,0.57,0.54,2.64,2.43,3.01,2.73,3.85,2.73
2023-06-20T23:00:00+00:00,17.54,16.93,17.54,16.39,16.39,16.39,16.39,-55.84,-55.84,-13.97,-13.97,8.63,8.63,16.5,16.5,9.05,89.13,9.05,174.48,237.65,174.48,0.0,0.27,0.0,8.28,10.51,8.28,87.86,89.83,87.86,0.0,0.0,0.0,0.0,0.0,1011.43,1011.94,1011.43,0.31,0.31,32.47,32.47,0.06,0.06,2.76,2.76,0.0,0.0,268.77,254.7,277.5,330.12,5.68,330.12,0.39,0.25,0.15,0.2,0.14,0.2,4.48,4.35,4.21,4.8,5.85,4.8,24.13,24.13,18.31,16.43,18.31,208.76,232.39,245.64,310.02,250.48,208.76,0.57,0.6,0.57,0.74,0.62,0.63,0.6,3.49,3.44,3.02,2.85,3.87,3.49,227.4,237.42,227.4,269.96,269.96,269.96,269.96,269.93,269.93,269.96,269.96,269.96,269.96,269.96,269.96,269.9,269.9,269.96,269.96,269.96,269.96,269.96,269.96,5.93,7.73,5.93,8.45,8.45,8.43,8.43,20.57,20.57,6.75,6.75,7.12,7.12,7.37,7.37,8.67,8.67,7.57,7.57,9.96,9.96,8.08,8.08,238.7,227.63,242.21,321.61,245.82,321.61,0.43,0.47,0.7,0.56,0.61,0.56,2.85,2.88,3.18,2.76,3.87,2.76
2023-06-21T00:00:00+00:00,17.21,16.93,17.21,16.46,16.46,16.45,16.45,-55.3,-55.3,-14.24,-14.24,8.08,8.08,16.55,16.55,93.49,100.0,93.49,171.52,246.46,171.52,0.0,0.28,0.0,8.32,10.33,8.32,88.5,88.5,88.5,0.0,0.0,0.0,0.0,0.0,1011.95,1011.57,1011.95,0.31,0.31,28.88,28.88,0.07,0.07,3.33,3.33,0.0,0.0,271.16,264.9,281.83,329.08,7.84,329.08,0.38,0.21,0.14,0.2,0.14,0.2,4.61,4.66,4.42,4.75,5.79,4.75,24.13,24.13,18.19,16.35,18.19,208.22,233.35,246.83,307.48,249.38,208.22,0.61,0.68,0.66,0.81,0.63,0.67,0.68,3.42,3.47,3.15,2.86,3.88,3.42,233.21,243.12,233.21,269.97,269.97,269.97,269.97,269.93,269.93,269.97,269.97,269.97,269.97,269.97,269.97,269.89,269.89,269.97,269.97,269.96,269.96,269.97,269.97,6.8,7.3,6.8,8.62,8.62,8.66,8.66,20.09,20.09,6.88,6.88,7.26,7.26,7.52,7.52,8.23,8.23,7.73,7.73,10.69,10.69,8.28,8.28,239.82,232.28,244.94,318.49,246.25,318.49,0.49,0.62,0.78,0.57,0.66,0.57,3.03,3.33,3.36,2.79,3.88,2.79
2023-06-21T01:00:00+00:00,16.94,16.79,16.94,16.24,16.24,16.25,16.25,-55.3,-55.3,-14.23,-14.23,7.69,7.69,16.36,16.36,75.34,98.73,75.34,168.56,253.85,168.56,0.0,0.27,0.0,8.31,10.3,8.31,88.2,89.23,88.2,0.0,0.0,0.0,0.0,0.0,1012.21,1012.01,1012.21,0.31,0.31,27.29,27.29,0.06,0.06,3.08,3.08,0.0,0.0,270.72,267.07,282.02,328.03,7.89,328.03,0.36,0.22,0.15,0.2,0.14,0.2,4.74,4.75,4.39,4.69,5.81,4.69,24.13,24.13,18.09,16.36,18.09,205.22,234.91,247.1,304.93,248.65,205.22,0.64,0.79,0.7,0.82,0.65,0.67,0.79,3.52,3.54,3.18,2.87,3.93,3.52,234.19,241.69,234.19,269.97,269.97,269.97,269.97,269.93,269.93,269.97,269.97,269.97,269.97,269.97,269.97,269.9,269.9,269.97,269.97,269.96,269.96,269.97,269.97,7.03,7.3,7.03,8.51,8.51,8.48,8.48,19.68,19.68,6.78,6.78,7.15,7.15,7.4,7.4,10.39,10.39,7.6,7.6,9.96,9.96,8.12,8.12,242.32,233.6,244.92,315.36,246.03,315.36,0.53,0.66,0.78,0.58,0.66,0.58,3.15,3.41,3.38,2.82,3.93,2.82
2023-06-21T02:00:00+00:00,16.78,16.64,16.78,16.02,16.02,16.05,16.05,-55.29,-55.29,-14.22,-14.22,7.31,7.31,16.16,16.16,6.92,97.47,6.92,165.6,261.74,165.6,0.0,0.25,0.0,7.53,10.26,7.53,88.59,89.97,88.59,0.0,0.0,0.0,0.0,0.0,1012.5,1012.45,1012.5,0.31,0.31,25.69,25.69,0.04,0.04,2.82,2.82,0.0,0.0,262.13,269.23,282.22,326.99,7.95,326.99,0.43,0.22,0.17,0.2,0.13,0.2,4.53,4.83,4.37,4.64,5.84,4.64,24.13,24.13,18.03,16.37,18.03,202.92,236.47,247.38,302.39,247.93,202.92,0.63,0.87,0.74,0.83,0.66,0.68,0.87,3.65,3.61,3.2,2.89,3.97,3.65,235.17,240.27,235.17,269.97,269.97,269.97,269.97,269.92,269.92,269.97,269.97,269.97,269.97,269.97,269.97,269.91,269.91,269.97,269.97,269.95,269.95,269.97,269.97,7.27,7.29,7.27,8.41,8.41,8.31,8.31,19.27,19.27,6.67,6.67,7.03,7.03,7.27,7.27,12.56,12.56,7.46,7.46,9.24,9.24,7.96,7.96,240.86,234.93,244.89,312.23,245.81,312.23,0.47,0.7,0.79,0.59,0.66,0.59,2.96,3.49,3.4,2.85,3.97,2.85
2023-06-21T03:00:00+00:00,16.72,16.5,16.72,15.79,15.79,15.84,15.84,-55.28,-55.28,-14.21,-14.21,6.92,6.92,15.97,15.97,37.04,96.2,37.04,162.64,269.5,162.64,0.0,0.22,0.0,7.2,10.22,7.2,89.26,90.7,89.26,0.0,0.0,0.0,0.0,0.0,1012.91,1012.89,1012.91,0.31,0.31,24.1,24.1,0.03,0.03,2.57,2.57,0.0,0.0,257.52,271.4,282.41,325.94,8.0,325.94,0.45,0.23,0.18,0.2,0.13,0.2,4.34,4.92,4.34,4.59,5.86,4.59,24.13,24.13,17.98,16.38,17.98,202.82,238.03,247.65,299.84,247.2,202.82,0.59,0.89,0.78,0.84,0.67,0.68,0.89,3.69,3.68,3.23,2.9,4.02,3.69,236.15,238.84,236.15,269.97,269.97,269.97,269.97,269.92,269.92,269.97,269.97,269.97,269.97,269.97,269.97,269.92,269.92,269.97,269.97,269.95,269.95,269.97,269.97,7.5,7.29,7.5,8.3,8.3,8.13,8.13,18.86,18.86,6.57,6.57,6.92,6.92,7.15,7.15,14.72,14.72,7.33,7.33,8.51,8.51,7.8,7.8,238.32,236.25,244.87,309.1,245.59,309.1,0.39,0.74,0.79,0.61,0.66,0.61,2.72,3.57,3.42,2.87,4.02,2.87
2023-06-21T04:00:00+00:00,16.71,16.5,16.71,15.82,15.82,15.86,15.86,-54.87,-54.87,-14.25,-14.25,6.74,6.74,15.96,15.96,29.03,65.8,29.03,159.68,273.1,159.68,0.0,0.19,0.0,7.04,9.85,7.04,89.33,90.63,89.33,0.0,0.0,0.0,0.0,0.0,1013.53,1013.59,1013.53,0.31,0.31,22.54,22.54,0.04,0.04,2.54,2.54,0.0,0.0,254.57,262.63,276.84,324.9,8.12,324.9,0.42,0.23,0.19,0.2,0.13,0.2,4.28,4.87,4.37,4.53,5.73,4.53,24.13,24.13,17.93,16.34,17.93,203.89,239.5,247.82,297.3,246.52,203.89,0.56,0.87,0.78,0.81,0.68,0.67,0.87,3.68,3.68,3.18,2.91,4.0,3.68,238.84,238.69,238.84,269.97,269.97,269.97,269.97,269.93,269.93,269.97,269.97,269.97,269.97,269.97,269.97,269.93,269.93,269.97,269.97,269.95,269.95,269.97,269.97,7.49,7.17,7.49,8.29,8.29,8.01,8.01,18.63,18.63,6.45,6.45,6.79,6.79,7.01,7.01,14.82,14.82,7.19,7.19,8.25,8.25,7.66,7.66,239.09,238.27,245.01,305.97,245.28,305.97,0.37,0.74,0.74,0.62,0.66,0.62,2.69,3.57,3.34,2.9,3.99,2.9
2023-06-21T05:00:00+00:00,16.69,16.5,16.69,15.84,15.84,15.87,15.87,-54.46,-54.46,-14.3,-14.3,6.56,6.56,15.96,15.96,2.6,35.4,2.6,156.72,272.13,156.72,0.0,0.17,0.0,6.92,9.48,6.92,88.98,90.57,88.98,0.0,0.0,0.0,0.0,0.0,1013.95,1014.28,1013.95,0.31,0.31,20.97,20.97,0.04,0.04,2.5,2.5,0.0,0.0,252.04,253.85,271.28,323.85,8.25,323.85,0.4,0.22,0.2,0.2,0.13,0.2,4.21,4.81,4.41,4.48,5.6,4.48,24.13,24.13,17.89,16.29,17.89,205.15,240.97,247.98,294.75,245.85,205.15,0.53,0.84,0.77,0.77,0.69,0.67,0.84,3.64,3.68,3.14,2.93,3.97,3.64,241.52,238.55,241.52,269.97,269.97,269.97,269.97,269.93,269.93,269.97,269.97,269.97,269.97,269.97,269.97,269.93,269.93,269.97,269.97,269.94,269.94,269.97,269.97,7.48,7.04,7.48,8.27,8.27,7.88,7.88,18.4,18.4,6.32,6.32,6.65,6.65,6.87,6.87,14.92,14.92,7.05,7.05,7.99,7.99,7.53,7.53,240.19,240.3,245.14,302.84,244.96,302.84,0.37,0.74,0.7,0.63,0.65,0.63,2.69,3.58,3.26,2.93,3.97,2.93
2023-06-21T06:00:00+00:00,16.7,16.5,16.7,15.86,15.86,15.88,15.88,-54.05,-54.05,-14.35,-14.35,6.38,6.38,15.96,15.96,0.0,5.0,0.0,153.77,263.31,153.77,0.0,0.14,0.0,7.05,9.11,7.05,88.46,90.5,88.46,0.0,0.0,0.0,0.0,0.0,1014.42,1014.98,1014.42,0.31,0.31,19.41,19.41,0.05,0.05,2.47,2.47,0.0,0.0,250.25,245.08,265.71,322.81,8.37,322.81,0.37,0.22,0.21,0.2,0.13,0.2,4.13,4.76,4.44,4.42,5.47,4.42,24.13,24.13,17.86,16.25,17.86,206.56,242.44,248.15,292.21,245.17,206.56,0.51,0.82,0.77,0.74,0.7,0.66,0.82,3.62,3.68,3.09,2.94,3.95,3.62,244.21,238.4,244.21,269.97,269.97,269.97,269.97,269.94,269.94,269.97,269.97,269.97,269.97,269.97,269.97,269.94,269.94,269.97,269.97,269.94,269.94,269.97,269.97,7.47,6.92,7.47,8.26,8.26,7.76,7.76,18.17,18.17,6.2,6.2,6.52,6.52,6.73,6.73,15.02,15.02,6.91,6.91,7.73,7.73,7.39,7.39,240.45,242.32,245.28,299.71,244.65,299.71,0.36,0.74,0.65,0.65,0.65,0.65,2.66,3.58,3.18,2.96,3.94,2.96
2023-06-21T07:00:00+00:00,16.69,16.58,16.69,15.89,15.89,15.93,15.93,-54.22,-54.22,-14.44,-14.44,6.51,6.51,16.07,16.07,0.0,6.43,0.0,150.81,254.27,150.81,0.0,0.14,0.0,7.78,9.18,7.78,88.44,89.73,88.44,0.0,0.0,0.0,0.0,0.0,1015.31,1015.49,1015.31,0.31,0.31,13.66,13.66,0.06,0.06,3.54,3.54,0.0,0.0,251.59,251.88,250.73,321.76,11.9,321.76,0.34,0.24,0.19,0.2,0.12,0.2,4.12,4.71,4.28,4.37,5.3,4.37,24.13,24.13,17.85,16.31,17.85,207.49,242.51,248.68,289.66,245.18,207.49,0.5,0.86,0.75,0.71,0.72,0.64,0.86,3.64,3.65,3.04,2.95,3.87,3.64,241.67,237.89,241.67,269.97,269.97,269.97,269.97,269.93,269.93,269.97,269.97,269.97,269.97,269.97,269.97,269.94,269.94,269.97,269.97,269.95,269.95,269.97,269.97,7.24,6.82,7.24,8.21,8.21,7.63,7.63,17.96,17.96,6.09,6.09,6.42,6.42,6.63,6.63,14.78,14.78,6.81,6.81,7.99,7.99,7.28,7.28,238.93,241.43,246.23,296.59,244.5,296.59,0.37,0.71,0.63,0.66,0.63,0.66,2.69,3.53,3.12,2.99,3.86,2.99
2023-06-21T08:00:00+00:00,16.62,16.66,16.62,15.93,15.93,15.99,15.99,-54.39,-54.39,-14.54,-14.54,6.64,6.64,16.17,16.17,2.48,7.87,2.48,147.85,247.08,147.85,0.0,0.15,0.0,9.11,9.25,9.11,88.64,88.97,88.64,0.0,0.0,0.0,0.0,0.0,1016.04,1015.99,1016.04,0.31,0.31,7.9,7.9,0.08,0.08,4.62,4.62,0.0,0.0,266.9,258.67,235.74,320.72,15.42,320.72,0.2,0.26,0.16,0.19,0.11,0.19,4.5,4.67,4.12,4.32,5.13,4.32,24.14,24.14,17.86,16.38,17.86,207.49,242.57,249.21,287.12,245.18,207.49,0.52,0.9,0.73,0.69,0.73,0.61,0.9,3.67,3.63,2.99,2.97,3.78,3.67,239.14,237.38,239.14,269.97,269.97,269.97,269.97,269.93,269.93,269.96,269.96,269.96,269.96,269.96,269.96,269.95,269.95,269.96,269.96,269.95,269.95,269.97,269.97,7.0,6.73,7.0,8.16,8.16,7.49,7.49,17.74,17.74,5.99,5.99,6.33,6.33,6.53,6.53,14.54,14.54,6.71,6.71,8.24,8.24,7.17,7.17,241.52,240.55,247.19,293.46,244.34,293.46,0.48,0.68,0.6,0.67,0.6,0.67,3.03,3.47,3.07,3.02,3.78,3.02
2023-06-21T09:00:00+00:00,16.28,16.75,16.28,15.96,15.96,16.04,16.04,-54.56,-54.56,-14.63,-14.63,6.78,6.78,16.28,16.28,38.62,9.3,38.62,144.89,241.13,144.89,0.0,0.16,0.0,9.39,9.32,9.39,91.34,88.2,91.34,0.0,0.0,0.0,0.0,0.0,1016.52,1016.5,1016.52,0.31,0.31,2.15,2.15,0.09,0.09,5.69,5.69,0.0,0.0,333.51,265.47,220.76,319.67,18.95,319.67,0.14,0.28,0.14,0.19,0.1,0.19,4.86,4.62,3.96,4.26,4.96,4.26,24.14,24.14,17.87,16.45,17.87,206.68,242.64,249.74,284.57,245.19,206.68,0.6,0.9,0.71,0.66,0.74,0.59,0.9,3.69,3.6,2.94,2.98,3.7,3.69,236.6,236.87,236.6,269.97,269.97,269.97,269.97,269.92,269.92,269.96,269.96,269.96,269.96,269.96,269.96,269.95,269.95,269.96,269.96,269.96,269.96,269.97,269.97,6.77,6.63,6.77,8.11,8.11,7.36,7.36,17.53,17.53,5.88,5.88,6.23,6.23,6.43,6.43,14.3,14.3,6.61,6.61,8.5,8.5,7.06,7.06,243.57,239.66,248.14,290.33,244.19,290.33,0.58,0.65,0.58,0.69,0.58,0.69,3.15,3.42,3.01,3.04,3.7,3.04
2023-06-21T10:00:00+00:00,16.05,16.85,16.05,16.32,16.32,16.31,16.31,-54.9,-54.9,-14.74,-14.74,6.91,6.91,16.44,16.44,34.08,9.87,34.08,141.93,236.29,141.93,0.0,0.17,0.0,8.98,9.28,8.98,90.92,86.83,90.92,0.0,0.0,0.0,0.0,0.0,1016.81,1017.01,1016.81,0.31,0.31,1.65,1.65,0.09,0.09,5.7,5.7,0.0,0.0,234.03,258.58,230.02,318.63,19.47,318.63,0.2,0.32,0.25,0.19,0.1,0.19,4.62,4.44,3.73,4.21,4.93,4.21,24.14,24.14,17.9,16.49,17.9,206.41,242.52,250.35,282.03,246.01,206.41,0.66,0.87,0.66,0.63,0.75,0.58,0.87,3.7,3.54,2.92,2.99,3.71,3.7,237.89,238.23,237.89,269.97,269.97,269.97,269.97,269.92,269.92,269.96,269.96,269.96,269.96,269.96,269.96,269.95,269.95,269.96,269.96,269.96,269.96,269.97,269.97,6.32,6.43,6.32,8.3,8.3,7.5,7.5,18.75,18.75,5.79,5.79,6.13,6.13,6.35,6.35,14.09,14.09,6.54,6.54,8.35,8.35,7.09,7.09,244.58,239.72,249.4,287.2,245.13,287.2,0.63,0.56,0.49,0.7,0.57,0.7,3.26,3.19,2.79,3.07,3.7,3.07
2023-06-21T11:00:00+00:00,16.3,16.96,16.3,16.68,16.68,16.58,16.58,-55.24,-55.24,-14.86,-14.86,7.04,7.04,16.59,16.59,16.07,10.43,16.07,138.97,232.53,138.97,0.0,0.18,0.0,7.54,9.24,7.54,89.83,85.47,89.83,0.0,0.0,0.0,0.0,0.0,1016.98,1017.52,1016.98,0.31,0.31,1.16,1.16,0.08,0.08,5.72,5.72,0.0,0.0,235.67,251.7,239.27,317.58,20.0,317.58,0.38,0.36,0.35,0.19,0.1,0.19,4.26,4.25,3.49,4.15,4.89,4.15,24.14,24.14,17.94,16.54,17.94,207.15,242.41,250.97,279.48,246.84,207.15,0.63,0.83,0.6,0.6,0.76,0.57,0.83,3.69,3.49,2.91,3.01,3.71,3.69,239.19,239.6,239.19,269.97,269.97,269.97,269.97,269.93,269.93,269.97,269.97,269.97,269.97,269.97,269.97,269.95,269.95,269.97,269.97,269.97,269.97,269.97,269.97,5.88,6.23,5.88,8.5,8.5,7.65,7.65,19.98,19.98,5.7,5.7,6.04,6.04,6.27,6.27,13.87,13.87,6.47,6.47,8.19,8.19,7.12,7.12,247.48,239.79,250.67,284.07,246.06,284.07,0.51,0.47,0.41,0.71,0.55,0.71,3.09,2.95,2.57,3.1,3.71,3.1
2023-06-21T12:00:00+00:00,16.8,17.07,16.8,17.04,17.04,16.85,16.85,-55.58,-55.58,-14.97,-14.97,7.18,7.18,16.75,16.75,0.51,11.0,0.51,136.01,230.2,136.01,0.0,0.19,0.0,7.75,9.2,7.75,86.9,84.1,86.9,0.0,0.0,0.0,0.0,0.0,1017.98,1018.02,1017.98,0.31,0.31,0.66,0.66,0.08,0.08,5.73,5.73,0.0,0.0,245.38,244.81,248.53,316.54,20.52,316.54,0.38,0.4,0.46,0.19,0.1,0.19,4.53,4.07,3.26,4.1,4.86,4.1,24.14,24.14,18.0,16.58,18.0,207.21,242.29,251.58,276.94,247.66,207.21,0.69,0.81,0.55,0.57,0.77,0.56,0.81,3.67,3.43,2.89,3.02,3.72,3.67,240.48,240.96,240.48,269.97,269.97,269.97,269.97,269.93,269.93,269.97,269.97,269.97,269.97,269.97,269.97,269.95,269.95,269.97,269.97,269.97,269.97,269.97,269.97,5.43,6.03,5.43,8.69,8.69,7.79,7.79,21.2,21.2,5.61,5.61,5.94,5.94,6.19,6.19,13.66,13.66,6.4,6.4,8.04,8.04,7.15,7.15,242.13,239.85,251.93,280.94,247.0,280.94,0.58,0.38,0.32,0.73,0.54,0.73,3.35,2.72,2.35,3.13,3.71,3.13
2023-06-21T13:00:00+00:00,16.81,17.15,16.81,17.47,17.47,17.18,17.18,-56.01,-56.01,-14.92,-14.92,7.36,7.36,16.98,16.98,0.22,9.0,0.22,133.05,229.52,133.05,0.0,0.2,0.0,6.59,8.65,6.59,88.28,83.57,88.28,0.0,0.0,0.0,0.0,0.0,1018.05,1018.14,1018.05,0.31,0.31,0.42,0.42,0.08,0.08,5.75,5.75,0.0,0.0,243.55,243.99,249.38,315.49,19.91,315.49,0.53,0.4,0.45,0.19,0.1,0.19,4.06,3.93,3.13,4.04,4.87,4.04,24.14,24.14,18.06,16.64,18.06,206.56,242.38,252.32,274.39,247.35,206.56,0.61,0.78,0.52,0.53,0.78,0.55,0.78,3.65,3.41,2.88,3.03,3.78,3.65,241.31,244.55,241.31,269.97,269.97,269.97,269.97,269.93,269.93,269.97,269.97,269.97,269.97,269.97,269.97,269.95,269.95,269.97,269.97,269.97,269.97,269.97,269.97,5.0,5.74,5.0,8.22,8.22,7.6,7.6,21.94,21.94,5.45,5.45,5.75,5.75,5.99,5.99,13.11,13.11,6.19,6.19,7.75,7.75,7.01,7.01,246.18,241.09,254.17,277.81,247.55,277.81,0.31,0.31,0.24,0.74,0.53,0.74,2.45,2.47,2.06,3.16,3.76,3.16
2023-06-21T14:00:00+00:00,16.93,17.23,16.93,17.91,17.91,17.51,17.51,-56.44,-56.44,-14.87,-14.87,7.55,7.55,17.22,17.22,0.0,7.0,0.0,130.1,231.7,130.1,0.0,0.21,0.0,5.41,8.1,5.41,86.8,83.03,86.8,0.0,0.0,0.0,0.0,0.0,1018.2,1018.26,1018.2,0.31,0.31,0.19,0.19,0.07,0.07,5.76,5.76,0.0,0.0,245.46,243.17,250.23,314.45,19.29,314.45,0.5,0.41,0.43,0.19,0.1,0.19,3.85,3.78,2.99,3.99,4.88,3.99,24.14,24.14,18.12,16.69,18.12,205.73,242.46,253.07,271.85,247.04,205.73,0.53,0.74,0.48,0.48,0.8,0.53,0.74,3.62,3.38,2.87,3.05,3.83,3.62,242.14,248.14,242.14,269.98,269.98,269.98,269.98,269.94,269.94,269.98,269.98,269.98,269.98,269.98,269.98,269.95,269.95,269.98,269.98,269.97,269.97,269.98,269.98,4.56,5.44,4.56,7.76,7.76,7.42,7.42,22.68,22.68,5.29,5.29,5.55,5.55,5.78,5.78,12.57,12.57,5.98,5.98,7.47,7.47,6.86,6.86,244.65,242.32,256.4,274.69,248.09,274.69,0.18,0.25,0.16,0.75,0.52,0.75,1.92,2.21,1.77,3.19,3.82,3.19
2023-06-21T15:00:00+00:00,17.06,17.32,17.06,18.34,18.34,17.83,17.83,-56.86,-56.86,-14.82,-14.82,7.74,7.74,17.45,17.45,0.0,5.0,0.0,127.14,235.36,127.14,0.0,0.21,0.0,4.72,7.55,4.72,86.79,82.5,86.79,0.0,0.0,0.0,0.0,0.0,1018.23,1018.37,1018.23,0.31,0.31,359.95,359.95,0.07,0.07,5.78,5.78,0.0,0.0,246.52,242.35,251.08,313.4,18.68,313.4,0.47,0.41,0.42,0.19,0.1,0.19,3.78,3.64,2.86,3.94,4.89,3.94,24.14,24.14,18.16,16.75,18.16,205.05,242.55,253.81,269.3,246.73,205.05,0.48,0.68,0.45,0.44,0.81,0.52,0.68,3.6,3.36,2.86,3.06,3.89,3.6,242.97,251.73,242.97,269.98,269.98,269.98,269.98,269.94,269.94,269.98,269.98,269.98,269.98,269.98,269.98,269.95,269.95,269.98,269.98,269.97,269.97,269.98,269.98,4.13,5.15,4.13,7.29,7.29,7.23,7.23,23.42,23.42,5.13,5.13,5.36,5.36,5.58,5.58,12.02,12.02,5.77,5.77,7.18,7.18,6.72,6.72,243.72,243.56,258.64,271.56,248.64,271.56,0.1,0.18,0.08,0.77,0.51,0.77,1.61,1.96,1.48,3.21,3.87,3.21
2023-06-21T16:00:00+00:00,17.17,17.4,17.17,18.64,18.64,18.17,18.17,-56.8,-56.8,-14.76,-14.76,7.86,7.86,17.68,17.68,0.0,36.67,0.0,124.18,238.99,124.18,0.0,0.21,0.0,4.16,6.84,4.16,85.69,81.67,85.69,0.0,0.0,0.0,0.0,0.0,1018.22,1018.27,1018.22,0.31,0.31,359.97,359.97,0.07,0.07,5.78,5.78,0.0,0.0,247.32,242.38,251.25,312.36,18.84,312.36,0.44,0.4,0.4,0.19,0.1,0.19,3.78,3.59,2.83,3.88,4.84,3.88,24.14,24.14,18.19,16.75,18.19,204.56,242.51,254.11,266.76,246.54,204.56,0.44,0.63,0.42,0.42,0.82,0.52,0.63,3.6,3.4,2.86,3.07,3.95,3.6,245.68,250.74,245.68,269.98,269.98,269.98,269.98,269.94,269.94,269.98,269.98,269.98,269.98,269.98,269.98,269.95,269.95,269.98,269.98,269.97,269.97,269.98,269.98,3.42,4.95,3.42,6.69,6.69,6.72,6.72,24.33,24.33,4.9,4.9,5.11,5.11,5.32,5.32,12.12,12.12,5.5,5.5,6.63,6.63,6.38,6.38,245.03,222.37,263.69,268.43,248.68,268.43,0.06,0.12,0.06,0.78,0.5,0.78,1.43,1.64,1.13,3.24,3.93,3.24
2023-06-21T17:00:00+00:00,17.29,17.49,17.29,18.94,18.94,18.51,18.51,-56.73,-56.73,-14.69,-14.69,7.98,7.98,17.92,17.92,0.0,68.33,0.0,121.22,242.8,121.22,0.0,0.2,0.0,3.49,6.13,3.49,84.67,80.83,84.67,0.0,0.0,0.0,0.0,0.0,1018.35,1018.16,1018.35,0.31,0.31,359.99,359.99,0.06,0.06,5.79,5.79,0.0,0.0,247.88,242.41,251.42,311.31,19.0,311.31,0.42,0.38,0.37,0.19,0.09,0.19,3.79,3.54,2.81,3.83,4.78,3.83,24.14,24.14,18.19,16.75,18.19,204.27,242.48,254.4,264.21,246.34,204.27,0.42,0.58,0.4,0.39,0.83,0.51,0.58,3.6,3.45,2.85,3.09,4.01,3.6,248.4,249.74,248.4,269.98,269.98,269.98,269.98,269.95,269.95,269.98,269.98,269.98,269.98,269.98,269.98,269.96,269.96,269.98,269.98,269.98,269.98,269.98,269.98,2.72,4.74,2.72,6.08,6.08,6.21,6.21,25.24,25.24,4.66,4.66,4.85,4.85,5.05,5.05,12.23,12.23,5.24,5.24,6.07,6.07,6.04,6.04,245.14,201.19,268.73,265.3,248.73,265.3,0.03,0.06,0.04,0.79,0.5,0.79,1.25,1.32,0.79,3.27,3.99,3.27
2023-06-21T18:00:00+00:00,17.4,17.57,17.4,19.23,19.23,18.84,18.84,-56.67,-56.67,-14.63,-14.63,8.09,8.09,18.15,18.15,34.4,100.0,34.4,118.26,245.91,118.26,0.0,0.19,0.0,3.13,5.42,3.13,83.53,80.0,83.53,0.0,0.0,0.0,0.0,0.0,1018.32,1018.06,1018.32,0.31,0.31,0.01,0.01,0.06,0.06,5.79,5.79,0.0,0.0,248.21,242.44,251.59,310.27,19.16,310.27,0.4,0.37,0.35,0.19,0.09,0.19,3.83,3.49,2.78,3.77,4.73,3.77,24.14,24.14,18.17,16.75,18.17,204.28,242.44,254.7,261.67,246.15,204.28,0.4,0.54,0.37,0.37,0.84,0.51,0.54,3.59,3.49,2.85,3.1,4.07,3.59,251.11,248.75,251.11,269.98,269.98,269.98,269.98,269.95,269.95,269.98,269.98,269.98,269.98,269.98,269.98,269.96,269.96,269.98,269.98,269.98,269.98,269.98,269.98,2.01,4.54,2.01,5.48,5.48,5.7,5.7,26.15,26.15,4.43,4.43,4.6,4.6,4.79,4.79,12.33,12.33,4.97,4.97,5.52,5.52,5.7,5.7,180.0,180.0,273.78,262.17,248.77,262.17,0.0,0.0,0.02,0.81,0.49,0.81,1.0,1.0,0.44,3.3,4.05,3.3
2023-06-21T19:00:00+00:00,17.48,17.45,17.48,19.23,19.23,18.84,18.84,-56.55,-56.55,-14.44,-14.44,7.94,7.94,18.16,18.16,14.24,100.0,14.24,115.3,247.0,115.3,0.0,0.18,0.0,2.36,5.02,2.36,82.11,80.13,82.11,0.0,0.0,0.0,0.0,0.0,1018.46,1018.25,1018.46,0.31,0.31,0.45,0.45,0.06,0.06,5.72,5.72,0.0,0.0,248.42,242.65,251.27,309.22,19.34,309.22,0.38,0.35,0.34,0.18,0.08,0.18,3.85,3.5,2.78,3.72,4.71,3.72,24.14,24.14,18.13,16.6,18.13,204.71,242.65,254.2,259.12,246.39,204.71,0.37,0.51,0.35,0.36,0.85,0.49,0.51,3.6,3.5,2.86,3.11,4.09,3.6,246.55,250.15,246.55,269.98,269.98,269.98,269.98,269.95,269.95,269.98,269.98,269.98,269.98,269.98,269.98,269.96,269.96,269.98,269.98,269.97,269.97,269.98,269.98,1.7,4.33,1.7,5.11,5.11,5.32,5.32,26.84,26.84,4.24,4.24,4.39,4.39,4.57,4.57,11.45,11.45,4.75,4.75,4.5,4.5,5.33,5.33,180.0,180.0,276.86,259.04,249.05,259.04,0.0,0.0,0.01,0.82,0.48,0.82,1.0,1.0,0.29,3.33,4.07,3.33
2023-06-21T20:00:00+00:00,17.5,17.33,17.5,19.22,19.22,18.83,18.83,-56.42,-56.42,-14.26,-14.26,7.78,7.78,18.17,18.17,29.19,100.0,29.19,112.34,245.68,112.34,0.0,0.16,0.0,1.87,4.62,1.87,82.12,80.27,82.12,0.0,0.0,0.0,0.0,0.0,1018.62,1018.44,1018.62,0.31,0.31,0.89,0.89,0.06,0.06,5.65,5.65,0.0,0.0,248.6,242.87,250.95,308.18,19.52,308.18,0.36,0.32,0.34,0.18,0.08,0.18,3.84,3.52,2.79,3.67,4.68,3.67,24.14,24.14,18.1,16.44,18.1,205.45,242.87,253.69,256.58,246.64,205.45,0.35,0.49,0.32,0.35,0.87,0.48,0.49,3.65,3.52,2.87,3.13,4.11,3.65,241.99,251.56,241.99,269.98,269.98,269.98,269.98,269.96,269.96,269.98,269.98,269.98,269.98,269.98,269.98,269.95,269.95,269.98,269.98,269.97,269.97,269.98,269.98,1.38,4.11,1.38,4.73,4.73,4.95,4.95,27.53,27.53,4.05,4.05,4.18,4.18,4.35,4.35,10.58,10.58,4.54,4.54,3.48,3.48,4.96,4.96,180.0,180.0,279.94,255.91,249.32,255.91,0.0,0.0,0.01,0.83,0.46,0.83,1.0,1.0,0.15,3.36,4.08,3.36
2023-06-21T21:00:00+00:00,17.49,17.21,17.49,19.21,19.21,18.83,18.83,-56.3,-56.3,-14.07,-14.07,7.63,7.63,18.17,18.17,38.65,100.0,38.65,109.38,243.89,109.38,0.0,0.14,0.0,1.57,4.22,1.57,81.77,80.4,81.77,0.0,0.0,0.0,0.0,0.0,1018.31,1018.63,1018.31,0.31,0.31,1.33,1.33,0.06,0.06,5.58,5.58,0.0,0.0,248.81,243.08,250.63,307.13,19.7,307.13,0.33,0.3,0.33,0.18,0.07,0.18,3.81,3.53,2.79,3.61,4.66,3.61,24.13,24.13,18.07,16.29,18.07,206.11,243.08,253.19,254.03,246.88,206.11,0.33,0.47,0.3,0.34,0.88,0.46,0.47,3.68,3.53,2.88,3.14,4.13,3.68,237.43,252.96,237.43,269.98,269.98,269.98,269.98,269.96,269.96,269.98,269.98,269.98,269.98,269.98,269.98,269.95,269.95,269.98,269.98,269.96,269.96,269.98,269.98,1.07,3.9,1.07,4.36,4.36,4.57,4.57,28.22,28.22,3.86,3.86,3.97,3.97,4.13,4.13,9.7,9.7,4.32,4.32,2.46,2.46,4.59,4.59,180.0,180.0,283.02,252.79,249.6,252.79,0.0,0.0,0.0,0.84,0.45,0.84,1.0,1.0,0.0,3.38,4.1,3.38
2023-06-21T22:00:00+00:00,17.46,17.39,17.46,19.24,19.24,19.02,19.02,-57.68,-57.68,-14.5,-14.5,7.78,7.78,18.49,18.49,100.0,100.0,100.0,106.43,241.99,106.43,0.0,0.13,0.0,2.32,3.32,2.32,82.83,79.53,82.83,0.0,0.0,0.0,0.0,0.0,1018.57,1018.58,1018.57,0.31,0.31,1.49,1.49,0.06,0.06,5.53,5.53,0.0,0.0,249.04,243.62,250.35,306.09,20.06,306.09,0.31,0.28,0.32,0.18,0.07,0.18,3.77,3.52,2.79,3.56,4.64,3.56,24.13,24.13,18.05,16.41,18.05,206.72,243.62,252.86,251.49,247.37,206.72,0.3,0.44,0.28,0.33,0.89,0.41,0.44,3.67,3.52,2.89,3.15,4.01,3.67,208.31,274.01,208.31,270.0,270.0,270.0,270.0,269.96,269.96,270.01,270.01,270.0,270.0,270.0,270.0,269.94,269.94,270.0,270.0,269.94,269.94,270.0,270.0,1.03,3.09,1.03,3.36,3.36,3.49,3.49,30.99,30.99,2.93,2.93,3.01,3.01,3.13,3.13,9.28,9.28,3.27,3.27,2.55,2.55,3.49,3.49,180.0,180.0,341.98,249.66,249.48,249.66,0.0,0.0,0.0,0.86,0.5,0.86,1.0,1.0,0.0,3.41,3.91,3.41
2023-06-21T23:00:00+00:00,17.52,17.57,17.52,19.27,19.27,19.2,19.2,-59.05,-59.05,-14.92,-14.92,7.93,7.93,18.8,18.8,99.13,100.0,99.13,103.47,240.23,103.47,0.0,0.11,0.0,2.77,2.42,2.77,84.29,78.67,84.29,0.0,0.0,0.0,0.0,0.0,1018.75,1018.52,1018.75,0.31,0.31,1.65,1.65,0.06,0.06,5.48,5.48,0.0,0.0,249.34,244.16,250.07,305.04,20.43,305.04,0.29,0.26,0.31,0.18,0.06,0.18,3.72,3.52,2.79,3.5,4.61,3.5,24.13,24.13,18.02,16.53,18.02,207.1,244.16,252.52,248.94,247.85,207.1,0.28,0.41,0.26,0.32,0.9,0.35,0.41,3.64,3.52,2.89,3.17,3.89,3.64,179.19,295.05,179.19,270.01,270.01,270.02,270.02,269.96,269.96,270.03,270.03,270.03,270.03,270.03,270.03,269.94,269.94,270.03,270.03,269.92,269.92,270.02,270.02,0.99,2.28,0.99,2.37,2.37,2.42,2.42,33.76,33.76,2.0,2.0,2.06,2.06,2.13,2.13,8.85,8.85,2.22,2.22,2.65,2.65,2.4,2.4,180.0,180.0,40.95,246.53,249.36,246.53,0.0,0.0,0.0,0.87,0.54,0.87,1.0,1.0,0.0,3.44,3.72,3.44
2023-06-22T00:00:00+00:00,17.66,17.75,17.66,19.29,19.29,19.39,19.39,-60.43,-60.43,-15.34,-15.34,8.07,8.07,19.11,19.11,73.0,100.0,73.0,100.51,198.48,100.51,0.0,0.03,0.0,2.21,1.52,2.21,84.78,77.8,84.78,0.0,0.0,0.0,0.0,0.0,1018.96,1018.47,1018.96,0.31,0.31,1.81,1.81,0.06,0.06,5.43,5.43,0.0,0.0,249.69,244.7,249.79,304.0,20.79,304.0,0.27,0.24,0.3,0.18,0.06,0.18,3.67,3.51,2.79,3.45,4.59,3.45,24.14,24.14,19.41,16.65,19.41,207.26,244.7,252.19,246.4,248.34,207.26,0.26,0.39,0.24,0.31,0.91,0.3,0.39,3.6,3.51,2.9,3.18,3.77,3.6,150.07,316.1,150.07,270.03,270.03,270.04,270.04,269.96,269.96,270.06,270.06,270.05,270.05,270.05,270.05,269.93,269.93,270.05,270.05,269.9,269.9,270.04,270.04,0.95,1.47,0.95,1.37,1.37,1.34,1.34,36.53,36.53,1.07,1.07,1.1,1.1,1.13,1.13,8.43,8.43,1.17,1.17,2.74,2.74,1.3,1.3,180.0,180.0,99.91,243.4,249.24,243.4,0.0,0.0,0.0,0.88,0.59,0.88,1.0,1.0,0.0,3.47,3.53,3.47
2023-06-22T01:00:00+00:00,17.61,17.88,17.61,18.94,18.94,19.06,19.06,-59.71,-59.71,-14.95,-14.95,7.72,7.72,18.87,18.87,38.37,100.0,38.37,97.55,181.11,97.55,0.0,0.06,0.0,1.91,1.72,1.91,87.4,76.83,87.4,0.0,0.0,0.0,0.0,0.0,1018.85,1018.61,1018.85,0.31,0.31,7.6,7.6,0.06,0.06,5.16,5.16,0.0,0.0,250.09,245.78,249.67,302.4,14.72,302.4,0.24,0.22,0.28,0.18,0.06,0.18,3.61,3.5,2.79,3.44,4.85,3.44,24.14,24.14,19.4,16.65,19.4,207.35,245.78,252.25,245.9,248.3,207.35,0.24,0.37,0.22,0.29,0.9,0.27,0.37,3.55,3.5,2.9,3.2,3.68,3.55,94.16,261.52,94.16,210.05,210.05,210.06,210.06,269.96,269.96,210.08,210.08,210.07,210.07,210.07,210.07,269.93,269.93,210.07,210.07,269.91,269.91,210.06,210.06,1.02,1.66,1.02,1.25,1.25,1.23,1.23,31.68,31.68,1.03,1.03,1.05,1.05,1.07,1.07,8.35,8.35,1.1,1.1,2.69,2.69,1.2,1.2,180.0,180.0,151.08,243.2,303.46,243.2,0.0,0.0,0.0,0.88,0.47,0.88,1.0,1.0,0.0,3.5,3.08,3.5
2023-06-22T02:00:00+00:00,17.55,18.01,17.55,18.59,18.59,18.74,18.74,-58.98,-58.98,-14.55,-14.55,7.37,7.37,18.63,18.63,94.5,100.0,94.5,94.59,182.74,94.59,0.0,0.08,0.0,1.55,1.92,1.55,88.07,75.87,88.07,0.0,0.0,0.0,0.0,0.0,1018.77,1018.76,1018.77,1.29,1.29,13.39,13.39,0.05,0.05,4.9,4.9,0.0,0.0,250.55,246.85,249.56,299.1,8.64,299.1,0.22,0.21,0.25,0.18,0.05,0.18,3.55,3.5,2.8,3.44,5.1,3.44,24.13,24.13,19.39,16.64,19.39,207.43,246.85,252.31,246.1,248.27,207.43,0.22,0.34,0.21,0.26,0.87,0.25,0.34,3.48,3.5,2.89,3.21,3.59,3.48,38.26,206.93,38.26,150.07,150.07,150.08,150.08,269.95,269.95,150.09,150.09,150.09,150.09,150.09,150.09,269.94,269.94,150.09,150.09,269.92,269.92,150.08,150.08,1.08,1.84,1.08,1.14,1.14,1.11,1.11,26.84,26.84,1.0,1.0,1.01,1.01,1.02,1.02,8.27,8.27,1.04,1.04,2.65,2.65,1.09,1.09,180.0,180.0,202.25,243.3,357.68,243.3,0.0,0.0,0.0,0.85,0.36,0.85,1.0,1.0,0.0,3.51,2.62,3.51
2023-06-22T03:00:00+00:00,17.49,18.14,17.49,18.24,18.24,18.41,18.41,-58.26,-58.26,-14.16,-14.16,7.02,7.02,18.38,18.38,100.0,100.0,100.0,91.63,190.27,91.63,0.0,0.1,0.0,2.15,2.13,2.15,87.38,74.9,87.38,0.0,0.0,0.0,0.0,0.0,1018.71,1018.9,1018.71,1.55,1.55,19.18,19.18,0.05,0.05,4.63,4.63,0.0,0.0,251.07,247.93,249.44,297.9,2.57,297.9,0.21,0.19,0.23,0.16,0.05,0.16,3.5,3.49,2.8,3.34,5.36,3.34,24.13,24.13,19.38,16.64,19.38,207.47,247.93,252.37,249.1,248.23,207.47,0.21,0.31,0.19,0.24,0.78,0.22,0.31,3.41,3.49,2.89,3.11,3.5,3.41,342.35,152.35,342.35,90.09,90.09,90.1,90.1,269.95,269.95,90.11,90.11,90.11,90.11,90.11,90.11,269.94,269.94,90.11,90.11,269.93,269.93,90.1,90.1,1.15,2.03,1.15,1.02,1.02,1.0,1.0,21.99,21.99,0.96,0.96,0.96,0.96,0.96,0.96,8.19,8.19,0.97,0.97,2.6,2.6,0.99,0.99,180.0,180.0,253.42,246.1,51.9,246.1,0.0,0.0,0.0,0.75,0.24,0.75,1.0,1.0,0.0,3.41,2.17,3.41
2023-06-22T04:00:00+00:00,17.39,18.08,17.39,18.25,18.25,18.39,18.39,-58.27,-58.27,-14.17,-14.17,7.24,7.24,18.33,18.33,100.0,100.0,100.0,88.67,199.44,88.67,0.0,0.11,0.0,2.49,2.39,2.49,89.35,74.47,89.35,0.0,0.0,0.0,0.0,0.0,1018.59,1018.55,1018.59,1.27,1.27,12.96,12.96,0.05,0.05,5.03,5.03,0.0,0.0,251.71,249.73,249.53,300.7,9.53,300.7,0.2,0.18,0.21,0.13,0.04,0.13,3.44,3.49,2.76,3.01,4.29,3.01,24.13,24.13,19.37,16.65,19.37,207.39,249.73,253.0,255.1,248.16,207.39,0.19,0.28,0.18,0.22,0.69,0.2,0.28,3.32,3.49,2.85,2.96,3.42,3.32,5.43,117.0,5.43,90.04,90.04,90.05,90.05,269.95,269.95,90.06,90.06,90.06,90.06,90.06,90.06,269.93,269.93,90.06,90.06,269.88,269.88,90.05,90.05,1.33,2.33,1.33,1.43,1.43,1.41,1.41,21.71,21.71,1.36,1.36,1.36,1.36,1.37,1.37,7.58,7.58,1.38,1.38,1.9,1.9,1.39,1.39,180.0,180.0,288.74,252.3,67.2,252.3,0.0,0.0,0.0,0.67,0.17,0.67,1.0,1.0,0.0,3.25,1.63,3.25
2023-06-22T05:00:00+00:00,17.26,18.02,17.26,18.26,18.26,18.37,18.37,-58.28,-58.28,-14.18,-14.18,7.46,7.46,18.28,18.28,100.0,100.0,100.0,85.72,208.68,85.72,0.0,0.12,0.0,2.62,2.65,2.62,90.63,74.03,90.63,0.0,0.0,0.0,0.0,0.0,1018.38,1018.19,1018.38,0.69,0.69,6.74,6.74,0.05,0.05,5.44,5.44,0.0,0.0,252.45,251.54,249.61,316.8,16.5,316.8,0.18,0.17,0.19,0.11,0.04,0.11,3.41,3.49,2.71,3.04,3.23,3.04,24.14,24.14,19.36,16.67,19.36,207.1,251.54,253.63,260.2,248.09,207.1,0.18,0.25,0.17,0.2,0.65,0.18,0.25,3.26,3.49,2.81,2.87,3.34,3.26,28.52,81.64,28.52,90.0,90.0,90.0,90.0,269.95,269.95,90.0,90.0,90.0,90.0,90.0,90.0,269.93,269.93,90.0,90.0,269.83,269.83,90.0,90.0,1.51,2.63,1.51,1.84,1.84,1.81,1.81,21.42,21.42,1.75,1.75,1.77,1.77,1.77,1.77,6.97,6.97,1.78,1.78,1.2,1.2,1.8,1.8,180.0,180.0,324.06,257.4,82.5,257.4,0.0,0.0,0.0,0.64,0.1,0.64,1.0,1.0,0.0,3.14,1.1,3.14
2023-06-22T06:00:00+00:00,17.24,17.96,17.24,18.27,18.27,18.35,18.35,-58.28,-58.28,-14.2,-14.2,7.67,7.67,18.23,18.23,100.0,100.0,100.0,82.76,218.92,82.76,0.0,0.12,0.0,3.12,2.91,3.12,89.68,73.6,89.68,0.0,0.0,0.0,0.0,0.0,1018.5,1017.84,1018.5,-0.08,-0.08,0.52,0.52,0.05,0.05,5.84,5.84,0.0,0.0,253.31,253.34,249.7,327.4,23.46,327.4,0.16,0.16,0.17,0.09,0.03,0.09,3.38,3.49,2.67,2.94,2.16,2.94,24.14,24.14,19.38,16.68,19.38,206.84,253.34,254.26,261.8,248.02,206.84,0.16,0.23,0.16,0.18,0.65,0.16,0.23,3.22,3.49,2.77,2.79,3.26,3.22,51.6,46.29,51.6,89.95,89.95,89.95,89.95,269.95,269.95,89.95,89.95,89.95,89.95,89.95,89.95,269.92,269.92,89.95,89.95,269.78,269.78,89.95,89.95,1.7,2.93,1.7,2.25,2.25,2.22,2.22,21.14,21.14,2.15,2.15,2.17,2.17,2.18,2.18,6.36,6.36,2.19,2.19,0.5,0.5,2.2,2.2,180.0,180.0,359.38,259.4,97.8,259.4,0.0,0.0,0.0,0.63,0.03,0.63,1.0,1.0,0.0,3.04,0.56,3.04
2023-06-22T07:00:00+00:00,17.32,17.87,17.32,18.31,18.31,18.28,18.28,-57.38,-57.38,-14.42,-14.42,7.72,7.72,18.1,18.1,77.16,100.0,77.16,79.8,230.8,79.8,0.0,0.11,0.0,2.83,3.28,2.83,89.92,75.97,89.92,0.0,0.0,0.0,0.0,0.0,1018.28,1017.74,1018.28,-0.87,-0.87,333.39,333.39,0.04,0.04,4.38,4.38,0.0,0.0,254.33,256.21,249.81,9.4,339.18,9.4,0.15,0.15,0.15,0.11,0.05,0.11,3.36,3.51,2.63,4.67,2.45,4.67,24.14,24.14,19.41,16.77,19.41,206.64,256.21,255.41,262.0,303.93,206.64,0.15,0.2,0.15,0.17,0.65,0.17,0.2,3.19,3.51,2.75,2.74,2.78,3.19,41.1,43.32,41.1,89.95,89.95,89.95,89.95,269.95,269.95,89.94,89.94,89.94,89.94,89.94,89.94,269.92,269.92,89.94,89.94,209.86,209.86,89.94,89.94,1.86,3.2,1.86,2.47,2.47,2.43,2.43,20.12,20.12,2.22,2.22,2.26,2.26,2.29,2.29,5.5,5.5,2.32,2.32,0.71,0.71,2.38,2.38,180.0,180.0,5.5,259.5,83.74,259.5,0.0,0.0,0.0,0.63,0.07,0.63,1.0,1.0,0.33,2.98,0.98,2.98
2023-06-22T08:00:00+00:00,17.32,17.78,17.32,18.36,18.36,18.22,18.22,-56.48,-56.48,-14.63,-14.63,7.77,7.77,17.97,17.97,100.0,100.0,100.0,76.84,245.05,76.84,0.0,0.1,0.0,3.42,3.64,3.42,90.23,78.33,90.23,0.0,0.0,0.0,0.0,0.0,1018.21,1017.64,1018.21,-1.46,-1.46,306.25,306.25,0.04,0.04,2.91,2.91,0.0,0.0,255.56,259.08,249.93,12.3,294.91,12.3,0.14,0.14,0.14,0.09,0.08,0.09,3.36,3.52,2.59,4.34,2.74,4.34,24.14,24.14,19.47,16.86,19.47,206.29,259.08,256.57,261.4,359.83,206.29,0.14,0.18,0.14,0.15,0.65,0.17,0.18,3.17,3.52,2.72,2.73,2.3,3.17,30.6,40.34,30.6,89.94,89.94,89.94,89.94,269.94,269.94,89.94,89.94,89.94,89.94,89.94,89.94,269.92,269.92,89.94,89.94,149.94,149.94,89.94,89.94,2.02,3.47,2.02,2.7,2.7,2.63,2.63,19.1,19.1,2.29,2.29,2.35,2.35,2.4,2.4,4.64,4.64,2.44,2.44,0.93,0.93,2.57,2.57,180.0,180.0,11.61,259.1,69.68,259.1,0.0,0.0,0.01,0.64,0.1,0.64,1.0,1.0,0.65,2.96,1.39,2.96
2023-06-22T09:00:00+00:00,17.31,17.69,17.31,18.4,18.4,18.16,18.16,-55.58,-55.58,-14.85,-14.85,7.82,7.82,17.84,17.84,100.0,100.0,100.0,73.88,265.92,73.88,0.0,0.08,0.0,4.45,4.01,4.45,88.61,80.7,88.61,0.0,0.0,0.0,0.0,0.0,1018.12,1017.54,1018.12,-1.61,-1.61,279.12,279.12,0.03,0.03,1.45,1.45,0.0,0.0,257.04,261.95,250.04,327.3,250.63,327.3,0.13,0.13,0.12,0.09,0.1,0.09,3.36,3.54,2.55,2.85,3.03,2.85,24.14,24.14,19.52,16.95,19.52,205.37,261.95,257.72,258.5,55.74,205.37,0.13,0.16,0.13,0.14,0.65,0.18,0.16,3.15,3.54,2.7,2.73,1.82,3.15,20.1,37.37,20.1,89.94,89.94,89.94,89.94,269.94,269.94,89.93,89.93,89.93,89.93,89.93,89.93,269.92,269.92,89.93,89.93,90.02,90.02,89.93,89.93,2.18,3.74,2.18,2.92,2.92,2.84,2.84,18.08,18.08,2.36,2.36,2.44,2.44,2.51,2.51,3.78,3.78,2.57,2.57,1.14,1.14,2.75,2.75,180.0,180.0,17.73,256.3,55.62,256.3,0.0,0.0,0.01,0.64,0.14,0.64,1.0,1.0,0.98,2.96,1.81,2.96
2023-06-22T10:00:00+00:00,17.19,17.65,17.19,18.44,18.44,18.22,18.22,-56.76,-56.76,-14.2,-14.2,7.59,7.59,17.86,17.86,100.0,100.0,100.0,70.92,298.66,70.92,0.0,0.07,0.0,5.39,5.03,5.39,87.98,81.23,87.98,0.0,0.0,0.0,0.0,0.0,1018.05,1017.32,1018.05,-1.34,-1.34,277.91,277.91,0.03,0.03,1.4,1.4,0.0,0.0,258.59,267.59,250.02,313.7,250.7,313.7,0.12,0.13,0.11,0.1,0.09,0.1,3.39,3.53,2.59,2.59,3.1,2.59,24.14,24.14,19.58,16.99,19.58,201.55,273.25,260.79,255.1,50.0,201.55,0.12,0.15,0.13,0.13,0.64,0.21,0.15,3.04,3.39,2.54,2.73,1.96,3.04,12.24,30.3,12.24,89.92,89.92,89.92,89.92,269.93,269.93,89.89,89.89,89.89,89.89,89.89,89.89,269.92,269.92,89.9,89.9,89.99,89.99,89.9,89.9,2.69,4.43,2.69,2.99,2.99,2.87,2.87,16.94,16.94,2.16,2.16,2.24,2.24,2.33,2.33,4.88,4.88,2.41,2.41,1.32,1.32,2.7,2.7,10.4,123.81,15.17,253.0,48.81,253.0,0.02,0.02,0.02,0.62,0.18,0.62,1.3,1.16,1.13,2.96,1.95,2.96
2023-06-22T11:00:00+00:00,17.11,17.61,17.11,18.47,18.47,18.29,18.29,-57.94,-57.94,-13.54,-13.54,7.36,7.36,17.89,17.89,100.0,100.0,100.0,67.96,338.04,67.96,0.0,0.07,0.0,5.99,6.05,5.99,86.7,81.77,86.7,0.0,0.0,0.0,0.0,0.0,1017.87,1017.09,1017.87,-0.96,-0.96,276.71,276.71,0.03,0.03,1.34,1.34,0.0,0.0,260.39,273.24,250.0,293.2,250.77,293.2,0.12,0.12,0.1,0.12,0.08,0.12,3.44,3.53,2.62,2.68,3.18,2.68,24.14,24.14,19.62,17.03,19.62,153.35,284.56,263.85,252.6,44.26,153.35,0.12,0.17,0.13,0.13,0.61,0.24,0.17,2.32,3.25,2.38,2.71,2.09,2.32,4.38,23.23,4.38,89.9,89.9,89.89,89.89,269.93,269.93,89.85,89.85,89.86,89.86,89.86,89.86,269.93,269.93,89.86,89.86,89.97,89.97,89.88,89.88,3.2,5.13,3.2,3.07,3.07,2.9,2.9,15.79,15.79,1.95,1.95,2.05,2.05,2.16,2.16,5.97,5.97,2.25,2.25,1.49,1.49,2.66,2.66,11.45,67.62,12.61,250.8,41.99,250.8,0.04,0.04,0.04,0.59,0.21,0.59,1.29,1.31,1.29,2.94,2.08,2.94
2023-06-22T12:00:00+00:00,17.11,17.57,17.11,18.5,18.5,18.35,18.35,-59.12,-59.12,-12.89,-12.89,7.13,7.13,17.92,17.92,100.0,100.0,100.0,65.0,7.24,65.0,0.0,0.08,0.0,6.89,7.06,6.89,86.15,82.3,86.15,0.0,0.0,0.0,0.0,0.0,1017.68,1016.87,1017.68,-0.56,-0.56,275.5,275.5,0.03,0.03,1.29,1.29,0.0,0.0,263.0,278.88,249.98,237.5,250.84,237.5,0.11,0.12,0.09,0.15,0.07,0.15,3.49,3.52,2.66,2.82,3.25,2.82,24.14,24.14,19.65,17.08,19.65,87.38,295.86,266.92,251.2,38.52,87.38,0.17,0.24,0.13,0.12,0.58,0.27,0.24,1.95,3.1,2.22,2.69,2.23,1.95,356.52,16.16,356.52,89.88,89.88,89.87,89.87,269.92,269.92,89.81,89.81,89.82,89.82,89.82,89.82,269.93,269.93,89.83,89.83,89.94,89.94,89.85,89.85,3.71,5.82,3.71,3.14,3.14,2.93,2.93,14.65,14.65,1.75,1.75,1.85,1.85,1.98,1.98,7.07,7.07,2.09,2.09,1.67,1.67,2.61,2.61,20.04,11.43,10.05,250.2,35.18,250.2,0.13,0.06,0.05,0.56,0.25,0.56,1.33,1.47,1.44,2.91,2.22,2.91
2023-06-22T13:00:00+00:00,17.0,17.58,17.0,18.47,18.47,18.33,18.33,-58.77,-58.77,-12.96,-12.96,7.06,7.06,17.92,17.92,100.0,100.0,100.0,62.05,25.95,62.05,0.0,0.1,0.0,7.71,6.83,7.71,87.07,82.17,87.07,0.0,0.0,0.0,0.0,0.0,1017.41,1016.89,1017.41,0.02,0.02,307.64,307.64,0.03,0.03,1.72,1.72,0.0,0.0,34.67,315.65,306.52,216.5,248.3,216.5,0.13,0.13,0.09,0.17,0.06,0.17,3.0,3.35,2.52,2.94,2.89,2.94,24.14,24.14,19.68,17.06,19.68,81.29,323.43,299.88,252.0,36.55,81.29,0.24,0.29,0.16,0.19,0.54,0.28,0.29,2.05,2.88,2.16,2.65,2.37,2.05,358.54,9.88,358.54,89.86,89.86,89.84,89.84,269.88,269.88,150.58,150.58,151.1,151.1,87.67,87.67,269.94,269.94,89.33,89.33,150.0,150.0,89.78,89.78,3.77,5.57,3.77,2.78,2.78,2.51,2.51,11.91,11.91,1.21,1.21,1.26,1.26,1.34,1.34,6.94,6.94,1.46,1.46,2.01,2.01,2.09,2.09,14.64,10.75,7.59,252.8,31.22,252.8,0.21,0.09,0.14,0.51,0.27,0.51,1.82,1.57,1.65,2.86,2.36,2.86
2023-06-22T14:00:00+00:00,16.92,17.58,16.92,18.43,18.43,18.31,18.31,-58.42,-58.42,-13.03,-13.03,7.0,7.0,17.92,17.92,100.0,100.0,100.0,59.09,39.39,59.09,0.0,0.11,0.0,8.39,6.59,8.39,88.01,82.03,88.01,0.0,0.0,0.0,0.0,0.0,1017.34,1016.91,1017.34,0.94,0.94,339.78,339.78,0.04,0.04,2.15,2.15,0.0,0.0,48.33,352.41,3.07,214.3,245.75,214.3,0.14,0.15,0.09,0.19,0.04,0.19,3.03,3.19,2.37,3.11,2.54,3.11,24.14,24.14,19.7,17.03,19.7,83.07,351.0,332.85,252.9,34.58,83.07,0.28,0.35,0.18,0.26,0.5,0.3,0.35,2.15,2.67,2.11,2.63,2.5,2.15,0.55,3.59,0.55,89.84,89.84,89.81,89.81,269.84,269.84,211.35,211.35,212.37,212.37,85.53,85.53,269.95,269.95,88.84,88.84,210.07,210.07,89.72,89.72,3.84,5.32,3.84,2.43,2.43,2.1,2.1,9.17,9.17,0.68,0.68,0.68,0.68,0.69,0.69,6.8,6.8,0.83,0.83,2.36,2.36,1.56,1.56,11.22,10.07,5.13,256.6,27.26,256.6,0.25,0.12,0.22,0.46,0.28,0.46,2.07,1.68,1.87,2.8,2.5,2.8
2023-06-22T15:00:00+00:00,16.92,17.58,16.92,18.39,18.39,18.28,18.28,-58.06,-58.06,-13.11,-13.11,6.93,6.93,17.92,17.92,100.0,100.0,100.0,56.13,50.54,56.13,0.0,0.12,0.0,8.05,6.35,8.05,88.34,81.9,88.34,0.0,0.0,0.0,0.0,0.0,1017.17,1016.93,1017.17,1.37,1.37,11.92,11.92,0.04,0.04,2.58,2.58,0.0,0.0,49.52,29.18,59.61,222.7,243.21,222.7,0.14,0.16,0.09,0.27,0.03,0.27,3.2,3.02,2.23,3.22,2.18,3.22,24.14,24.14,19.69,17.01,19.69,82.9,18.57,5.81,253.1,32.61,82.9,0.33,0.45,0.21,0.33,0.46,0.31,0.45,2.34,2.45,2.05,2.64,2.64,2.34,2.57,357.31,2.57,89.82,89.82,89.78,89.78,269.8,269.8,272.12,272.12,273.65,273.65,83.38,83.38,269.96,269.96,88.34,88.34,270.13,270.13,89.65,89.65,3.9,5.07,3.9,2.07,2.07,1.68,1.68,6.43,6.43,0.14,0.14,0.09,0.09,0.05,0.05,6.67,6.67,0.2,0.2,2.7,2.7,1.04,1.04,10.86,9.39,2.67,266.1,23.3,266.1,0.31,0.15,0.31,0.37,0.3,0.37,2.23,1.78,2.08,2.68,2.64,2.68
2023-06-22T16:00:00+00:00,17.03,17.46,17.03,18.21,18.21,17.88,17.88,-56.11,-56.11,-13.6,-13.6,6.83,6.83,17.61,17.61,100.0,100.0,100.0,53.17,61.94,53.17,0.0,0.11,0.0,8.22,6.68,8.22,86.11,82.63,86.11,0.0,0.0,0.0,0.0,0.0,1017.42,1017.15,1017.42,1.17,1.17,5.66,5.66,0.09,0.09,4.15,4.15,0.0,0.0,50.27,29.45,55.01,238.4,291.37,238.4,0.16,0.18,0.12,0.28,0.14,0.28,3.3,2.99,2.38,3.37,2.51,3.37,24.14,24.14,19.68,17.0,19.68,79.56,20.27,4.71,257.8,30.17,79.56,0.38,0.52,0.22,0.37,0.43,0.33,0.52,2.59,2.51,2.17,2.67,2.71,2.59,0.26,356.82,0.26,89.81,89.81,89.7,89.7,269.83,269.83,271.77,271.77,272.89,272.89,146.31,146.31,269.97,269.97,150.78,150.78,270.15,270.15,89.42,89.42,3.8,5.36,3.8,2.05,2.05,1.43,1.43,7.35,7.35,0.2,0.2,0.15,0.15,0.09,0.09,7.48,7.48,0.16,0.16,2.63,2.63,0.82,0.82,9.31,5.98,0.24,268.4,20.23,268.4,0.35,0.14,0.34,0.31,0.32,0.31,2.36,1.75,2.21,2.57,2.71,2.57
2023-06-22T17:00:00+00:00,17.03,17.34,17.03,18.03,18.03,17.48,17.48,-54.16,-54.16,-14.1,-14.1,6.72,6.72,17.29,17.29,100.0,100.0,100.0,50.21,73.78,50.21,0.0,0.1,0.0,8.78,7.01,8.78,86.57,83.37,86.57,0.0,0.0,0.0,0.0,0.0,1017.43,1017.38,1017.43,0.65,0.65,359.39,359.39,0.14,0.14,5.71,5.71,0.0,0.0,50.98,29.73,50.42,257.1,339.53,257.1,0.18,0.19,0.14,0.29,0.26,0.29,3.42,2.95,2.52,3.66,2.84,3.66,24.14,24.14,19.67,17.0,19.67,77.57,21.98,3.6,265.9,27.74,77.57,0.43,0.57,0.23,0.4,0.42,0.35,0.57,2.75,2.57,2.28,2.77,2.78,2.75,357.94,356.33,357.94,89.81,89.81,89.63,89.63,269.86,269.86,271.43,271.43,272.13,272.13,209.24,209.24,269.99,269.99,213.23,213.23,270.17,270.17,89.18,89.18,3.71,5.66,3.71,2.02,2.02,1.19,1.19,8.28,8.28,0.27,0.27,0.21,0.21,0.14,0.14,8.28,8.28,0.11,0.11,2.55,2.55,0.61,0.61,7.9,2.58,357.82,269.8,17.15,269.8,0.39,0.13,0.37,0.29,0.35,0.29,2.49,1.71,2.34,2.51,2.78,2.51
2023-06-22T18:00:00+00:00,17.1,17.22,17.1,17.84,17.84,17.07,17.07,-52.21,-52.21,-14.6,-14.6,6.61,6.61,16.97,16.97,100.0,100.0,100.0,47.25,87.72,47.25,0.0,0.09,0.0,9.11,7.33,9.11,85.73,84.1,85.73,0.0,0.0,0.0,0.0,0.0,1017.53,1017.61,1017.53,-0.08,-0.08,353.13,353.13,0.19,0.19,7.28,7.28,0.0,0.0,51.57,30.0,45.82,266.6,27.69,266.6,0.19,0.21,0.17,0.31,0.37,0.31,3.59,2.92,2.67,3.78,3.17,3.78,24.14,24.14,19.65,16.99,19.65,76.25,23.68,2.5,268.9,25.3,76.25,0.47,0.63,0.24,0.44,0.41,0.37,0.63,2.94,2.63,2.4,2.85,2.85,2.94,355.63,355.84,355.63,89.8,89.8,89.55,89.55,269.89,269.89,271.08,271.08,271.37,271.37,272.17,272.17,270.0,270.0,275.67,275.67,270.19,270.19,88.95,88.95,3.61,5.95,3.61,2.0,2.0,0.94,0.94,9.2,9.2,0.33,0.33,0.27,0.27,0.18,0.18,9.09,9.09,0.07,0.07,2.48,2.48,0.39,0.39,7.39,359.17,355.39,267.1,14.08,267.1,0.44,0.12,0.4,0.26,0.37,0.26,2.63,1.68,2.47,2.45,2.85,2.45
2023-06-22T19:00:00+00:00,16.99,17.2,16.99,17.91,17.91,17.23,17.23,-51.58,-51.58,-14.94,-14.94,6.5,6.5,17.03,17.03,100.0,68.33,100.0,44.29,103.24,44.29,0.0,0.07,0.0,8.7,7.11,8.7,84.49,83.6,84.49,0.0,0.0,0.0,0.0,0.0,1017.79,1018.19,1017.79,-0.9,-0.9,353.82,353.82,0.19,0.19,7.23,7.23,0.0,0.0,49.05,29.56,43.61,264.6,23.85,264.6,0.24,0.22,0.21,0.29,0.4,0.29,3.69,2.93,2.83,3.93,3.47,3.93,24.14,24.14,19.63,16.93,19.63,74.98,25.02,3.96,269.1,26.67,74.98,0.51,0.68,0.24,0.47,0.4,0.39,0.68,3.1,2.7,2.48,2.86,3.01,3.1,351.61,353.08,351.61,89.71,89.71,89.2,89.2,269.91,269.91,270.82,270.82,271.01,271.01,271.56,271.56,270.01,270.01,273.91,273.91,270.18,270.18,149.66,149.66,3.38,5.74,3.38,1.63,1.63,0.71,0.71,9.47,9.47,0.57,0.57,0.53,0.53,0.44,0.44,10.25,10.25,0.34,0.34,2.72,2.72,0.38,0.38,4.73,354.16,355.58,269.9,15.04,269.9,0.46,0.1,0.42,0.27,0.39,0.27,2.74,1.56,2.52,2.49,3.01,2.49
2023-06-22T20:00:00+00:00,17.09,17.17,17.09,17.98,17.98,17.38,17.38,-50.95,-50.95,-15.27,-15.27,6.38,6.38,17.08,17.08,100.0,36.67,100.0,41.33,123.74,41.33,0.0,0.05,0.0,8.01,6.89,8.01,83.81,83.1,83.81,0.0,0.0,0.0,0.0,0.0,1018.32,1018.76,1018.32,-1.59,-1.59,354.5,354.5,0.19,0.19,7.19,7.19,0.0,0.0,40.49,29.12,41.41,263.4,20.0,263.4,0.33,0.22,0.24,0.25,0.43,0.25,3.69,2.94,2.98,3.98,3.76,3.98,24.13,24.13,19.6,16.87,19.6,73.96,26.36,5.42,269.3,28.05,73.96,0.52,0.69,0.23,0.5,0.38,0.4,0.69,3.18,2.78,2.57,2.82,3.17,3.18,347.6,350.32,347.6,89.63,89.63,88.84,88.84,269.93,269.93,270.55,270.55,270.66,270.66,270.95,270.95,270.01,270.01,272.14,272.14,270.16,270.16,210.36,210.36,3.15,5.52,3.15,1.25,1.25,0.49,0.49,9.74,9.74,0.82,0.82,0.79,0.79,0.71,0.71,11.41,11.41,0.62,0.62,2.96,2.96,0.36,0.36,356.46,349.14,355.76,270.5,15.99,270.5,0.4,0.08,0.43,0.27,0.4,0.27,2.66,1.45,2.57,2.55,3.17,2.55
2023-06-22T21:00:00+00:00,16.91,17.14,16.91,18.05,18.05,17.54,17.54,-50.32,-50.32,-15.61,-15.61,6.26,6.26,17.13,17.13,100.0,5.0,100.0,38.38,150.06,38.38,0.0,0.04,0.0,8.01,6.66,8.01,85.37,82.6,85.37,0.0,0.0,0.0,0.0,0.0,1018.94,1019.34,1018.94,-1.98,-1.98,355.19,355.19,0.19,0.19,7.14,7.14,0.0,0.0,38.34,28.68,39.2,262.4,16.16,262.4,0.37,0.23,0.28,0.24,0.46,0.24,3.74,2.95,3.14,3.91,4.06,3.91,24.13,24.13,19.57,16.81,19.57,72.14,27.7,6.88,267.6,29.42,72.14,0.52,0.69,0.23,0.53,0.35,0.42,0.69,3.22,2.85,2.65,2.8,3.33,3.22,343.58,347.56,343.58,89.54,89.54,88.49,88.49,269.95,269.95,270.29,270.29,270.3,270.3,270.34,270.34,270.02,270.02,270.38,270.38,270.15,270.15,271.07,271.07,2.92,5.31,2.92,0.88,0.88,0.26,0.26,10.01,10.01,1.06,1.06,1.05,1.05,0.97,0.97,12.57,12.57,0.89,0.89,3.2,3.2,0.35,0.35,348.16,344.13,355.95,268.3,16.95,268.3,0.37,0.06,0.45,0.24,0.42,0.24,2.56,1.33,2.62,2.48,3.33,2.48
2023-06-22T22:00:00+00:00,16.82,17.12,16.82,17.78,17.78,17.47,17.47,-50.36,-50.36,-15.39,-15.39,6.06,6.06,17.13,17.13,100.0,4.27,100.0,35.42,172.96,35.42,0.0,0.03,0.0,7.4,5.85,7.4,85.43,82.5,85.43,0.0,0.0,0.0,0.0,0.0,1019.67,1019.85,1019.67,-1.92,-1.92,2.7,2.7,0.14,0.14,5.53,5.53,0.0,0.0,35.9,27.22,33.57,260.2,18.01,260.2,0.38,0.25,0.34,0.23,0.46,0.23,3.78,3.08,3.12,3.86,4.01,3.86,24.13,24.13,19.54,16.77,19.54,69.91,24.79,8.76,264.5,31.27,69.91,0.51,0.66,0.26,0.53,0.33,0.43,0.66,3.25,2.95,2.71,2.81,3.52,3.25,336.13,348.8,336.13,89.38,89.38,88.36,88.36,269.96,269.96,270.34,270.34,270.36,270.36,270.41,270.41,270.02,270.02,270.47,270.47,270.16,270.16,192.85,192.85,3.14,4.74,3.14,0.68,0.68,0.22,0.22,9.92,9.92,0.87,0.87,0.85,0.85,0.78,0.78,12.82,12.82,0.71,0.71,2.93,2.93,0.24,0.24,341.16,337.64,348.66,264.0,16.03,264.0,0.33,0.08,0.38,0.22,0.35,0.22,2.47,1.45,2.44,2.47,2.86,2.47
2023-06-22T23:00:00+00:00,16.79,17.09,16.79,17.51,17.51,17.4,17.4,-50.39,-50.39,-15.18,-15.18,5.86,5.86,17.13,17.13,56.44,3.53,56.44,32.46,193.24,32.46,0.0,0.02,0.0,6.75,5.03,6.75,85.26,82.4,85.26,0.0,0.0,0.0,0.0,0.0,1020.1,1020.36,1020.1,-1.54,-1.54,10.22,10.22,0.08,0.08,3.91,3.91,0.0,0.0,32.54,25.76,27.95,257.1,19.87,257.1,0.39,0.28,0.4,0.23,0.45,0.23,3.78,3.22,3.1,3.75,3.96,3.75,24.13,24.13,19.51,16.74,19.51,67.9,21.89,10.63,260.9,33.12,67.9,0.48,0.63,0.29,0.53,0.3,0.44,0.63,3.35,3.05,2.77,2.85,3.72,3.35,328.67,350.04,328.67,89.21,89.21,88.23,88.23,269.98,269.98,270.38,270.38,270.41,270.41,270.48,270.48,270.03,270.03,270.56,270.56,270.17,270.17,114.62,114.62,3.37,4.18,3.37,0.49,0.49,0.18,0.18,9.84,9.84,0.68,0.68,0.66,0.66,0.6,0.6,13.07,13.07,0.53,0.53,2.65,2.65,0.12,0.12,334.69,331.14,341.36,259.9,15.1,259.9,0.28,0.09,0.31,0.18,0.28,0.18,2.3,1.56,2.27,2.37,2.38,2.37
2023-06-23T00:00:00+00:00,16.65,17.07,16.65,17.24,17.24,17.33,17.33,-50.42,-50.42,-14.96,-14.96,5.66,5.66,17.13,17.13,0.0,2.8,0.0,29.5,58.13,29.5,0.52,0.01,0.52,6.68,4.22,6.68,85.17,82.3,85.17,0.0,0.0,0.0,0.0,0.0,1020.43,1020.87,1020.43,-1.07,-1.07,17.73,17.73,0.03,0.03,2.3,2.3,0.0,0.0,33.24,24.3,22.32,16.8,21.72,16.8,0.38,0.3,0.46,0.22,0.45,0.22,3.84,3.35,3.08,3.03,3.91,3.03,24.14,24.14,19.41,16.7,19.41,66.38,18.98,12.51,341.1,34.97,66.38,0.46,0.6,0.32,0.53,0.41,0.45,0.6,3.43,3.15,2.83,2.55,3.91,3.43,321.22,351.28,321.22,89.05,89.05,88.1,88.1,269.99,269.99,270.43,270.43,270.47,270.47,270.55,270.55,270.03,270.03,270.65,270.65,270.18,270.18,36.4,36.4,3.59,3.61,3.59,0.29,0.29,0.14,0.14,9.75,9.75,0.49,0.49,0.46,0.46,0.41,0.41,13.32,13.32,0.35,0.35,2.38,2.38,0.01,0.01,332.67,324.65,334.07,329.6,14.18,329.6,0.26,0.11,0.24,0.34,0.21,0.34,2.26,1.68,2.09,2.66,1.91,2.66
2023-06-23T01:00:00+00:00,16.44,17.09,16.44,17.12,17.12,17.28,17.28,-50.82,-50.82,-14.93,-14.93,5.75,5.75,17.18,17.18,0.0,2.53,0.0,0.65,33.11,0.65,0.39,0.02,0.39,6.46,3.55,6.46,86.01,82.0,86.01,0.0,0.0,0.0,0.0,0.0,1020.52,1021.08,1020.52,-0.38,-0.38,9.02,9.02,0.08,0.08,4.56,4.56,0.0,0.0,31.96,23.82,21.95,11.2,22.47,11.2,0.37,0.3,0.44,0.23,0.42,0.23,3.84,3.35,3.06,3.14,3.92,3.14,24.14,24.14,19.38,16.69,19.38,67.54,20.27,13.27,343.1,34.96,67.54,0.44,0.55,0.31,0.5,0.39,0.42,0.55,3.46,3.21,2.82,2.59,3.92,3.46,317.42,1.07,317.42,89.3,89.3,88.68,88.68,270.0,270.0,210.24,210.24,210.26,210.26,210.31,210.31,270.04,270.04,210.38,210.38,270.15,270.15,54.21,54.21,3.24,3.13,3.24,0.43,0.43,0.35,0.35,11.5,11.5,0.59,0.59,0.57,0.57,0.54,0.54,12.94,12.94,0.5,0.5,2.69,2.69,0.27,0.27,328.56,276.43,329.01,330.2,21.2,330.2,0.25,0.07,0.21,0.31,0.16,0.31,2.19,1.45,2.0,2.63,1.72,2.63
2023-06-23T02:00:00+00:00,16.28,17.11,16.28,17.01,17.01,17.23,17.23,-51.21,-51.21,-14.9,-14.9,5.83,5.83,17.22,17.22,0.99,2.27,0.99,1.57,27.74,1.57,0.38,0.04,0.38,5.8,2.88,5.8,87.66,81.7,87.66,0.0,0.0,0.0,0.0,0.0,1020.96,1021.3,1020.96,0.71,0.71,0.31,0.31,0.12,0.12,6.83,6.83,0.0,0.0,27.8,23.34,21.58,6.6,23.21,6.6,0.37,0.29,0.42,0.25,0.4,0.25,3.74,3.34,3.03,3.21,3.92,3.21,24.14,24.14,19.36,16.68,19.36,72.02,21.57,14.03,345.5,34.94,72.02,0.42,0.52,0.3,0.47,0.38,0.4,0.52,3.41,3.28,2.82,2.63,3.92,3.41,313.61,10.87,313.61,89.55,89.55,89.25,89.25,270.01,270.01,150.04,150.04,150.06,150.06,150.08,150.08,270.04,270.04,150.11,150.11,270.12,270.12,72.02,72.02,2.89,2.64,2.89,0.58,0.58,0.56,0.56,13.24,13.24,0.68,0.68,0.67,0.67,0.66,0.66,12.55,12.55,0.64,0.64,3.01,3.01,0.53,0.53,320.82,228.22,323.96,332.3,28.22,332.3,0.2,0.04,0.18,0.28,0.11,0.28,2.05,1.23,1.92,2.57,1.54,2.57
2023-06-23T03:00:00+00:00,16.23,17.13,16.23,16.89,16.89,17.18,17.18,-51.6,-51.6,-14.87,-14.87,5.92,5.92,17.27,17.27,2.86,2.0,2.86,2.49,23.8,2.49,0.37,0.05,0.37,5.76,2.21,5.76,89.74,81.4,89.74,0.0,0.0,0.0,0.0,0.0,1021.38,1021.52,1021.38,1.36,1.36,351.6,351.6,0.17,0.17,9.09,9.09,0.0,0.0,25.52,22.86,21.21,336.5,23.96,336.5,0.35,0.29,0.4,0.2,0.37,0.2,3.69,3.34,3.01,3.52,3.93,3.52,24.14,24.14,19.33,16.67,19.33,72.07,22.86,14.79,348.6,34.93,72.07,0.39,0.49,0.29,0.44,0.36,0.37,0.49,3.4,3.34,2.81,2.65,3.93,3.4,309.81,20.66,309.81,89.8,89.8,89.83,89.83,270.02,270.02,89.85,89.85,89.85,89.85,89.84,89.84,270.05,270.05,89.84,89.84,270.09,270.09,89.83,89.83,2.54,2.16,2.54,0.72,0.72,0.77,0.77,14.99,14.99,0.78,0.78,0.78,0.78,0.79,0.79,12.17,12.17,0.79,0.79,3.32,3.32,0.79,0.79,315.62,180.0,318.9,340.7,35.24,340.7,0.17,0.0,0.15,0.26,0.06,0.26,1.95,1.0,1.83,2.56,1.35,2.56
2023-06-23T04:00:00+00:00,16.26,17.18,16.26,16.78,16.78,17.13,17.13,-52.8,-52.8,-14.51,-14.51,6.1,6.1,17.24,17.24,11.76,29.87,11.76,3.4,20.26,3.4,0.36,0.05,0.36,5.12,1.79,5.12,89.97,81.17,89.97,0.0,0.0,0.0,0.0,0.0,1021.79,1021.86,1021.79,1.38,1.38,316.79,316.79,0.12,0.12,6.75,6.75,0.0,0.0,21.3,23.26,20.09,337.4,24.44,337.4,0.33,0.28,0.37,0.18,0.34,0.18,3.57,3.38,2.94,3.45,3.88,3.45,24.14,24.14,19.31,16.71,19.31,72.17,23.26,14.8,352.9,34.47,72.17,0.36,0.45,0.28,0.41,0.35,0.35,0.45,3.39,3.38,2.81,2.65,3.89,3.39,305.15,327.23,305.15,149.86,149.86,149.87,149.87,270.03,270.03,149.88,149.88,149.88,149.88,149.87,149.87,270.05,270.05,149.87,149.87,270.07,270.07,149.87,149.87,2.27,1.75,2.27,0.77,0.77,0.76,0.76,15.1,15.1,0.73,0.73,0.73,0.73,0.74,0.74,11.45,11.45,0.75,0.75,3.91,3.91,0.76,0.76,311.03,180.0,309.78,341.2,26.21,341.2,0.13,0.0,0.11,0.25,0.34,0.25,1.73,1.0,1.7,2.57,2.36,2.57
2023-06-23T05:00:00+00:00,16.33,17.22,16.33,16.67,16.67,17.09,17.09,-53.99,-53.99,-14.15,-14.15,6.28,6.28,17.22,17.22,1.9,57.73,1.9,4.32,18.18,4.32,0.35,0.05,0.35,5.0,1.38,5.0,89.08,80.93,89.08,0.0,0.0,0.0,0.0,0.0,1022.19,1022.19,1022.19,0.98,0.98,281.99,281.99,0.08,0.08,4.41,4.41,0.0,0.0,20.52,23.65,18.97,18.8,24.92,18.8,0.31,0.27,0.35,0.24,0.32,0.24,3.53,3.43,2.88,3.16,3.84,3.16,24.14,24.14,19.3,16.76,19.3,71.9,23.65,14.81,357.9,34.01,71.9,0.33,0.41,0.27,0.37,0.34,0.32,0.41,3.38,3.43,2.82,2.63,3.84,3.38,300.48,273.81,300.48,209.91,209.91,209.91,209.91,270.04,270.04,209.9,209.9,209.91,209.91,209.91,209.91,270.05,270.05,209.91,209.91,270.05,270.05,209.91,209.91,1.99,1.35,1.99,0.81,0.81,0.75,0.75,15.22,15.22,0.68,0.68,0.68,0.68,0.7,0.7,10.72,10.72,0.7,0.7,4.49,4.49,0.73,0.73,300.3,180.0,300.67,337.0,17.17,337.0,0.1,0.0,0.08,0.22,0.61,0.22,1.68,1.0,1.57,2.51,3.38,2.51
2023-06-23T06:00:00+00:00,16.44,17.27,16.44,16.56,16.56,17.05,17.05,-55.18,-55.18,-13.79,-13.79,6.45,6.45,17.2,17.2,17.23,85.6,17.23,5.24,21.01,5.24,0.34,0.05,0.34,4.17,0.96,4.17,88.16,80.7,88.16,0.0,0.0,0.0,0.0,0.0,1022.78,1022.53,1022.78,0.33,0.33,247.18,247.18,0.03,0.03,2.07,2.07,0.0,0.0,17.46,24.05,17.85,25.0,25.4,25.0,0.29,0.26,0.32,0.24,0.29,0.24,3.46,3.47,2.81,3.07,3.79,3.07,24.13,24.13,19.3,16.8,19.3,72.23,24.05,14.82,0.6,33.55,72.23,0.3,0.37,0.26,0.34,0.31,0.3,0.37,3.36,3.47,2.82,2.61,3.8,3.36,295.82,220.38,295.82,269.97,269.97,269.95,269.95,270.05,270.05,269.93,269.93,269.94,269.94,269.94,269.94,270.05,270.05,269.94,269.94,270.03,270.03,269.95,269.95,1.72,0.94,1.72,0.86,0.86,0.74,0.74,15.33,15.33,0.63,0.63,0.63,0.63,0.65,0.65,10.0,10.0,0.66,0.66,5.08,5.08,0.7,0.7,301.15,180.0,291.55,331.9,8.14,331.9,0.07,0.0,0.04,0.2,0.89,0.2,1.41,1.0,1.44,2.45,4.39,2.45
2023-06-23T07:00:00+00:00,16.53,17.38,16.53,16.57,16.57,17.07,17.07,-55.81,-55.81,-13.77,-13.77,6.34,6.34,17.19,17.19,44.81,90.4,44.81,6.16,16.43,6.16,0.34,0.04,0.34,4.03,2.04,4.03,87.87,80.1,87.87,0.0,0.0,0.0,0.0,0.0,1023.23,1023.0,1023.23,-0.45,-0.45,246.54,246.54,0.04,0.04,3.28,3.28,0.0,0.0,15.82,23.52,18.24,14.1,25.38,14.1,0.28,0.25,0.29,0.23,0.27,0.23,3.41,3.49,2.78,3.11,3.73,3.11,24.13,24.13,19.33,16.93,19.33,75.23,23.4,12.99,0.8,33.4,75.23,0.28,0.34,0.25,0.32,0.29,0.28,0.34,3.36,3.49,2.83,2.61,3.74,3.36,280.98,224.38,280.98,269.97,269.97,269.95,269.95,270.05,270.05,269.94,269.94,269.95,269.95,269.95,269.95,270.04,270.04,269.95,269.95,270.02,270.02,269.95,269.95,2.26,1.92,2.26,1.71,1.71,1.63,1.63,18.34,18.34,1.46,1.46,1.49,1.49,1.52,1.52,10.39,10.39,1.54,1.54,5.02,5.02,1.6,1.6,180.0,204.1,281.18,329.4,322.8,329.4,0.0,0.01,0.03,0.15,0.63,0.15,1.0,1.17,1.44,2.26,3.66,2.26
2023-06-23T08:00:00+00:00,16.63,17.5,16.63,16.59,16.59,17.09,17.09,-56.44,-56.44,-13.74,-13.74,6.23,6.23,17.19,17.19,18.92,95.2,18.92,7.08,1.47,7.08,0.33,0.02,0.33,4.17,3.12,4.17,87.81,79.5,87.81,0.0,0.0,0.0,0.0,0.0,1023.53,1023.48,1023.53,-1.15,-1.15,245.9,245.9,0.06,0.06,4.48,4.48,0.0,0.0,14.74,23.0,18.64,350.0,25.35,350.0,0.26,0.25,0.27,0.2,0.25,0.2,3.5,3.52,2.74,3.21,3.68,3.21,24.14,24.14,19.38,17.05,19.38,83.16,22.76,11.17,1.2,33.24,83.16,0.27,0.32,0.25,0.29,0.27,0.26,0.32,3.4,3.5,2.85,2.63,3.69,3.4,266.13,228.38,266.13,269.96,269.96,269.96,269.96,270.04,270.04,269.95,269.95,269.95,269.95,269.95,269.95,270.03,270.03,269.95,269.95,270.01,270.01,269.96,269.96,2.81,2.89,2.81,2.55,2.55,2.51,2.51,21.36,21.36,2.3,2.3,2.34,2.34,2.39,2.39,10.78,10.78,2.42,2.42,4.97,4.97,2.49,2.49,281.93,228.21,270.8,325.7,277.47,325.7,0.04,0.02,0.03,0.11,0.37,0.11,1.36,1.34,1.45,1.94,2.93,1.94
2023-06-23T09:00:00+00:00,16.82,17.61,16.82,16.61,16.61,17.11,17.11,-57.08,-57.08,-13.72,-13.72,6.11,6.11,17.19,17.19,3.89,100.0,3.89,7.99,275.95,7.99,0.32,0.01,0.32,4.8,4.2,4.8,88.61,78.9,88.61,0.0,0.0,0.0,0.0,0.0,1023.83,1023.96,1023.83,-1.55,-1.55,245.26,245.26,0.07,0.07,5.69,5.69,0.0,0.0,11.12,22.47,19.03,349.7,25.33,349.7,0.25,0.24,0.24,0.2,0.23,0.2,3.55,3.54,2.71,3.06,3.62,3.06,24.14,24.14,19.48,17.17,19.48,98.53,22.11,9.34,0.4,33.09,98.53,0.26,0.31,0.24,0.27,0.26,0.24,0.31,3.5,3.52,2.86,2.64,3.63,3.5,251.29,232.38,251.29,269.96,269.96,269.96,269.96,270.04,270.04,269.96,269.96,269.96,269.96,269.96,269.96,270.02,270.02,269.96,269.96,270.0,270.0,269.96,269.96,3.35,3.87,3.35,3.4,3.4,3.4,3.4,24.37,24.37,3.13,3.13,3.2,3.2,3.26,3.26,11.17,11.17,3.3,3.3,4.91,4.91,3.39,3.39,271.43,252.31,260.43,322.1,232.13,322.1,0.04,0.03,0.02,0.07,0.11,0.07,1.36,1.51,1.45,1.7,2.2,1.7
2023-06-23T10:00:00+00:00,17.1,17.75,17.1,17.02,17.02,17.41,17.41,-57.38,-57.38,-13.8,-13.8,6.3,6.3,17.4,17.4,82.5,91.87,82.5,8.91,224.57,8.91,0.31,0.02,0.31,5.41,4.2,5.41,88.08,77.3,88.08,0.0,0.0,0.0,0.0,0.0,1023.92,1024.06,1023.92,-1.51,-1.51,244.65,244.65,0.09,0.09,5.48,5.48,0.0,0.0,6.1,21.12,19.1,1.4,24.8,1.4,0.24,0.23,0.22,0.23,0.22,0.23,3.61,3.54,2.67,2.86,3.56,2.86,24.14,24.14,19.61,17.31,19.61,124.69,20.88,3.91,354.7,31.91,124.69,0.25,0.31,0.23,0.25,0.24,0.24,0.31,3.63,3.52,2.89,2.64,3.58,3.63,251.59,237.78,251.59,269.96,269.96,269.97,269.97,270.04,270.04,269.97,269.97,269.97,269.97,269.97,269.97,270.02,270.02,269.97,269.97,269.99,269.99,269.97,269.97,2.48,3.77,2.48,3.87,3.87,3.74,3.74,25.68,25.68,3.25,3.25,3.33,3.33,3.41,3.41,12.84,12.84,3.48,3.48,5.48,5.48,3.67,3.67,263.81,228.21,256.52,315.3,235.48,315.3,0.06,0.02,0.01,0.05,0.12,0.05,1.4,1.34,0.97,1.6,2.17,1.6
2023-06-23T11:00:00+00:00,17.39,17.89,17.39,17.44,17.44,17.71,17.71,-57.68,-57.68,-13.87,-13.87,6.49,6.49,17.62,17.62,28.53,83.73,28.53,9.83,217.73,9.83,0.3,0.04,0.3,5.08,4.2,5.08,85.28,75.7,85.28,0.0,0.0,0.0,0.0,0.0,1024.21,1024.16,1024.21,-1.21,-1.21,244.03,244.03,0.1,0.1,5.28,5.28,0.0,0.0,357.84,19.76,19.18,356.1,24.28,356.1,0.24,0.23,0.21,0.21,0.2,0.21,3.64,3.53,2.64,2.8,3.51,2.8,24.14,24.14,19.8,17.45,19.8,149.17,19.64,358.48,347.1,30.73,149.17,0.27,0.31,0.23,0.24,0.24,0.23,0.31,3.77,3.53,2.91,2.69,3.52,3.77,251.88,243.18,251.88,269.97,269.97,269.97,269.97,270.04,270.04,269.97,269.97,269.97,269.97,269.97,269.97,270.01,270.01,269.97,269.97,269.99,269.99,269.97,269.97,1.6,3.68,1.6,4.35,4.35,4.07,4.07,26.98,26.98,3.37,3.37,3.46,3.46,3.56,3.56,14.52,14.52,3.66,3.66,6.05,6.05,3.96,3.96,245.66,204.1,252.61,0.0,238.84,0.0,0.14,0.01,0.01,0.0,0.14,0.0,1.45,1.17,0.48,0.0,2.14,0.0
2023-06-23T12:00:00+00:00,17.51,18.03,17.51,17.86,17.86,18.01,18.01,-57.98,-57.98,-13.95,-13.95,6.68,6.68,17.83,17.83,100.0,75.6,100.0,10.75,212.25,10.75,0.29,0.04,0.29,1.6,4.21,1.6,85.88,74.1,85.88,0.0,0.0,0.0,0.0,0.0,1024.85,1024.26,1024.85,-0.84,-0.84,243.42,243.42,0.12,0.12,5.07,5.07,0.0,0.0,8.4,18.41,19.25,354.8,23.75,354.8,0.23,0.22,0.19,0.2,0.19,0.2,3.54,3.53,2.6,2.78,3.45,2.78,24.14,24.14,20.05,17.59,20.05,162.56,18.41,353.05,341.6,29.55,162.56,0.22,0.31,0.22,0.22,0.23,0.23,0.31,3.86,3.53,2.94,2.76,3.47,3.86,252.18,248.58,252.18,269.97,269.97,269.98,269.98,270.04,270.04,269.98,269.98,269.98,269.98,269.98,269.98,270.01,270.01,269.98,269.98,269.98,269.98,269.98,269.98,0.73,3.58,0.73,4.82,4.82,4.41,4.41,28.29,28.29,3.49,3.49,3.59,3.59,3.71,3.71,16.19,16.19,3.84,3.84,6.62,6.62,4.24,4.24,180.0,180.0,248.7,0.0,242.19,0.0,0.0,0.0,0.0,0.0,0.15,0.0,1.0,1.0,0.0,0.0,2.11,0.0
2023-06-23T13:00:00+00:00,17.7,18.02,17.7,18.06,18.06,18.09,18.09,-58.39,-58.39,-13.64,-13.64,6.83,6.83,17.84,17.84,100.0,73.27,100.0,11.66,202.52,11.66,0.29,0.04,0.29,0.83,4.92,0.83,83.11,78.1,83.11,0.0,0.0,0.0,0.0,0.0,1024.43,1024.17,1024.43,-0.42,-0.42,243.23,243.23,0.12,0.12,5.01,5.01,0.0,0.0,1.38,16.86,18.99,356.1,23.4,356.1,0.22,0.21,0.18,0.19,0.18,0.19,3.5,3.52,2.58,2.76,3.39,2.76,24.14,24.14,20.29,17.67,20.29,167.54,16.86,344.89,338.2,343.12,167.54,0.22,0.3,0.21,0.21,0.22,0.22,0.3,3.91,3.52,2.97,2.84,3.82,3.91,203.68,252.23,203.68,269.98,269.98,269.98,269.98,270.04,270.04,269.98,269.98,269.98,269.98,269.98,269.98,270.01,270.01,269.98,269.98,269.98,269.98,269.98,269.98,0.57,3.9,0.57,5.46,5.46,5.04,5.04,29.31,29.31,3.88,3.88,4.01,4.01,4.14,4.14,16.92,16.92,4.28,4.28,6.66,6.66,4.74,4.74,180.0,180.0,241.48,0.0,245.47,0.0,0.0,0.0,0.0,0.0,0.18,0.0,1.0,1.0,0.16,0.0,2.2,0.0
2023-06-23T14:00:00+00:00,17.92,18.02,17.92,18.26,18.26,18.17,18.17,-58.79,-58.79,-13.34,-13.34,6.98,6.98,17.86,17.86,58.95,70.93,58.95,12.58,197.77,12.58,0.28,0.04,0.28,0.9,5.64,0.9,81.29,82.1,81.29,0.0,0.0,0.0,0.0,0.0,1023.85,1024.08,1023.85,0.27,0.27,243.03,243.03,0.13,0.13,4.96,4.96,0.0,0.0,352.48,15.32,18.72,358.7,23.04,358.7,0.22,0.21,0.16,0.18,0.16,0.18,3.45,3.52,2.56,2.76,3.34,2.76,24.14,24.14,20.49,17.76,20.49,167.43,15.32,336.72,337.1,296.7,167.43,0.21,0.29,0.21,0.21,0.21,0.21,0.29,3.92,3.52,2.99,2.9,4.17,3.92,155.19,255.87,155.19,269.98,269.98,269.99,269.99,270.04,270.04,269.99,269.99,269.99,269.99,269.99,269.99,270.02,270.02,269.99,269.99,269.99,269.99,269.99,269.99,0.42,4.23,0.42,6.09,6.09,5.67,5.67,30.33,30.33,4.27,4.27,4.43,4.43,4.58,4.58,17.66,17.66,4.73,4.73,6.69,6.69,5.24,5.24,180.0,180.0,234.25,0.0,248.74,0.0,0.0,0.0,0.01,0.0,0.21,0.0,1.0,1.0,0.31,0.0,2.28,0.0
2023-06-23T15:00:00+00:00,18.17,18.01,18.17,18.46,18.46,18.25,18.25,-59.2,-59.2,-13.03,-13.03,7.13,7.13,17.87,17.87,23.77,68.6,23.77,13.5,207.35,13.5,0.27,0.06,0.27,0.86,6.36,0.86,79.93,86.1,79.93,0.0,0.0,0.0,0.0,0.0,1024.3,1023.98,1024.3,1.02,1.02,242.84,242.84,0.13,0.13,4.9,4.9,0.0,0.0,343.89,13.77,18.46,2.6,22.69,2.6,0.21,0.2,0.15,0.17,0.15,0.17,3.42,3.51,2.54,2.75,3.28,2.75,24.14,24.14,20.63,17.85,20.63,163.57,13.77,328.56,339.9,250.27,163.57,0.21,0.29,0.2,0.2,0.2,0.2,0.29,3.91,3.51,3.02,2.91,4.52,3.91,106.69,259.52,106.69,269.99,269.99,269.99,269.99,270.04,270.04,269.99,269.99,269.99,269.99,269.99,269.99,270.02,270.02,269.99,269.99,269.99,269.99,269.99,269.99,0.26,4.55,0.26,6.73,6.73,6.3,6.3,31.35,31.35,4.66,4.66,4.85,4.85,5.01,5.01,18.39,18.39,5.17,5.17,6.73,6.73,5.74,5.74,180.0,180.0,227.03,0.0,252.02,0.0,0.0,0.0,0.01,0.0,0.24,0.0,1.0,1.0,0.47,0.0,2.37,0.0
2023-06-23T16:00:00+00:00,18.44,18.06,18.44,18.97,18.97,18.49,18.49,-59.32,-59.32,-12.8,-12.8,7.16,7.16,18.1,18.1,11.08,57.93,11.08,14.42,224.23,14.42,0.26,0.09,0.26,3.04,7.87,3.04,77.04,83.43,77.04,0.0,0.0,0.0,0.0,0.0,1024.22,1023.84,1024.22,1.15,1.15,243.33,243.33,0.12,0.12,4.74,4.74,0.0,0.0,338.12,9.39,20.1,4.8,23.12,4.8,0.2,0.2,0.14,0.16,0.14,0.16,3.42,3.47,2.57,2.79,3.24,2.79,24.13,24.13,20.58,17.71,20.58,159.0,8.69,302.6,345.3,249.48,159.0,0.2,0.28,0.2,0.25,0.19,0.24,0.28,3.9,3.44,2.71,2.89,3.82,3.9,146.57,253.88,146.57,269.98,269.98,269.98,269.98,270.04,270.04,269.98,269.98,269.98,269.98,269.98,269.98,270.02,270.02,269.98,269.98,270.0,270.0,269.98,269.98,1.19,5.47,1.19,7.44,7.44,7.47,7.47,30.18,30.18,5.4,5.4,5.67,5.67,5.91,5.91,18.56,18.56,6.13,6.13,6.66,6.66,6.9,6.9,180.0,196.03,231.89,0.0,249.57,0.0,0.0,0.01,0.12,0.0,0.26,0.0,1.0,1.14,1.03,0.0,2.38,0.0
2023-06-23T17:00:00+00:00,18.36,18.1,18.36,19.48,19.48,18.73,18.73,-59.44,-59.44,-12.58,-12.58,7.2,7.2,18.34,18.34,28.73,47.27,28.73,15.34,239.43,15.34,0.25,0.11,0.25,3.92,9.39,3.92,80.07,80.77,80.07,0.0,0.0,0.0,0.0,0.0,1024.21,1023.7,1024.21,0.8,0.8,243.82,243.82,0.1,0.1,4.59,4.59,0.0,0.0,335.26,5.01,21.75,7.1,23.54,7.1,0.19,0.19,0.12,0.15,0.13,0.15,3.42,3.43,2.59,2.76,3.2,2.76,24.13,24.13,20.37,17.57,20.37,155.92,3.62,276.64,350.1,248.68,155.92,0.19,0.27,0.2,0.31,0.18,0.29,0.27,3.88,3.36,2.39,2.87,3.12,3.88,186.45,248.23,186.45,269.98,269.98,269.98,269.98,270.05,270.05,269.98,269.98,269.98,269.98,269.98,269.98,270.03,270.03,269.98,269.98,270.01,270.01,269.98,269.98,2.11,6.4,2.11,8.14,8.14,8.63,8.63,29.0,29.0,6.15,6.15,6.5,6.5,6.8,6.8,18.73,18.73,7.1,7.1,6.58,6.58,8.05,8.05,180.0,212.07,236.75,0.0,247.11,0.0,0.0,0.03,0.22,0.0,0.29,0.0,1.0,1.27,1.59,0.0,2.39,0.0
2023-06-23T18:00:00+00:00,18.04,18.15,18.04,20.0,20.0,18.97,18.97,-59.57,-59.57,-12.35,-12.35,7.23,7.23,18.57,18.57,3.04,36.6,3.04,16.25,250.25,16.25,0.24,0.14,0.24,4.6,10.9,4.6,85.2,78.1,85.2,0.0,0.0,0.0,0.0,0.0,1023.99,1023.56,1023.99,0.22,0.22,244.31,244.31,0.09,0.09,4.43,4.43,0.0,0.0,335.48,0.63,23.39,10.2,23.97,10.2,0.19,0.19,0.11,0.15,0.12,0.15,3.47,3.39,2.62,2.76,3.16,2.76,24.13,24.13,20.12,17.43,20.12,155.05,358.54,250.68,354.0,247.89,155.05,0.18,0.27,0.2,0.36,0.17,0.33,0.27,3.86,3.29,2.08,2.88,2.42,3.86,226.33,242.59,226.33,269.97,269.97,269.97,269.97,270.05,270.05,269.97,269.97,269.97,269.97,269.97,269.97,270.03,270.03,269.97,269.97,270.02,270.02,269.97,269.97,3.04,7.32,3.04,8.85,8.85,9.8,9.8,27.83,27.83,6.89,6.89,7.32,7.32,7.7,7.7,18.9,18.9,8.06,8.06,6.51,6.51,9.21,9.21,233.63,228.1,241.61,0.0,244.66,0.0,0.04,0.04,0.33,0.0,0.31,0.0,1.32,1.41,2.15,0.0,2.4,0.0
2023-06-23T19:00:00+00:00,18.06,18.06,18.06,19.88,19.88,18.57,18.57,-59.39,-59.39,-11.9,-11.9,6.85,6.85,18.3,18.3,1.6,26.07,1.6,17.17,257.87,17.17,0.23,0.14,0.23,5.45,11.21,5.45,81.83,78.0,81.83,0.0,0.0,0.0,0.0,0.0,1024.09,1023.75,1024.09,-0.53,-0.53,276.08,276.08,0.07,0.07,3.6,3.6,0.0,0.0,334.31,349.83,347.55,9.6,24.41,9.6,0.18,0.19,0.11,0.14,0.11,0.14,3.48,3.5,3.15,2.77,3.15,2.77,24.13,24.13,19.88,17.26,19.88,179.24,318.91,247.61,351.3,246.6,179.24,0.19,0.25,0.28,0.49,0.16,0.47,0.25,3.85,3.16,2.38,2.92,2.98,3.85,227.67,239.82,227.67,269.97,269.97,269.97,269.97,270.05,270.05,269.97,269.97,269.97,269.97,269.97,269.97,270.03,270.03,269.97,269.97,270.02,270.02,269.97,269.97,3.99,7.65,3.99,9.17,9.17,9.65,9.65,25.53,25.53,6.98,6.98,7.41,7.41,7.76,7.76,18.43,18.43,8.08,8.08,5.9,5.9,9.06,9.06,229.58,229.88,240.73,0.0,243.71,0.0,0.08,0.16,0.46,0.0,0.45,0.0,1.37,1.84,2.5,0.0,2.96,0.0
2023-06-23T20:00:00+00:00,17.99,17.97,17.99,19.75,19.75,18.16,18.16,-59.22,-59.22,-11.46,-11.46,6.48,6.48,18.03,18.03,15.55,15.53,15.55,18.09,261.7,18.09,0.23,0.14,0.23,6.45,11.52,6.45,78.34,77.9,78.34,0.0,0.0,0.0,0.0,0.0,1024.49,1023.94,1024.49,-1.29,-1.29,307.85,307.85,0.05,0.05,2.77,2.77,0.0,0.0,296.96,339.03,311.7,8.6,24.85,8.6,0.2,0.19,0.1,0.13,0.09,0.13,3.44,3.62,3.69,2.8,3.13,2.8,24.14,24.14,19.72,17.09,19.72,206.1,279.29,244.53,345.4,245.31,206.1,0.26,0.35,0.36,0.61,0.16,0.6,0.35,3.32,3.02,2.68,2.99,3.53,3.32,229.01,237.06,229.01,269.97,269.97,269.96,269.96,270.06,270.06,269.96,269.96,269.96,269.96,269.96,269.96,270.04,270.04,269.96,269.96,270.02,270.02,269.96,269.96,4.93,7.99,4.93,9.48,9.48,9.5,9.5,23.23,23.23,7.07,7.07,7.49,7.49,7.81,7.81,17.97,17.97,8.1,8.1,5.29,5.29,8.92,8.92,235.67,231.67,239.84,0.0,242.75,0.0,0.18,0.27,0.58,0.0,0.59,0.0,1.89,2.27,2.84,0.0,3.53,0.0
2023-06-23T21:00:00+00:00,18.14,17.87,18.14,19.63,19.63,17.76,17.76,-59.05,-59.05,-11.01,-11.01,6.1,6.1,17.76,17.76,99.29,5.0,99.29,19.01,262.93,19.01,0.22,0.14,0.22,7.43,11.82,7.43,72.68,77.8,72.68,0.0,0.0,0.0,0.0,0.0,1024.25,1024.14,1024.25,-1.85,-1.85,339.62,339.62,0.03,0.03,1.94,1.94,0.0,0.0,254.59,328.23,275.86,10.7,25.29,10.7,0.28,0.19,0.1,0.13,0.08,0.13,3.71,3.73,4.22,2.83,3.12,2.83,24.14,24.14,19.61,16.92,19.61,213.89,239.66,241.46,334.9,244.02,213.89,0.41,0.58,0.44,0.74,0.17,0.74,0.58,3.16,2.89,2.98,3.09,4.09,3.16,230.35,234.29,230.35,269.97,269.97,269.96,269.96,270.06,270.06,269.96,269.96,269.96,269.96,269.96,269.96,270.04,270.04,269.96,269.96,270.02,270.02,269.96,269.96,5.88,8.32,5.88,9.8,9.8,9.35,9.35,20.93,20.93,7.16,7.16,7.58,7.58,7.87,7.87,17.5,17.5,8.12,8.12,4.68,4.68,8.77,8.77,234.8,233.45,238.96,0.0,241.8,0.0,0.31,0.39,0.71,0.0,0.73,0.0,2.43,2.7,3.19,0.0,4.09,0.0
2023-06-23T22:00:00+00:00,18.11,17.64,18.11,19.65,19.65,17.7,17.7,-58.82,-58.82,-10.73,-10.73,6.36,6.36,17.57,17.57,9.67,5.0,9.67,19.93,263.32,19.93,0.21,0.15,0.21,7.96,9.92,7.96,75.87,81.33,75.87,0.0,0.0,0.0,0.0,0.0,1024.27,1024.13,1024.27,-2.08,-2.08,353.38,353.38,0.04,0.04,2.39,2.39,0.0,0.0,255.72,306.49,276.12,8.6,12.24,8.6,0.32,0.24,0.11,0.12,0.08,0.12,4.13,3.97,4.25,2.85,3.29,2.85,24.14,24.14,19.51,16.91,19.51,215.63,239.87,242.13,318.6,245.15,215.63,0.57,0.78,0.52,0.77,0.18,0.74,0.78,3.51,3.13,3.06,3.15,4.2,3.51,232.26,240.76,232.26,269.99,269.99,269.97,269.97,270.06,270.06,269.97,269.97,269.97,269.97,269.97,269.97,270.04,270.04,269.97,269.97,270.02,270.02,269.97,269.97,6.1,7.33,6.1,8.12,8.12,8.24,8.24,19.4,19.4,6.55,6.55,6.9,6.9,7.14,7.14,16.46,16.46,7.36,7.36,4.89,4.89,7.89,7.89,234.22,234.35,239.66,0.0,242.33,0.0,0.47,0.46,0.74,0.0,0.73,0.0,3.0,2.92,3.27,0.0,4.2,0.0
2023-06-23T23:00:00+00:00,17.91,17.4,17.91,19.68,19.68,17.63,17.63,-58.59,-58.59,-10.45,-10.45,6.61,6.61,17.37,17.37,82.31,5.0,82.31,20.84,261.98,20.84,0.2,0.14,0.2,7.87,8.01,7.87,77.34,84.87,77.34,0.0,0.0,0.0,0.0,0.0,1024.26,1024.13,1024.26,-1.92,-1.92,7.13,7.13,0.05,0.05,2.85,2.85,0.0,0.0,256.38,284.74,276.37,5.5,359.18,5.5,0.35,0.28,0.13,0.11,0.07,0.11,4.36,4.21,4.28,2.86,3.47,2.86,24.14,24.14,19.43,16.89,19.43,213.34,240.08,242.8,303.5,246.27,213.34,0.64,0.88,0.61,0.81,0.19,0.74,0.88,3.67,3.36,3.15,3.22,4.31,3.67,234.16,247.24,234.16,270.0,270.0,269.99,269.99,270.06,270.06,269.97,269.97,269.97,269.97,269.98,269.98,270.04,270.04,269.98,269.98,270.01,270.01,269.98,269.98,6.32,6.33,6.32,6.43,6.43,7.13,7.13,17.87,17.87,5.93,5.93,6.22,6.22,6.42,6.42,15.42,15.42,6.59,6.59,5.11,5.11,7.0,7.0,234.58,235.26,240.36,251.0,242.85,251.0,0.54,0.54,0.78,0.04,0.73,0.04,3.2,3.13,3.36,2.42,4.32,2.42
2023-06-24T00:00:00+00:00,17.63,17.16,17.63,19.7,19.7,17.56,17.56,-58.36,-58.36,-10.16,-10.16,6.87,6.87,17.17,17.17,37.85,5.0,37.85,21.76,256.77,21.76,0.19,0.14,0.19,7.97,6.1,7.97,80.84,88.4,80.84,0.0,0.0,0.0,0.0,0.0,1024.45,1024.13,1024.45,-1.53,-1.53,20.89,20.89,0.06,0.06,3.3,3.3,0.0,0.0,254.82,263.0,276.63,0.7,346.13,0.7,0.44,0.33,0.14,0.16,0.07,0.16,4.58,4.45,4.31,4.19,3.64,4.19,24.14,24.14,19.45,16.87,19.45,210.71,240.29,243.47,251.8,247.4,210.71,0.73,0.9,0.69,0.84,1.04,0.74,0.9,3.74,3.6,3.23,3.38,4.42,3.74,236.07,253.71,236.07,270.02,270.02,270.0,270.0,270.06,270.06,269.98,269.98,269.98,269.98,269.99,269.99,270.04,270.04,269.99,269.99,270.01,270.01,269.99,269.99,6.54,5.34,6.54,4.75,4.75,6.02,6.02,16.34,16.34,5.32,5.32,5.54,5.54,5.69,5.69,14.38,14.38,5.83,5.83,5.32,5.32,6.12,6.12,235.96,236.16,241.06,249.8,243.38,249.8,0.58,0.61,0.81,1.02,0.73,1.02,3.31,3.35,3.44,3.71,4.43,3.71
2023-06-24T01:00:00+00:00,17.56,17.23,17.56,19.49,19.49,17.55,17.55,-58.2,-58.2,-10.19,-10.19,7.03,7.03,17.21,17.21,34.57,5.0,34.57,22.68,255.25,22.68,0.18,0.13,0.18,7.79,4.54,7.79,82.09,87.7,82.09,0.0,0.0,0.0,0.0,0.0,1024.34,1024.01,1024.34,-0.94,-0.94,22.59,22.59,0.06,0.06,3.31,3.31,0.0,0.0,253.27,258.16,272.98,302.7,344.99,302.7,0.44,0.34,0.17,0.16,0.07,0.16,4.56,4.4,4.35,3.1,3.61,3.1,24.14,24.14,19.39,16.85,19.39,210.19,241.26,244.41,248.7,247.08,210.19,0.71,0.87,0.67,0.82,1.02,0.69,0.87,3.76,3.58,3.21,3.38,4.33,3.76,237.85,247.65,237.85,270.05,270.05,270.0,270.0,270.05,270.05,269.97,269.97,269.97,269.97,269.98,269.98,270.04,270.04,269.98,269.98,270.01,270.01,269.99,269.99,6.36,3.96,6.36,3.51,3.51,4.35,4.35,15.22,15.22,3.88,3.88,4.03,4.03,4.13,4.13,13.12,13.12,4.22,4.22,5.33,5.33,4.42,4.42,236.89,237.89,242.49,246.7,244.26,246.7,0.57,0.58,0.77,1.0,0.68,1.0,3.3,3.28,3.38,3.72,4.33,3.72
2023-06-24T02:00:00+00:00,17.45,17.3,17.45,19.28,19.28,17.54,17.54,-58.04,-58.04,-10.21,-10.21,7.19,7.19,17.25,17.25,14.12,5.0,14.12,23.6,254.37,23.6,0.18,0.13,0.18,7.7,2.98,7.7,84.11,87.0,84.11,0.0,0.0,0.0,0.0,0.0,1024.07,1023.89,1024.07,-0.05,-0.05,24.29,24.29,0.06,0.06,3.31,3.31,0.0,0.0,250.5,253.33,269.32,296.9,343.84,296.9,0.44,0.36,0.19,0.17,0.07,0.17,4.53,4.36,4.4,3.09,3.57,3.09,24.14,24.14,19.35,16.82,19.35,210.33,242.22,245.36,246.9,246.77,210.33,0.7,0.83,0.65,0.8,0.96,0.65,0.83,3.78,3.56,3.2,3.35,4.23,3.78,239.63,241.58,239.63,270.09,270.09,270.01,270.01,270.05,270.05,269.97,269.97,269.97,269.97,269.98,269.98,270.05,270.05,269.98,269.98,270.02,270.02,269.99,269.99,6.19,2.59,6.19,2.26,2.26,2.69,2.69,14.1,14.1,2.44,2.44,2.51,2.51,2.56,2.56,11.85,11.85,2.61,2.61,5.33,5.33,2.71,2.71,237.62,239.61,243.91,244.9,245.15,244.9,0.55,0.54,0.73,0.94,0.64,0.94,3.26,3.2,3.33,3.7,4.24,3.7
2023-06-24T03:00:00+00:00,17.38,17.37,17.38,19.08,19.08,17.52,17.52,-57.88,-57.88,-10.24,-10.24,7.34,7.34,17.29,17.29,2.69,5.0,2.69,24.51,253.42,24.51,0.17,0.13,0.17,7.36,1.42,7.36,86.29,86.3,86.29,0.0,0.0,0.0,0.0,0.0,1024.06,1023.77,1024.06,0.86,0.86,25.99,25.99,0.06,0.06,3.32,3.32,0.0,0.0,245.22,248.49,265.67,274.9,342.7,274.9,0.49,0.37,0.22,0.19,0.07,0.19,4.43,4.31,4.44,3.22,3.54,3.22,24.14,24.14,19.31,16.8,19.31,210.6,243.19,246.3,245.7,246.45,210.6,0.68,0.83,0.63,0.78,0.89,0.6,0.83,3.8,3.54,3.18,3.33,4.14,3.8,241.41,235.52,241.41,270.12,270.12,270.01,270.01,270.04,270.04,269.96,269.96,269.96,269.96,269.97,269.97,270.05,270.05,269.97,269.97,270.02,270.02,269.99,269.99,6.01,1.21,6.01,1.02,1.02,1.02,1.02,12.98,12.98,1.0,1.0,1.0,1.0,1.0,1.0,10.59,10.59,1.0,1.0,5.34,5.34,1.01,1.01,238.87,241.34,245.34,243.8,246.03,243.8,0.48,0.51,0.69,0.86,0.59,0.86,3.04,3.13,3.27,3.68,4.14,3.68
2023-06-24T04:00:00+00:00,17.36,17.38,17.36,18.82,18.82,17.4,17.4,-57.54,-57.54,-10.14,-10.14,7.37,7.37,17.24,17.24,0.0,5.0,0.0,25.43,251.12,25.43,0.16,0.13,0.16,7.06,1.99,7.06,87.53,85.97,87.53,0.0,0.0,0.0,0.0,0.0,1024.1,1024.0,1024.1,1.23,1.23,25.57,25.57,0.06,0.06,3.34,3.34,0.0,0.0,244.5,249.28,257.3,258.0,344.28,258.0,0.53,0.38,0.31,0.2,0.06,0.2,4.3,4.23,4.17,3.44,3.18,3.44,24.14,24.14,19.27,16.84,19.27,210.95,243.96,247.1,247.2,246.56,210.95,0.65,0.82,0.6,0.74,0.78,0.55,0.82,3.76,3.5,3.13,3.23,4.02,3.76,241.65,235.96,241.65,270.1,270.1,270.0,270.0,270.03,270.03,269.96,269.96,269.96,269.96,269.97,269.97,270.05,270.05,269.97,269.97,270.03,270.03,269.98,269.98,5.81,1.84,5.81,1.09,1.09,1.5,1.5,12.67,12.67,1.54,1.54,1.55,1.55,1.55,1.55,9.57,9.57,1.55,1.55,4.73,4.73,1.52,1.52,236.4,241.26,246.95,245.2,246.65,245.2,0.39,0.46,0.6,0.74,0.54,0.74,2.75,2.98,3.04,3.55,4.02,3.55
2023-06-24T05:00:00+00:00,17.38,17.39,17.38,18.56,18.56,17.27,17.27,-57.19,-57.19,-10.05,-10.05,7.4,7.4,17.19,17.19,12.78,5.0,12.78,26.35,247.83,26.35,0.15,0.14,0.15,7.34,2.55,7.34,88.04,85.63,88.04,0.0,0.0,0.0,0.0,0.0,1024.24,1024.23,1024.24,1.1,1.1,25.15,25.15,0.06,0.06,3.36,3.36,0.0,0.0,243.77,250.08,248.92,274.0,345.85,274.0,0.49,0.38,0.39,0.16,0.04,0.16,4.26,4.15,3.89,3.2,2.81,3.2,24.14,24.14,19.25,16.88,19.25,211.09,244.73,247.89,253.1,246.66,211.09,0.62,0.8,0.56,0.69,0.67,0.51,0.8,3.69,3.46,3.08,3.07,3.89,3.69,241.89,236.41,241.89,270.07,270.07,269.98,269.98,270.02,270.02,269.96,269.96,269.96,269.96,269.97,269.97,270.06,270.06,269.97,269.97,270.03,270.03,269.98,269.98,5.6,2.47,5.6,1.17,1.17,1.98,1.98,12.37,12.37,2.08,2.08,2.09,2.09,2.09,2.09,8.56,8.56,2.09,2.09,4.13,4.13,2.04,2.04,237.29,241.19,248.57,250.3,247.28,250.3,0.38,0.42,0.5,0.64,0.5,0.64,2.71,2.84,2.82,3.37,3.91,3.37
2023-06-24T06:00:00+00:00,17.38,17.4,17.38,18.3,18.3,17.15,17.15,-56.85,-56.85,-9.95,-9.95,7.42,7.42,17.13,17.13,0.0,5.0,0.0,27.27,244.78,27.27,0.14,0.14,0.14,7.33,3.12,7.33,88.04,85.3,88.04,0.0,0.0,0.0,0.0,0.0,1024.32,1024.45,1024.32,0.64,0.64,24.73,24.73,0.06,0.06,3.38,3.38,0.0,0.0,244.53,250.87,240.55,304.5,347.43,304.5,0.42,0.39,0.48,0.12,0.03,0.12,4.31,4.07,3.62,2.88,2.45,2.88,24.14,24.14,19.24,16.92,19.24,210.55,245.5,248.69,260.0,246.77,210.55,0.6,0.78,0.53,0.65,0.61,0.46,0.78,3.63,3.42,3.03,2.92,3.77,3.63,242.13,236.85,242.13,270.05,270.05,269.97,269.97,270.01,270.01,269.96,269.96,269.96,269.96,269.97,269.97,270.06,270.06,269.97,269.97,270.04,270.04,269.97,269.97,5.4,3.1,5.4,1.24,1.24,2.46,2.46,12.06,12.06,2.62,2.62,2.64,2.64,2.64,2.64,7.54,7.54,2.64,2.64,3.52,3.52,2.55,2.55,238.87,241.11,250.18,256.1,247.9,256.1,0.42,0.37,0.41,0.59,0.45,0.59,2.9,2.69,2.59,3.2,3.79,3.2
2023-06-24T07:00:00+00:00,17.35,17.56,17.35,18.31,18.31,17.24,17.24,-56.69,-56.69,-9.96,-9.96,7.6,7.6,17.23,17.23,0.0,3.33,0.0,28.19,242.58,28.19,0.13,0.14,0.13,7.19,2.72,7.19,87.88,84.33,87.88,0.0,0.0,0.0,0.0,0.0,1024.65,1024.51,1024.65,-0.01,-0.01,16.35,16.35,0.06,0.06,3.6,3.6,0.0,0.0,243.11,251.49,244.41,325.9,347.82,325.9,0.43,0.38,0.46,0.13,0.04,0.13,4.18,4.0,3.51,3.02,2.76,3.02,24.14,24.14,19.26,17.12,19.26,209.85,246.48,249.71,264.6,248.13,209.85,0.57,0.76,0.51,0.61,0.6,0.43,0.76,3.56,3.37,2.96,2.81,3.65,3.56,243.04,240.24,243.04,270.05,270.05,269.97,269.97,270.0,270.0,269.97,269.97,269.97,269.97,269.97,269.97,270.05,270.05,269.97,269.97,270.04,270.04,269.97,269.97,5.25,2.72,5.25,0.97,0.97,2.17,2.17,11.68,11.68,2.35,2.35,2.36,2.36,2.35,2.35,7.29,7.29,2.34,2.34,3.17,3.17,2.26,2.26,240.84,241.97,248.06,259.8,247.57,259.8,0.38,0.34,0.38,0.57,0.42,0.57,2.72,2.6,2.49,3.06,3.66,3.06
2023-06-24T08:00:00+00:00,17.32,17.71,17.32,18.31,18.31,17.32,17.32,-56.53,-56.53,-9.96,-9.96,7.77,7.77,17.32,17.32,0.0,1.67,0.0,29.1,240.59,29.1,0.13,0.15,0.13,7.18,2.32,7.18,87.78,83.37,87.78,0.0,0.0,0.0,0.0,0.0,1024.59,1024.56,1024.59,-0.72,-0.72,7.96,7.96,0.05,0.05,3.82,3.82,0.0,0.0,243.9,252.1,248.27,332.0,348.22,332.0,0.4,0.37,0.45,0.13,0.04,0.13,4.12,3.92,3.39,2.97,3.06,2.97,24.14,24.14,19.29,17.32,19.29,209.3,247.46,250.74,266.4,249.5,209.3,0.55,0.74,0.48,0.58,0.6,0.4,0.74,3.51,3.33,2.9,2.73,3.53,3.51,243.95,243.62,243.95,270.05,270.05,269.98,269.98,270.0,270.0,269.97,269.97,269.97,269.97,269.98,269.98,270.05,270.05,269.98,269.98,270.03,270.03,269.98,269.98,5.09,2.33,5.09,0.7,0.7,1.88,1.88,11.31,11.31,2.07,2.07,2.07,2.07,2.06,2.06,7.03,7.03,2.05,2.05,2.82,2.82,1.97,1.97,241.1,242.84,245.93,261.0,247.25,261.0,0.38,0.32,0.34,0.57,0.39,0.57,2.72,2.5,2.4,2.94,3.54,2.94
2023-06-24T09:00:00+00:00,17.3,17.87,17.3,18.31,18.31,17.41,17.41,-56.37,-56.37,-9.97,-9.97,7.94,7.94,17.41,17.41,0.0,0.0,0.0,30.02,239.44,30.02,0.12,0.16,0.12,6.71,1.92,6.71,87.49,82.4,87.49,0.0,0.0,0.0,0.0,0.0,1024.66,1024.61,1024.66,-1.28,-1.28,359.58,359.58,0.05,0.05,4.04,4.04,0.0,0.0,243.09,252.72,252.13,350.1,348.61,350.1,0.4,0.36,0.43,0.15,0.05,0.15,3.97,3.85,3.28,3.13,3.37,3.13,24.14,24.14,19.34,17.52,19.34,208.89,248.44,251.76,266.7,250.86,208.89,0.52,0.72,0.46,0.54,0.61,0.37,0.72,3.45,3.28,2.83,2.7,3.41,3.45,244.86,247.01,244.86,270.05,270.05,269.98,269.98,269.99,269.99,269.98,269.98,269.98,269.98,269.98,269.98,270.04,270.04,269.98,269.98,270.03,270.03,269.98,269.98,4.94,1.95,4.94,0.43,0.43,1.59,1.59,10.93,10.93,1.8,1.8,1.79,1.79,1.77,1.77,6.78,6.78,1.75,1.75,2.47,2.47,1.68,1.68,242.82,243.7,243.81,261.1,246.92,261.1,0.33,0.29,0.31,0.58,0.36,0.58,2.56,2.41,2.3,2.89,3.41,2.89
2023-06-24T10:00:00+00:00,17.29,18.1,17.29,18.42,18.42,17.65,17.65,-55.95,-55.95,-10.03,-10.03,8.2,8.2,17.66,17.66,0.0,0.0,0.0,30.94,239.83,30.94,0.11,0.17,0.11,6.01,1.85,6.01,88.05,80.4,88.05,0.0,0.0,0.0,0.0,0.0,1024.75,1024.56,1024.75,-1.49,-1.49,355.87,355.87,0.05,0.05,4.16,4.16,0.0,0.0,243.55,254.03,251.77,351.7,313.3,351.7,0.42,0.36,0.42,0.14,0.08,0.14,3.76,3.73,3.15,3.18,3.47,3.18,24.13,24.13,19.41,17.85,19.41,208.27,250.76,253.19,265.2,251.57,208.27,0.48,0.69,0.43,0.5,0.62,0.3,0.69,3.4,3.3,2.8,2.71,3.49,3.4,243.33,279.32,243.33,209.93,209.93,270.1,270.1,269.99,269.99,270.06,270.06,270.06,270.06,270.06,270.06,270.03,270.03,270.06,270.06,270.02,270.02,270.08,270.08,4.44,1.87,4.44,0.36,0.36,1.14,1.14,10.7,10.7,1.35,1.35,1.34,1.34,1.32,1.32,6.78,6.78,1.3,1.3,2.17,2.17,1.23,1.23,243.9,242.61,247.13,259.9,245.69,259.9,0.25,0.23,0.25,0.59,0.33,0.59,2.21,2.13,2.13,2.89,3.22,2.89
2023-06-24T11:00:00+00:00,17.31,18.33,17.31,18.53,18.53,17.89,17.89,-55.53,-55.53,-10.09,-10.09,8.47,8.47,17.9,17.9,0.22,0.0,0.22,31.86,240.88,31.86,0.1,0.17,0.1,5.31,1.77,5.31,88.84,78.4,88.84,0.0,0.0,0.0,0.0,0.0,1024.75,1024.5,1024.75,-1.32,-1.32,352.15,352.15,0.06,0.06,4.28,4.28,0.0,0.0,245.01,255.34,251.42,12.8,277.98,12.8,0.41,0.35,0.4,0.14,0.12,0.14,3.58,3.62,3.02,6.57,3.56,6.57,24.13,24.13,19.49,18.18,19.49,207.64,253.07,254.61,262.9,252.27,207.64,0.44,0.63,0.39,0.47,0.62,0.24,0.63,3.35,3.32,2.78,2.73,3.58,3.35,241.79,311.62,241.79,149.8,149.8,270.23,270.23,269.99,269.99,270.13,270.13,270.13,270.13,270.14,270.14,270.03,270.03,270.15,270.15,270.02,270.02,270.18,270.18,3.93,1.78,3.93,0.28,0.28,0.7,0.7,10.48,10.48,0.9,0.9,0.89,0.89,0.87,0.87,6.79,6.79,0.85,0.85,1.86,1.86,0.78,0.78,241.01,241.52,250.44,257.5,244.47,257.5,0.16,0.16,0.2,0.58,0.29,0.58,1.89,1.85,1.95,2.9,3.03,2.9
2023-06-24T12:00:00+00:00,17.49,18.55,17.49,18.63,18.63,18.13,18.13,-55.11,-55.11,-10.16,-10.16,8.73,8.73,18.15,18.15,0.0,0.0,0.0,32.78,242.1,32.78,0.09,0.16,0.09,4.76,1.7,4.76,90.6,76.4,90.6,0.0,0.0,0.0,0.0,0.0,1023.95,1024.45,1023.95,-1.0,-1.0,348.44,348.44,0.06,0.06,4.4,4.4,0.0,0.0,251.1,256.65,251.06,12.7,242.67,12.7,0.36,0.35,0.39,0.16,0.15,0.16,3.51,3.5,2.89,6.47,3.66,6.47,24.13,24.13,19.58,18.51,19.58,206.86,255.39,256.04,261.2,252.98,206.86,0.38,0.57,0.36,0.43,0.61,0.17,0.57,3.3,3.34,2.75,2.75,3.66,3.3,240.26,343.93,240.26,89.68,89.68,270.35,270.35,269.99,269.99,270.21,270.21,270.21,270.21,270.22,270.22,270.02,270.02,270.23,270.23,270.01,270.01,270.28,270.28,3.43,1.7,3.43,0.21,0.21,0.25,0.25,10.25,10.25,0.45,0.45,0.44,0.44,0.42,0.42,6.79,6.79,0.4,0.4,1.56,1.56,0.33,0.33,245.35,240.43,253.76,255.7,243.24,255.7,0.12,0.1,0.14,0.57,0.26,0.57,1.7,1.57,1.78,2.9,2.84,2.9
2023-06-24T13:00:00+00:00,17.45,18.84,17.45,18.88,18.88,18.46,18.46,-54.86,-54.86,-10.13,-10.13,8.86,8.86,18.44,18.44,0.0,0.0,0.0,33.69,244.87,33.69,0.08,0.16,0.08,4.0,2.21,4.0,90.49,75.27,90.49,0.0,0.0,0.0,0.0,0.0,1023.54,1024.07,1023.54,-0.63,-0.63,346.96,346.96,0.06,0.06,4.36,4.36,0.0,0.0,256.73,261.54,252.2,12.6,245.08,12.6,0.35,0.33,0.36,0.18,0.16,0.18,3.49,3.52,2.81,6.32,3.39,6.32,24.14,24.14,19.69,18.73,19.69,205.7,260.7,257.72,260.8,253.32,205.7,0.36,0.51,0.34,0.4,0.61,0.18,0.51,3.25,3.41,2.73,2.77,3.41,3.25,237.65,359.07,237.65,89.76,89.76,210.2,210.2,269.99,269.99,210.11,210.11,210.11,210.11,210.11,210.11,270.02,270.02,210.12,210.12,270.01,270.01,210.15,210.15,2.7,2.18,2.7,0.67,0.67,0.72,0.72,11.14,11.14,0.82,0.82,0.83,0.83,0.82,0.82,6.53,6.53,0.81,0.81,1.41,1.41,0.77,0.77,254.91,220.29,243.68,253.9,292.2,253.9,0.06,0.07,0.1,0.55,0.19,0.55,1.39,1.38,1.35,2.9,2.27,2.9
2023-06-24T14:00:00+00:00,17.48,19.13,17.48,19.13,19.13,18.79,18.79,-54.62,-54.62,-10.1,-10.1,9.0,9.0,18.74,18.74,0.0,0.0,0.0,34.61,248.66,34.61,0.08,0.15,0.08,2.87,2.73,2.87,89.68,74.13,89.68,0.0,0.0,0.0,0.0,0.0,1023.25,1023.68,1023.25,-0.12,-0.12,345.47,345.47,0.06,0.06,4.31,4.31,0.0,0.0,262.19,266.43,253.34,12.4,247.48,12.4,0.33,0.31,0.34,0.21,0.18,0.21,3.48,3.54,2.74,6.13,3.13,6.13,24.14,24.14,19.8,18.95,19.8,204.33,266.01,259.39,262.5,253.67,204.33,0.33,0.46,0.31,0.36,0.59,0.2,0.46,3.21,3.49,2.72,2.8,3.16,3.21,235.04,14.21,235.04,89.84,89.84,150.06,150.06,270.0,270.0,150.0,150.0,150.0,150.0,150.01,150.01,270.02,270.02,150.01,150.01,270.0,270.0,150.03,150.03,1.96,2.66,1.96,1.14,1.14,1.18,1.18,12.02,12.02,1.19,1.19,1.21,1.21,1.22,1.22,6.27,6.27,1.22,1.22,1.26,1.26,1.21,1.21,180.0,200.14,233.6,253.3,341.16,253.3,0.0,0.03,0.06,0.53,0.13,0.53,1.0,1.19,0.92,2.88,1.71,2.88
2023-06-24T15:00:00+00:00,17.57,19.42,17.57,19.38,19.38,19.12,19.12,-54.38,-54.38,-10.08,-10.08,9.13,9.13,19.03,19.03,0.0,0.0,0.0,35.53,251.55,35.53,0.07,0.14,0.07,1.3,3.24,1.3,89.39,73.0,89.39,0.0,0.0,0.0,0.0,0.0,1023.03,1023.3,1023.03,0.64,0.64,343.99,343.99,0.06,0.06,4.27,4.27,0.0,0.0,265.91,271.32,254.48,12.4,249.89,12.4,0.31,0.29,0.31,0.24,0.19,0.24,3.49,3.56,2.66,5.8,2.86,5.8,24.14,24.14,19.91,19.17,19.91,203.12,271.32,261.07,264.5,254.01,203.12,0.31,0.42,0.29,0.33,0.59,0.21,0.42,3.18,3.56,2.7,2.86,2.91,3.18,232.43,29.35,232.43,89.92,89.92,89.91,89.91,270.0,270.0,89.9,89.9,89.9,89.9,89.9,89.9,270.02,270.02,89.9,89.9,270.0,270.0,89.9,89.9,1.23,3.14,1.23,1.6,1.6,1.65,1.65,12.91,12.91,1.56,1.56,1.6,1.6,1.62,1.62,6.01,6.01,1.63,1.63,1.11,1.11,1.65,1.65,180.0,180.0,223.52,253.6,30.12,253.6,0.0,0.0,0.02,0.51,0.06,0.51,1.0,1.0,0.49,2.88,1.14,2.88
2023-06-24T16:00:00+00:00,17.66,19.46,17.66,19.6,19.6,19.28,19.28,-54.18,-54.18,-10.18,-10.18,9.28,9.28,19.18,19.18,0.0,0.0,0.0,36.45,251.63,36.45,0.06,0.13,0.06,1.45,3.56,1.45,89.8,73.47,89.8,0.0,0.0,0.0,0.0,0.0,1022.59,1022.93,1022.59,1.12,1.12,326.05,326.05,0.05,0.05,3.26,3.26,0.0,0.0,268.02,278.75,254.15,235.8,252.99,235.8,0.29,0.28,0.29,0.26,0.17,0.26,3.47,3.64,2.64,3.81,2.76,3.81,24.14,24.14,20.0,18.91,20.0,202.35,278.75,261.35,265.6,256.45,202.35,0.29,0.37,0.28,0.31,0.59,0.19,0.37,3.15,3.64,2.71,2.98,2.8,3.15,226.96,39.49,226.96,89.94,89.94,89.93,89.93,270.0,270.0,89.92,89.92,89.92,89.92,89.92,89.92,270.02,270.02,89.92,89.92,210.01,210.01,89.92,89.92,0.93,3.44,0.93,2.25,2.25,2.37,2.37,12.55,12.55,2.23,2.23,2.29,2.29,2.32,2.32,5.64,5.64,2.34,2.34,0.82,0.82,2.38,2.38,180.0,180.0,234.56,256.4,38.5,256.4,0.0,0.0,0.01,0.46,0.09,0.46,1.0,1.0,0.33,2.86,1.35,2.86
2023-06-24T17:00:00+00:00,17.72,19.51,17.72,19.82,19.82,19.45,19.45,-53.97,-53.97,-10.27,-10.27,9.43,9.43,19.34,19.34,0.0,0.0,0.0,37.36,250.35,37.36,0.05,0.12,0.05,1.67,3.88,1.67,90.09,73.93,90.09,0.0,0.0,0.0,0.0,0.0,1021.93,1022.56,1021.93,1.03,1.03,308.1,308.1,0.04,0.04,2.24,2.24,0.0,0.0,269.33,286.19,253.82,242.7,256.1,242.7,0.27,0.26,0.28,0.35,0.15,0.35,3.46,3.73,2.63,3.75,2.67,3.75,24.13,24.13,20.05,18.66,20.05,201.89,286.19,261.62,270.0,258.89,201.89,0.27,0.34,0.26,0.3,0.57,0.17,0.34,3.12,3.73,2.72,3.09,2.7,3.12,221.5,49.64,221.5,89.95,89.95,89.95,89.95,270.01,270.01,89.95,89.95,89.95,89.95,89.95,89.95,270.02,270.02,89.95,89.95,150.01,150.01,89.95,89.95,0.64,3.75,0.64,2.91,2.91,3.1,3.1,12.18,12.18,2.91,2.91,2.98,2.98,3.02,3.02,5.26,5.26,3.06,3.06,0.52,0.52,3.1,3.1,180.0,180.0,245.61,262.2,46.89,262.2,0.0,0.0,0.01,0.36,0.11,0.36,1.0,1.0,0.16,2.65,1.56,2.65
2023-06-24T18:00:00+00:00,17.93,19.55,17.93,20.05,20.05,19.61,19.61,-53.76,-53.76,-10.37,-10.37,9.58,9.58,19.5,19.5,0.0,0.0,0.0,38.28,249.23,38.28,0.04,0.1,0.04,2.09,4.2,2.09,88.29,74.4,88.29,0.0,0.0,0.0,0.0,0.0,1021.51,1022.2,1021.51,0.6,0.6,290.16,290.16,0.03,0.03,1.23,1.23,0.0,0.0,270.85,293.62,253.49,254.3,259.2,254.3,0.26,0.25,0.26,0.37,0.13,0.37,3.46,3.81,2.61,3.85,2.57,3.85,24.13,24.13,20.05,18.41,20.05,201.62,293.62,261.9,279.8,261.33,201.62,0.26,0.3,0.25,0.28,0.56,0.15,0.3,3.12,3.81,2.73,3.18,2.59,3.12,216.03,59.78,216.03,89.97,89.97,89.97,89.97,270.01,270.01,89.97,89.97,89.97,89.97,89.97,89.97,270.02,270.02,89.97,89.97,90.02,90.02,89.97,89.97,0.34,4.05,0.34,3.56,3.56,3.82,3.82,11.82,11.82,3.58,3.58,3.67,3.67,3.72,3.72,4.89,4.89,3.77,3.77,0.23,0.23,3.83,3.83,180.0,180.0,256.65,267.9,55.27,267.9,0.0,0.0,0.0,0.32,0.14,0.32,1.0,1.0,0.0,2.52,1.77,2.52
2023-06-24T19:00:00+00:00,17.99,19.3,17.99,20.26,20.26,19.88,19.88,-54.07,-54.07,-10.46,-10.46,9.43,9.43,19.6,19.6,0.0,0.0,0.0,39.2,243.54,39.2,0.03,0.09,0.03,2.25,4.41,2.25,88.24,75.9,88.24,0.0,0.0,0.0,0.0,0.0,1021.38,1022.13,1021.38,-0.02,-0.02,316.91,316.91,0.03,0.03,1.84,1.84,0.0,0.0,273.26,300.21,252.79,265.9,258.58,265.9,0.24,0.24,0.26,0.36,0.13,0.36,3.49,3.9,2.64,3.92,2.6,3.92,24.13,24.13,20.0,18.01,20.0,201.65,300.21,261.13,289.3,259.91,201.65,0.24,0.27,0.24,0.28,0.55,0.14,0.27,3.13,3.9,2.78,3.26,2.63,3.13,175.68,65.2,175.68,89.98,89.98,89.98,89.98,270.01,270.01,89.98,89.98,89.98,89.98,89.98,89.98,270.01,270.01,89.98,89.98,90.06,90.06,89.98,89.98,0.61,4.2,0.61,3.96,3.96,4.23,4.23,12.2,12.2,3.89,3.89,3.99,3.99,4.07,4.07,4.77,4.77,4.14,4.14,0.48,0.48,4.24,4.24,180.0,180.0,293.74,266.6,59.43,266.6,0.0,0.0,0.0,0.29,0.16,0.29,1.0,1.0,0.0,2.47,1.9,2.47
2023-06-24T20:00:00+00:00,18.09,19.04,18.09,20.48,20.48,20.14,20.14,-54.39,-54.39,-10.54,-10.54,9.27,9.27,19.7,19.7,0.0,0.0,0.0,40.12,230.64,40.12,0.03,0.07,0.03,2.35,4.62,2.35,88.1,77.4,88.1,0.0,0.0,0.0,0.0,0.0,1021.5,1022.07,1021.5,-0.76,-0.76,343.67,343.67,0.03,0.03,2.44,2.44,0.0,0.0,276.88,306.81,252.09,271.9,257.95,271.9,0.23,0.24,0.25,0.36,0.12,0.36,3.54,4.0,2.67,3.83,2.62,3.83,24.13,24.13,19.95,17.62,19.95,201.71,306.81,260.36,295.2,258.49,201.71,0.23,0.24,0.24,0.27,0.53,0.14,0.24,3.12,4.0,2.82,3.31,2.68,3.12,135.32,70.62,135.32,89.98,89.98,89.98,89.98,270.01,270.01,89.98,89.98,89.98,89.98,89.98,89.98,270.01,270.01,89.98,89.98,90.1,90.1,89.98,89.98,0.88,4.34,0.88,4.35,4.35,4.63,4.63,12.58,12.58,4.19,4.19,4.32,4.32,4.41,4.41,4.64,4.64,4.5,4.5,0.74,0.74,4.64,4.64,180.0,180.0,330.83,262.6,63.58,262.6,0.0,0.0,0.0,0.25,0.19,0.25,1.0,1.0,0.0,2.42,2.02,2.42
2023-06-24T21:00:00+00:00,18.34,18.79,18.34,20.69,20.69,20.4,20.4,-54.7,-54.7,-10.62,-10.62,9.12,9.12,19.8,19.8,0.0,0.0,0.0,41.04,211.66,41.04,0.02,0.07,0.02,2.33,4.83,2.33,85.86,78.9,85.86,0.0,0.0,0.0,0.0,0.0,1021.24,1022.01,1021.24,-1.42,-1.42,10.42,10.42,0.03,0.03,3.05,3.05,0.0,0.0,281.7,313.4,251.39,273.7,257.33,273.7,0.23,0.23,0.25,0.36,0.12,0.36,3.62,4.09,2.7,3.73,2.65,3.73,24.14,24.14,19.9,17.23,19.9,201.56,313.4,259.59,299.0,257.07,201.56,0.22,0.22,0.23,0.27,0.51,0.13,0.22,3.12,4.09,2.87,3.31,2.72,3.12,94.97,76.04,94.97,89.99,89.99,89.99,89.99,270.01,270.01,89.99,89.99,89.99,89.99,89.99,89.99,270.0,270.0,89.99,89.99,90.14,90.14,89.99,89.99,1.15,4.49,1.15,4.75,4.75,5.04,5.04,12.96,12.96,4.5,4.5,4.64,4.64,4.76,4.76,4.52,4.52,4.87,4.87,0.99,0.99,5.05,5.05,180.0,180.0,7.92,259.8,67.74,259.8,0.0,0.0,0.0,0.21,0.21,0.21,1.0,1.0,0.0,2.26,2.15,2.26
2023-06-24T22:00:00+00:00,18.55,18.91,18.55,20.61,20.61,20.34,20.34,-53.85,-53.85,-10.92,-10.92,9.86,9.86,19.84,19.84,0.0,0.0,0.0,41.95,199.04,41.95,0.01,0.08,0.01,2.44,4.46,2.44,84.37,76.57,84.37,0.0,0.0,0.0,0.0,0.0,1020.67,1021.38,1020.67,-1.85,-1.85,10.97,10.97,0.05,0.05,3.94,3.94,0.0,0.0,287.4,317.74,250.97,275.6,256.54,275.6,0.22,0.22,0.25,0.33,0.13,0.33,3.72,4.19,2.72,3.66,2.81,3.66,24.13,24.13,19.84,17.16,19.84,201.11,317.74,259.53,300.8,255.91,201.11,0.22,0.2,0.22,0.27,0.49,0.15,0.2,3.14,4.19,2.92,3.33,2.86,3.14,96.56,86.87,96.56,90.0,90.0,90.0,90.0,270.0,270.0,90.0,90.0,90.0,90.0,90.0,90.0,269.99,269.99,90.0,90.0,150.06,150.06,90.0,90.0,1.31,4.21,1.31,4.3,4.3,4.56,4.56,11.71,11.71,4.18,4.18,4.29,4.29,4.38,4.38,4.63,4.63,4.46,4.46,1.69,1.69,4.58,4.58,180.0,180.0,39.98,254.4,79.4,254.4,0.0,0.0,0.0,0.21,0.18,0.21,1.0,1.0,0.0,2.38,1.95,2.38
2023-06-24T23:00:00+00:00,18.7,19.03,18.7,20.52,20.52,20.28,20.28,-53.01,-53.01,-11.21,-11.21,10.6,10.6,19.88,19.88,0.0,0.0,0.0,42.87,196.81,42.87,0.0,0.08,0.0,2.91,4.08,2.91,83.89,74.23,83.89,0.0,0.0,0.0,0.0,0.0,1020.14,1020.75,1020.14,-1.93,-1.93,11.53,11.53,0.07,0.07,4.83,4.83,0.0,0.0,293.57,322.09,250.55,274.2,255.76,274.2,0.22,0.22,0.24,0.32,0.14,0.32,3.83,4.3,2.74,3.57,2.96,3.57,24.13,24.13,19.78,17.09,19.78,200.31,322.09,259.47,300.6,254.74,200.31,0.21,0.19,0.22,0.26,0.46,0.18,0.19,3.17,4.3,2.96,3.32,2.99,3.17,98.16,97.7,98.16,90.02,90.02,90.01,90.01,269.99,269.99,90.01,90.01,90.01,90.01,90.01,90.01,269.98,269.98,90.01,90.01,209.99,209.99,90.01,90.01,1.46,3.94,1.46,3.86,3.86,4.09,4.09,10.45,10.45,3.86,3.86,3.94,3.94,3.99,3.99,4.75,4.75,4.05,4.05,2.4,2.4,4.11,4.11,180.0,180.0,72.03,248.0,91.05,248.0,0.0,0.0,0.0,0.19,0.14,0.19,1.0,1.0,0.0,2.37,1.75,2.37
2023-06-25T00:00:00+00:00,18.81,19.15,18.81,20.43,20.43,20.22,20.22,-52.16,-52.16,-11.5,-11.5,11.35,11.35,19.92,19.92,0.0,0.0,0.0,43.79,195.8,43.79,0.57,0.08,0.57,2.94,3.71,2.94,85.1,71.9,85.1,0.0,0.0,0.0,0.0,0.0,1019.8,1020.11,1019.8,-1.69,-1.69,12.08,12.08,0.09,0.09,5.72,5.72,0.0,0.0,299.79,326.43,250.13,274.2,254.97,274.2,0.22,0.21,0.24,0.32,0.15,0.32,3.94,4.4,2.76,3.57,3.12,3.57,24.13,24.13,19.7,17.03,19.7,199.41,326.43,259.41,300.6,253.58,199.41,0.21,0.17,0.21,0.26,0.46,0.2,0.17,3.23,4.4,3.01,3.32,3.13,3.23,99.75,108.53,99.75,90.03,90.03,90.02,90.02,269.98,269.98,90.02,90.02,90.02,90.02,90.02,90.02,269.97,269.97,90.02,90.02,269.91,269.91,90.02,90.02,1.62,3.66,1.62,3.41,3.41,3.61,3.61,9.2,9.2,3.54,3.54,3.59,3.59,3.61,3.61,4.86,4.86,3.64,3.64,3.1,3.1,3.64,3.64,180.0,180.0,104.09,248.0,102.71,248.0,0.0,0.0,0.0,0.19,0.11,0.19,1.0,1.0,0.0,2.37,1.55,2.37
2023-06-25T01:00:00+00:00,18.95,18.86,18.95,20.39,20.39,19.92,19.92,-52.23,-52.23,-11.63,-11.63,11.43,11.43,19.55,19.55,0.0,0.0,0.0,36.75,198.93,36.75,0.56,0.08,0.56,2.91,3.78,2.91,85.33,74.17,85.33,0.0,0.0,0.0,0.0,0.0,1019.54,1019.44,1019.54,-0.4,-0.4,11.15,11.15,0.07,0.07,4.72,4.72,0.0,0.0,305.79,329.27,284.03,,255.05,284.03,0.21,0.21,0.2,,0.13,0.2,4.04,4.5,4.16,,3.05,4.16,24.13,24.13,19.68,17.06,19.68,198.73,329.27,275.87,,204.46,198.73,0.2,0.17,0.21,0.24,,0.2,0.17,3.29,4.5,3.22,,2.75,3.29,108.92,114.93,108.92,90.04,90.04,90.03,90.03,269.98,269.98,90.03,90.03,90.03,90.03,90.03,90.03,269.97,269.97,90.03,90.03,269.92,269.92,90.03,90.03,1.82,3.63,1.82,3.58,3.58,3.62,3.62,9.97,9.97,3.35,3.35,3.43,3.43,3.47,3.47,4.79,4.79,3.51,3.51,3.7,3.7,3.58,3.58,180.0,180.0,112.38,,103.9,112.38,0.0,0.0,0.01,,0.13,0.01,1.0,1.0,0.48,,1.67,0.48
2023-06-25T02:00:00+00:00,18.99,18.57,18.99,20.34,20.34,19.62,19.62,-52.29,-52.29,-11.76,-11.76,11.52,11.52,19.18,19.18,0.0,0.0,0.0,23.84,206.43,23.84,0.43,0.08,0.43,3.01,3.85,3.01,84.45,76.43,84.45,0.0,0.0,0.0,0.0,0.0,1019.13,1018.78,1019.13,-0.4,-0.4,10.21,10.21,0.05,0.05,3.72,3.72,0.0,0.0,311.39,332.11,317.94,,255.14,317.94,0.21,0.2,0.15,,0.12,0.15,4.14,4.59,5.57,,2.98,5.57,24.13,24.13,19.66,17.09,19.66,198.36,332.11,292.34,,155.33,198.36,0.2,0.16,0.2,0.22,,0.2,0.16,3.34,4.59,3.44,,2.38,3.34,118.09,121.34,118.09,90.04,90.04,90.03,90.03,269.97,269.97,90.03,90.03,90.03,90.03,90.03,90.03,269.97,269.97,90.03,90.03,269.93,269.93,90.03,90.03,2.03,3.6,2.03,3.74,3.74,3.64,3.64,10.74,10.74,3.17,3.17,3.26,3.26,3.33,3.33,4.72,4.72,3.37,3.37,4.3,4.3,3.52,3.52,180.0,180.0,120.68,,105.08,120.68,0.0,0.0,0.01,,0.14,0.01,1.0,1.0,0.96,,1.8,0.96
2023-06-25T03:00:00+00:00,18.95,18.28,18.95,20.29,20.29,19.32,19.32,-52.36,-52.36,-11.88,-11.88,11.61,11.61,18.81,18.81,0.0,0.0,0.0,324.25,215.66,324.25,0.24,0.09,0.24,3.27,3.92,3.27,85.13,78.7,85.13,0.0,0.0,0.0,0.0,0.0,1018.38,1018.11,1018.38,-0.4,-0.4,9.28,9.28,0.03,0.03,2.72,2.72,0.0,0.0,316.48,334.95,351.84,,255.22,351.84,0.2,0.2,0.11,,0.1,0.11,4.24,4.69,6.97,,2.91,6.97,24.13,24.13,19.64,17.12,19.64,198.7,334.95,308.8,,106.21,198.7,0.19,0.16,0.2,0.2,,0.2,0.16,3.38,4.69,3.65,,2.0,3.38,127.26,127.74,127.26,90.05,90.05,90.04,90.04,269.97,269.97,90.04,90.04,90.04,90.04,90.04,90.04,269.97,269.97,90.04,90.04,269.94,269.94,90.04,90.04,2.23,3.57,2.23,3.91,3.91,3.65,3.65,11.51,11.51,2.98,2.98,3.1,3.1,3.19,3.19,4.65,4.65,3.24,3.24,4.9,4.9,3.46,3.46,180.0,180.0,128.97,,106.27,128.97,0.0,0.0,0.02,,0.16,0.02,1.0,1.0,1.44,,1.92,1.44
2023-06-25T04:00:00+00:00,18.9,18.18,18.9,20.0,20.0,19.06,19.06,-52.59,-52.59,-11.98,-11.98,11.58,11.58,18.57,18.57,0.0,1.87,0.0,252.9,223.79,252.9,0.52,0.09,0.52,3.25,3.75,3.25,85.29,79.67,85.29,0.0,0.0,0.0,0.0,0.0,1018.28,1017.99,1018.28,-0.38,-0.38,10.65,10.65,0.05,0.05,3.55,3.55,0.0,0.0,320.99,336.77,352.09,,255.53,352.09,0.2,0.2,0.12,,0.09,0.12,4.34,4.79,7.1,,2.83,7.1,24.13,24.13,19.62,17.12,19.62,207.88,336.77,316.63,,65.19,207.88,0.19,0.16,0.2,0.2,,0.19,0.16,3.21,4.79,3.92,,3.53,3.21,129.31,132.88,129.31,90.07,90.07,90.06,90.06,269.97,269.97,90.05,90.05,90.05,90.05,90.05,90.05,269.96,269.96,90.05,90.05,269.94,269.94,90.05,90.05,2.13,3.45,2.13,3.28,3.28,3.14,3.14,12.09,12.09,2.64,2.64,2.74,2.74,2.8,2.8,4.59,4.59,2.85,2.85,4.59,4.59,3.01,3.01,180.0,180.0,134.66,,106.31,134.66,0.0,0.0,0.02,,0.15,0.02,1.0,1.0,1.44,,1.93,1.44
2023-06-25T05:00:00+00:00,18.81,18.08,18.81,19.71,19.71,18.8,18.8,-52.83,-52.83,-12.08,-12.08,11.55,11.55,18.33,18.33,0.0,3.73,0.0,234.76,231.13,234.76,0.7,0.1,0.7,2.6,3.58,2.6,86.39,80.63,86.39,0.0,0.0,0.0,0.0,0.0,1018.09,1017.88,1018.09,-0.36,-0.36,12.03,12.03,0.06,0.06,4.38,4.38,0.0,0.0,324.94,338.6,352.33,,255.84,352.33,0.19,0.19,0.14,,0.07,0.14,4.44,4.88,7.23,,2.76,7.23,24.14,24.14,19.61,17.12,19.61,235.72,338.6,324.45,,24.17,235.72,0.18,0.18,0.19,0.21,,0.17,0.18,2.94,4.88,4.18,,5.07,2.94,131.37,138.02,131.37,90.09,90.09,90.07,90.07,269.98,269.98,90.07,90.07,90.07,90.07,90.07,90.07,269.95,269.95,90.07,90.07,269.93,269.93,90.07,90.07,2.03,3.33,2.03,2.64,2.64,2.64,2.64,12.68,12.68,2.31,2.31,2.37,2.37,2.42,2.42,4.52,4.52,2.45,2.45,4.27,4.27,2.56,2.56,180.0,180.0,140.35,,106.35,140.35,0.0,0.0,0.02,,0.13,0.02,1.0,1.0,1.44,,1.93,1.44
2023-06-25T06:00:00+00:00,18.79,17.97,18.79,19.42,19.42,18.54,18.54,-53.06,-53.06,-12.18,-12.18,11.53,11.53,18.09,18.09,0.0,5.6,0.0,227.07,237.75,227.07,0.76,0.1,0.76,3.03,3.41,3.03,86.75,81.6,86.75,0.0,0.0,0.0,0.0,0.0,1017.66,1017.76,1017.66,-0.34,-0.34,13.4,13.4,0.08,0.08,5.21,5.21,0.0,0.0,328.37,340.42,352.58,,256.15,352.58,0.18,0.19,0.15,,0.06,0.15,4.55,4.98,7.36,,2.68,7.36,24.14,24.14,19.62,17.12,19.62,253.27,340.42,332.28,,343.15,253.27,0.18,0.18,0.19,0.21,,0.16,0.18,2.87,4.98,4.45,,6.6,2.87,133.42,143.16,133.42,90.11,90.11,90.09,90.09,269.98,269.98,90.08,90.08,90.08,90.08,90.08,90.08,269.94,269.94,90.08,90.08,269.93,269.93,90.08,90.08,1.93,3.21,1.93,2.01,2.01,2.13,2.13,13.26,13.26,1.97,1.97,2.01,2.01,2.03,2.03,4.46,4.46,2.06,2.06,3.96,3.96,2.11,2.11,180.0,180.0,146.04,,106.39,146.04,0.0,0.0,0.02,,0.12,0.02,1.0,1.0,1.44,,1.94,1.44
2023-06-25T07:00:00+00:00,18.8,18.65,18.8,19.94,19.94,19.41,19.41,-52.9,-52.9,-12.23,-12.23,11.7,11.7,19.12,19.12,0.05,5.4,0.05,224.69,243.15,224.69,0.7,0.1,0.7,3.28,3.28,3.28,86.58,78.47,86.58,0.0,0.0,0.0,0.0,0.0,1017.46,1017.46,1017.46,-0.32,-0.32,23.46,23.46,0.08,0.08,4.28,4.28,0.0,0.0,331.32,341.56,352.91,,287.66,352.91,0.18,0.19,0.15,,0.06,0.15,4.66,5.06,7.19,,4.46,7.19,24.14,24.14,19.66,17.29,19.66,257.59,341.56,334.34,,343.66,257.59,0.18,0.17,0.19,0.21,,0.15,0.17,2.94,5.06,4.57,,7.08,2.94,133.52,148.08,133.52,90.14,90.14,90.12,90.12,269.97,269.97,90.1,90.1,90.1,90.1,90.1,90.1,269.95,269.95,90.11,90.11,269.92,269.92,90.11,90.11,2.07,3.14,2.07,1.79,1.79,1.86,1.86,13.81,13.81,1.7,1.7,1.73,1.73,1.76,1.76,5.68,5.68,1.78,1.78,3.9,3.9,1.83,1.83,180.0,180.0,140.97,,109.88,140.97,0.0,0.0,0.01,,0.11,0.01,1.0,1.0,0.96,,1.89,0.96
2023-06-25T08:00:00+00:00,18.87,19.34,18.87,20.47,20.47,20.28,20.28,-52.73,-52.73,-12.28,-12.28,11.88,11.88,20.15,20.15,10.32,5.2,10.32,220.68,247.3,220.68,0.49,0.11,0.49,3.44,3.14,3.44,84.79,75.33,84.79,0.0,0.0,0.0,0.0,0.0,1017.12,1017.17,1017.12,-0.3,-0.3,33.53,33.53,0.08,0.08,3.36,3.36,0.0,0.0,333.87,342.69,353.23,,319.16,353.23,0.17,0.18,0.15,,0.06,0.15,4.79,5.15,7.02,,6.24,7.02,24.13,24.13,19.74,17.47,19.74,257.52,342.69,336.39,,344.17,257.52,0.17,0.16,0.18,0.2,,0.15,0.16,3.1,5.15,4.69,,7.56,3.1,133.61,153.0,133.61,90.17,90.17,90.15,90.15,269.97,269.97,90.13,90.13,90.13,90.13,90.13,90.13,269.95,269.95,90.13,90.13,269.91,269.91,90.15,90.15,2.21,3.06,2.21,1.56,1.56,1.59,1.59,14.37,14.37,1.43,1.43,1.46,1.46,1.48,1.48,6.89,6.89,1.51,1.51,3.83,3.83,1.56,1.56,180.0,180.0,135.91,,113.37,135.91,0.0,0.0,0.01,,0.11,0.01,1.0,1.0,0.48,,1.83,0.48
2023-06-25T09:00:00+00:00,19.07,20.02,19.07,20.99,20.99,21.15,21.15,-52.56,-52.56,-12.33,-12.33,12.05,12.05,21.18,21.18,18.52,5.0,18.52,198.67,248.38,198.67,0.2,0.1,0.2,3.26,3.01,3.26,81.59,72.2,81.59,0.0,0.0,0.0,0.0,0.0,1017.02,1016.87,1017.02,-0.29,-0.29,43.59,43.59,0.08,0.08,2.43,2.43,0.0,0.0,336.07,343.83,353.56,,350.67,353.56,0.17,0.18,0.15,,0.06,0.15,4.92,5.23,6.85,,8.02,6.85,24.13,24.13,19.87,17.65,19.87,246.22,343.83,338.45,,344.68,246.22,0.17,0.14,0.18,0.2,,0.14,0.14,3.43,5.23,4.81,,8.04,3.43,133.71,157.92,133.71,90.2,90.2,90.18,90.18,269.96,269.96,90.15,90.15,90.15,90.15,90.15,90.15,269.96,269.96,90.16,90.16,269.9,269.9,90.18,90.18,2.35,2.99,2.35,1.34,1.34,1.32,1.32,14.92,14.92,1.16,1.16,1.18,1.18,1.21,1.21,8.11,8.11,1.23,1.23,3.77,3.77,1.28,1.28,180.0,180.0,130.84,,116.86,130.84,0.0,0.0,0.0,,0.1,0.0,1.0,1.0,0.0,,1.78,0.0
2023-06-25T10:00:00+00:00,19.37,20.35,19.37,21.86,21.86,22.0,22.0,-52.72,-52.72,-12.35,-12.35,12.08,12.08,21.98,21.98,0.0,3.33,0.0,83.3,245.43,83.3,0.21,0.09,0.21,2.56,2.48,2.56,79.35,71.87,79.35,0.0,0.0,0.0,0.0,0.0,1016.8,1016.42,1016.8,-0.29,-0.29,63.0,63.0,0.08,0.08,2.47,2.47,0.0,0.0,337.95,344.52,353.46,,351.78,353.46,0.17,0.18,0.14,,0.07,0.14,5.05,5.3,6.77,,7.79,6.77,24.13,24.13,20.04,18.08,20.04,207.39,344.52,340.3,,345.18,207.39,0.17,0.13,0.18,0.19,,0.13,0.13,3.98,5.3,4.83,,7.97,3.98,121.85,198.85,121.85,150.11,150.11,150.1,150.1,269.95,269.95,150.1,150.1,150.1,150.1,150.1,150.1,269.96,269.96,150.1,150.1,269.89,269.89,150.1,150.1,1.8,2.41,1.8,1.56,1.56,1.51,1.51,14.58,14.58,1.21,1.21,1.25,1.25,1.3,1.3,8.21,8.21,1.35,1.35,4.01,4.01,1.46,1.46,180.0,180.0,115.74,,135.04,115.74,0.0,0.0,0.0,,0.08,0.0,1.0,1.0,0.15,,1.46,0.15
2023-06-25T11:00:00+00:00,19.71,20.69,19.71,22.74,22.74,22.84,22.84,-52.87,-52.87,-12.36,-12.36,12.11,12.11,22.79,22.79,0.0,1.67,0.0,58.27,240.04,58.27,0.44,0.08,0.44,2.12,1.94,2.12,78.2,71.53,78.2,0.0,0.0,0.0,0.0,0.0,1016.28,1015.96,1016.28,-0.29,-0.29,82.42,82.42,0.07,0.07,2.51,2.51,0.0,0.0,339.56,345.21,353.37,,352.9,353.37,0.16,0.18,0.14,,0.07,0.14,5.18,5.38,6.69,,7.55,6.69,24.14,24.14,20.29,18.52,20.29,161.63,345.21,342.16,,345.67,161.63,0.16,0.11,0.18,0.19,,0.13,0.11,4.59,5.38,4.86,,7.89,4.59,109.99,239.78,109.99,210.02,210.02,210.02,210.02,269.95,269.95,210.05,210.05,210.05,210.05,210.04,210.04,269.97,269.97,210.04,210.04,269.89,269.89,210.03,210.03,1.26,1.82,1.26,1.77,1.77,1.71,1.71,14.24,14.24,1.27,1.27,1.32,1.32,1.38,1.38,8.31,8.31,1.46,1.46,4.25,4.25,1.64,1.64,180.0,180.0,100.65,,153.23,100.65,0.0,0.0,0.0,,0.05,0.0,1.0,1.0,0.29,,1.15,0.29
2023-06-25T12:00:00+00:00,20.04,21.02,20.04,23.61,23.61,23.69,23.69,-53.03,-53.03,-12.38,-12.38,12.14,12.14,23.59,23.59,0.0,0.0,0.0,42.42,232.23,42.42,0.58,0.07,0.58,1.34,1.41,1.34,76.77,71.2,76.77,0.0,0.0,0.0,0.0,0.0,1016.07,1015.51,1016.07,-0.3,-0.3,101.83,101.83,0.07,0.07,2.55,2.55,0.0,0.0,340.95,345.9,353.27,,354.01,353.27,0.16,0.18,0.13,,0.08,0.13,5.3,5.45,6.61,,7.32,6.61,24.14,24.14,20.56,18.95,20.56,138.74,345.9,344.01,,346.17,138.74,0.16,0.11,0.18,0.18,,0.12,0.11,5.16,5.45,4.88,,7.82,5.16,98.13,280.71,98.13,269.93,269.93,269.94,269.94,269.94,269.94,270.0,270.0,270.0,270.0,269.99,269.99,269.97,269.97,269.98,269.98,269.88,269.88,269.95,269.95,0.71,1.24,0.71,1.99,1.99,1.9,1.9,13.9,13.9,1.32,1.32,1.39,1.39,1.47,1.47,8.41,8.41,1.58,1.58,4.49,4.49,1.82,1.82,180.0,180.0,85.55,,171.41,85.55,0.0,0.0,0.0,,0.03,0.0,1.0,1.0,0.44,,0.83,0.44
2023-06-25T13:00:00+00:00,20.29,21.54,20.29,24.01,24.01,24.05,24.05,-53.26,-53.26,-12.25,-12.25,11.74,11.74,23.94,23.94,0.0,1.63,0.0,36.96,214.64,36.96,0.64,0.04,0.64,1.99,1.51,1.99,74.61,70.4,74.61,0.0,0.0,0.0,0.0,0.0,1015.42,1015.04,1015.42,-0.31,-0.31,80.39,80.39,0.07,0.07,2.98,2.98,0.0,0.0,342.15,346.31,353.36,,352.86,353.36,0.16,0.18,0.13,,0.08,0.13,5.4,5.5,6.5,,7.4,6.5,24.14,24.14,20.8,19.71,20.8,125.53,346.31,345.19,,346.5,125.53,0.16,0.1,0.18,0.18,,0.12,0.1,5.6,5.5,4.75,,7.74,5.6,84.69,330.95,84.69,269.87,269.87,210.27,210.27,269.94,269.94,209.99,209.99,209.99,209.99,209.99,209.99,269.97,269.97,209.98,209.98,269.83,269.83,209.99,209.99,1.01,1.4,1.01,1.43,1.43,1.28,1.28,13.3,13.3,1.39,1.39,1.4,1.4,1.41,1.41,9.06,9.06,1.44,1.44,3.83,3.83,1.36,1.36,180.0,180.0,77.71,,130.15,77.71,0.0,0.0,0.01,,0.11,0.01,1.0,1.0,0.78,,1.33,0.78
2023-06-25T14:00:00+00:00,20.09,22.05,20.09,24.41,24.41,24.41,24.41,-53.49,-53.49,-12.13,-12.13,11.34,11.34,24.29,24.29,0.0,3.27,0.0,33.58,156.85,33.58,0.57,0.03,0.57,2.66,1.62,2.66,75.88,69.6,75.88,0.0,0.0,0.0,0.0,0.0,1014.69,1014.57,1014.69,-0.32,-0.32,58.95,58.95,0.06,0.06,3.4,3.4,0.0,0.0,343.14,346.73,353.46,,351.7,353.46,0.16,0.17,0.12,,0.09,0.12,5.5,5.55,6.4,,7.49,6.4,24.13,24.13,20.91,20.46,20.91,112.93,346.73,346.37,,346.84,112.93,0.16,0.1,0.17,0.18,,0.12,0.1,5.78,5.55,4.61,,7.66,5.78,71.24,21.18,71.24,269.82,269.82,150.61,150.61,269.94,269.94,149.99,149.99,149.99,149.99,149.99,149.99,269.96,269.96,149.99,149.99,269.77,269.77,150.02,150.02,1.3,1.55,1.3,0.87,0.87,0.67,0.67,12.7,12.7,1.45,1.45,1.41,1.41,1.35,1.35,9.72,9.72,1.29,1.29,3.18,3.18,0.91,0.91,180.0,180.0,69.87,,88.89,69.87,0.0,0.0,0.02,,0.2,0.02,1.0,1.0,1.12,,1.82,1.12
2023-06-25T15:00:00+00:00,19.47,22.56,19.47,24.82,24.82,24.78,24.78,-53.73,-53.73,-12.0,-12.0,10.93,10.93,24.64,24.64,1.22,4.9,1.22,18.34,133.49,18.34,0.37,0.06,0.37,2.9,1.72,2.9,80.79,68.8,80.79,0.0,0.0,0.0,0.0,0.0,1013.9,1014.1,1013.9,-0.34,-0.34,37.51,37.51,0.06,0.06,3.83,3.83,0.0,0.0,343.95,347.14,353.55,,350.55,353.55,0.16,0.17,0.12,,0.09,0.12,5.58,5.6,6.29,,7.57,6.29,24.13,24.13,20.92,21.21,20.92,86.11,347.14,347.55,,347.17,86.11,0.16,0.11,0.17,0.18,,0.12,0.11,5.07,5.6,4.48,,7.58,5.07,57.8,71.42,57.8,269.76,269.76,90.94,90.94,269.94,269.94,89.98,89.98,89.98,89.98,89.99,89.99,269.96,269.96,89.99,89.99,269.72,269.72,90.06,90.06,1.6,1.71,1.6,0.31,0.31,0.05,0.05,12.1,12.1,1.52,1.52,1.42,1.42,1.29,1.29,10.37,10.37,1.15,1.15,2.52,2.52,0.45,0.45,180.0,180.0,62.03,,47.63,62.03,0.0,0.0,0.03,,0.28,0.03,1.0,1.0,1.46,,2.32,1.46
2023-06-25T16:00:00+00:00,19.9,22.27,19.9,24.44,24.44,24.38,24.38,-54.13,-54.13,-11.96,-11.96,10.83,10.83,24.19,24.19,1.74,16.8,1.74,283.82,140.59,283.82,0.24,0.1,0.24,3.13,1.72,3.13,77.91,70.23,77.91,0.0,0.0,0.0,0.02,0.0,1013.27,1013.88,1013.27,-0.35,-0.35,31.61,31.61,0.06,0.06,3.96,3.96,0.0,0.0,344.67,347.33,353.67,,350.55,353.67,0.16,0.17,0.12,,0.09,0.12,5.65,5.63,6.19,,7.47,6.19,24.13,24.13,20.9,20.93,20.9,38.88,347.33,347.68,,347.38,38.88,0.16,0.16,0.17,0.18,,0.12,0.16,3.06,5.63,4.36,,7.48,3.06,11.69,17.48,11.69,269.84,269.84,150.62,150.62,269.95,269.95,149.99,149.99,149.99,149.99,149.99,149.99,269.96,269.96,149.99,149.99,269.79,269.79,150.04,150.04,1.22,1.7,1.22,1.13,1.13,0.91,0.91,13.43,13.43,1.61,1.61,1.56,1.56,1.51,1.51,10.86,10.86,1.44,1.44,4.04,4.04,1.11,1.11,180.0,180.0,119.42,,357.22,119.42,0.0,0.0,0.02,,0.22,0.02,1.0,1.0,1.31,,2.1,1.31
2023-06-25T17:00:00+00:00,20.41,21.98,20.41,24.07,24.07,23.98,23.98,-54.54,-54.54,-11.91,-11.91,10.73,10.73,23.74,23.74,19.15,28.7,19.15,236.0,156.58,236.0,0.53,0.14,0.53,1.89,1.72,1.89,73.79,71.67,73.79,0.0,0.0,0.0,0.03,0.0,1013.05,1013.65,1013.05,-0.36,-0.36,25.72,25.72,0.06,0.06,4.09,4.09,0.0,0.0,345.26,347.53,353.8,,350.56,353.8,0.16,0.16,0.12,,0.1,0.12,5.7,5.66,6.08,,7.37,6.08,24.14,24.14,20.95,20.66,20.95,21.88,347.53,347.81,,347.59,21.88,0.16,0.22,0.16,0.17,,0.12,0.22,2.5,5.66,4.25,,7.38,2.5,325.57,323.55,325.57,269.91,269.91,210.31,210.31,269.95,269.95,209.99,209.99,209.99,209.99,210.0,210.0,269.96,269.96,210.0,210.0,269.86,269.86,210.01,210.01,0.84,1.68,0.84,1.96,1.96,1.78,1.78,14.76,14.76,1.7,1.7,1.71,1.71,1.72,1.72,11.35,11.35,1.74,1.74,5.57,5.57,1.76,1.76,180.0,180.0,176.82,,306.81,176.82,0.0,0.0,0.02,,0.15,0.02,1.0,1.0,1.16,,1.87,1.16
2023-06-25T18:00:00+00:00,20.06,21.69,20.06,23.7,23.7,23.58,23.58,-54.94,-54.94,-11.87,-11.87,10.63,10.63,23.3,23.3,19.19,40.6,19.19,225.23,175.32,225.23,0.68,0.17,0.68,1.52,1.72,1.52,75.14,73.1,75.14,0.0,0.0,0.0,0.05,0.0,1012.74,1013.43,1012.74,-0.36,-0.36,19.82,19.82,0.06,0.06,4.22,4.22,0.0,0.0,345.72,347.72,353.92,,350.56,353.92,0.15,0.16,0.12,,0.1,0.12,5.73,5.69,5.98,,7.27,5.98,24.14,24.14,21.0,20.38,21.0,28.96,347.72,347.94,,347.8,28.96,0.16,0.18,0.16,0.17,,0.12,0.18,3.04,5.69,4.13,,7.28,3.04,279.46,269.61,279.46,269.99,269.99,269.99,269.99,269.96,269.96,270.0,270.0,270.0,270.0,270.0,270.0,269.96,269.96,270.0,270.0,269.93,269.93,269.99,269.99,0.46,1.67,0.46,2.78,2.78,2.64,2.64,16.09,16.09,1.79,1.79,1.85,1.85,1.94,1.94,11.84,11.84,2.03,2.03,7.09,7.09,2.42,2.42,180.0,180.0,234.21,,256.4,234.21,0.0,0.0,0.01,,0.09,0.01,1.0,1.0,1.01,,1.65,1.01
2023-06-25T19:00:00+00:00,19.4,20.9,19.4,22.92,22.92,22.6,22.6,-55.28,-55.28,-11.77,-11.77,10.59,10.59,22.28,22.28,23.08,34.4,23.08,224.54,196.39,224.54,0.73,0.2,0.73,1.67,5.08,1.67,80.1,76.53,80.1,0.0,0.0,0.0,0.16,0.0,1012.45,1013.69,1012.45,-0.35,-0.35,17.6,17.6,0.05,0.05,3.49,3.49,0.0,0.0,346.15,347.3,353.87,,350.56,353.87,0.16,0.16,0.12,,0.1,0.12,5.77,5.68,5.92,,7.18,5.92,24.14,24.14,20.96,19.56,20.96,42.55,347.09,319.55,,315.07,42.55,0.15,0.14,0.16,0.22,,0.17,0.14,3.73,5.64,3.36,,5.63,3.73,260.52,259.89,260.52,269.99,269.99,269.99,269.99,269.96,269.96,269.99,269.99,269.99,269.99,269.99,269.99,269.96,269.96,269.99,269.99,269.93,269.93,269.98,269.98,1.3,3.52,1.3,5.76,5.76,5.42,5.42,17.36,17.36,3.5,3.5,3.76,3.76,4.0,4.0,12.82,12.82,4.22,4.22,8.04,8.04,4.96,4.96,180.0,195.08,235.8,,251.59,235.8,0.0,0.01,0.1,,0.14,0.1,1.0,1.11,1.26,,1.78,1.26
2023-06-25T20:00:00+00:00,19.01,20.11,19.01,22.14,22.14,21.63,21.63,-55.61,-55.61,-11.67,-11.67,10.56,10.56,21.26,21.26,64.09,28.2,64.09,223.0,215.98,223.0,0.64,0.24,0.64,3.44,8.44,3.44,83.94,79.97,83.94,0.0,0.0,0.0,0.26,0.0,1012.16,1013.95,1012.16,-0.32,-0.32,15.38,15.38,0.04,0.04,2.77,2.77,0.0,0.0,346.58,346.89,353.82,,350.56,353.82,0.16,0.15,0.11,,0.1,0.11,5.79,5.66,5.86,,7.1,5.86,24.14,24.14,20.81,18.75,20.81,43.01,346.47,291.15,,282.35,43.01,0.15,0.13,0.16,0.27,,0.22,0.13,4.24,5.58,2.59,,3.99,4.24,241.57,250.16,241.57,269.98,269.98,269.98,269.98,269.96,269.96,269.98,269.98,269.98,269.98,269.98,269.98,269.95,269.95,269.98,269.98,269.94,269.94,269.98,269.98,2.15,5.36,2.15,8.75,8.75,8.2,8.2,18.63,18.63,5.22,5.22,5.67,5.67,6.05,6.05,13.81,13.81,6.4,6.4,9.0,9.0,7.49,7.49,180.0,210.16,237.4,,246.79,237.4,0.0,0.02,0.19,,0.2,0.19,1.0,1.23,1.52,,1.91,1.52
2023-06-25T21:00:00+00:00,18.75,19.32,18.75,21.35,21.35,20.66,20.66,-55.94,-55.94,-11.58,-11.58,10.52,10.52,20.24,20.24,53.61,22.0,53.61,221.69,230.56,221.69,0.48,0.27,0.48,6.58,11.8,6.58,89.79,83.4,89.79,0.0,0.0,0.0,0.36,0.0,1012.41,1014.21,1012.41,-0.3,-0.3,13.16,13.16,0.03,0.03,2.04,2.04,0.0,0.0,346.88,346.47,353.77,,350.56,353.77,0.16,0.15,0.11,,0.1,0.11,5.8,5.65,5.8,,7.01,5.8,24.14,24.14,20.51,17.94,20.51,239.62,345.84,262.76,,249.62,239.62,0.15,0.17,0.16,0.32,,0.27,0.17,3.0,5.53,1.82,,2.34,3.0,222.63,240.44,222.63,269.98,269.98,269.98,269.98,269.96,269.96,269.97,269.97,269.97,269.97,269.97,269.97,269.95,269.95,269.97,269.97,269.94,269.94,269.97,269.97,2.99,7.21,2.99,11.73,11.73,10.98,10.98,19.9,19.9,6.93,6.93,7.58,7.58,8.11,8.11,14.79,14.79,8.59,8.59,9.95,9.95,10.03,10.03,180.0,225.24,238.99,,241.98,238.99,0.0,0.03,0.28,,0.25,0.28,1.0,1.34,1.77,,2.04,1.77
2023-06-25T22:00:00+00:00,19.78,18.79,19.78,20.08,20.08,19.6,19.6,-55.41,-55.41,-11.8,-11.8,10.54,10.54,19.31,19.31,73.99,36.3,73.99,224.49,239.38,224.49,0.42,0.26,0.42,9.73,12.52,9.73,77.29,86.23,77.29,0.0,0.0,0.0,0.24,0.0,1012.72,1014.07,1012.72,-0.28,-0.28,12.79,12.79,0.05,0.05,2.87,2.87,0.0,0.0,350.45,333.68,354.05,,351.39,354.05,0.15,0.15,0.11,,0.1,0.11,6.04,5.43,5.72,,6.95,5.72,24.14,24.14,20.21,17.69,20.21,221.09,312.35,257.19,,249.18,221.09,0.16,0.39,0.45,0.5,,0.54,0.39,2.27,4.92,2.27,,3.1,2.27,230.04,244.61,230.04,269.98,269.98,269.98,269.98,269.96,269.96,269.97,269.97,269.97,269.97,269.97,269.97,269.95,269.95,269.98,269.98,269.94,269.94,269.98,269.98,5.27,7.99,5.27,12.03,12.03,11.37,11.37,22.2,22.2,7.83,7.83,8.45,8.45,8.92,8.92,16.36,16.36,9.34,9.34,10.62,10.62,10.56,10.56,243.02,231.85,241.01,,244.1,241.01,0.06,0.36,0.47,,0.52,0.47,1.78,2.12,2.3,,2.9,2.3
2023-06-25T23:00:00+00:00,18.69,18.26,18.69,18.82,18.82,18.54,18.54,-54.88,-54.88,-12.02,-12.02,10.56,10.56,18.39,18.39,100.0,50.6,100.0,227.29,245.03,227.29,0.36,0.24,0.36,12.3,13.24,12.3,83.1,89.07,83.1,0.0,0.0,0.14,0.12,0.14,1012.86,1013.93,1012.86,-0.26,-0.26,12.41,12.41,0.06,0.06,3.69,3.69,0.0,0.0,355.01,320.9,354.33,,352.22,354.33,0.14,0.15,0.11,,0.11,0.11,6.14,5.2,5.65,,6.88,5.65,24.14,24.14,19.98,17.45,19.98,216.29,278.85,251.63,,248.75,216.29,0.29,0.68,0.75,0.67,,0.8,0.68,2.71,4.31,2.71,,3.87,2.71,237.46,248.77,237.46,269.99,269.99,269.99,269.99,269.96,269.96,269.98,269.98,269.98,269.98,269.98,269.98,269.95,269.95,269.98,269.98,269.94,269.94,269.98,269.98,7.55,8.76,7.55,12.33,12.33,11.77,11.77,24.5,24.5,8.73,8.73,9.33,9.33,9.74,9.74,17.92,17.92,10.1,10.1,11.3,11.3,11.08,11.08,241.68,238.45,243.04,,246.23,243.04,0.26,0.7,0.65,,0.79,0.65,1.81,2.89,2.84,,3.77,2.84
